"scenario","repetition","configuration","parameter","mean","sd","q025","q50","q975"
"constant_weights",1,"legere","alpha[1]",0.0831725854391829,1.23244621978011,-2.65635819460737,0.189680373707425,2.12925030703011
"constant_weights",1,"legere","alpha[2]",1.96158849881301,0.475492150301051,1.12468107393371,1.93683569460557,2.99762620976236
"constant_weights",1,"legere","alpha[3]",1.15446086210735,0.906236988588662,-1.0142339967132,1.27254571288298,2.68873308030157
"constant_weights",1,"legere","alpha[4]",-1.21330433995243,1.12531049552716,-3.56887796491131,-1.15130352141424,0.790583095089243
"constant_weights",1,"legere","beta[1,1]",-0.0253220647743874,0.470167917884623,-1.08184117034769,-0.00551383489947862,0.922242694235865
"constant_weights",1,"legere","beta[2,1]",0.0788605247041553,0.27891014593449,-0.450041828054789,0.0331223202280031,0.759578818610696
"constant_weights",1,"legere","beta[3,1]",0.129251868552248,0.413888061104602,-0.556378277150862,0.0377746583328855,1.193146902307
"constant_weights",1,"legere","beta[4,1]",-0.00611791440961135,0.427993305137316,-0.960661402349531,-0.00465379738383222,0.956167285931944
"constant_weights",1,"legere","beta[1,2]",0.0381743258683524,0.387380573430136,-0.733276208486924,0.00868764547827028,0.941449998624582
"constant_weights",1,"legere","beta[2,2]",0.165589561480937,0.270860323047145,-0.286304878104219,0.112379869755001,0.804775310285407
"constant_weights",1,"legere","beta[3,2]",-0.137025955405773,0.323604380889427,-0.93116492163533,-0.0668146712376414,0.429256208793602
"constant_weights",1,"legere","beta[4,2]",-0.0731148518246356,0.373690233956616,-0.945766785413541,-0.0221619218070484,0.676549281639651
"constant_weights",1,"legere","beta[1,3]",0.327780045317996,0.583928806081995,-0.461100216572141,0.147119379531295,1.82737827086006
"constant_weights",1,"legere","beta[2,3]",-0.0221497746556696,0.288535406330173,-0.598807306312926,-0.0190818581708419,0.617522840399567
"constant_weights",1,"legere","beta[3,3]",0.0333670582448341,0.455128706869361,-0.936406293946854,0.0187144069600191,1.00516816654811
"constant_weights",1,"legere","beta[4,3]",-0.0452743499093135,0.454005910022164,-1.11157695311929,-0.0161663326090922,0.933503028066205
"constant_weights",1,"legere","beta[1,4]",0.125952602408629,0.392241920348581,-0.492051978551946,0.0391948073461077,1.16597741043835
"constant_weights",1,"legere","beta[2,4]",-0.0857891559586978,0.242516595070755,-0.666586763752129,-0.0434127798723907,0.340707961393365
"constant_weights",1,"legere","beta[3,4]",-0.0104385958850719,0.26796524940882,-0.605467694645775,3.55249668560432e-05,0.52384471924835
"constant_weights",1,"legere","beta[4,4]",-0.0382228888119361,0.293681480680843,-0.737470064236523,-0.0106701961909016,0.542060253290841
"constant_weights",1,"legere","tau[1]",0.389109789949614,0.356773464535119,0.0136913517472416,0.277682540351349,1.36386199904186
"constant_weights",1,"legere","tau[2]",0.335377047428249,0.244049164148913,0.00981293861571235,0.290202217499737,0.891480254208253
"constant_weights",1,"legere","tau[3]",0.458876809747687,0.400935616757511,0.0185783537552163,0.344566375515259,1.51050992990216
"constant_weights",1,"legere","tau[4]",0.278100475597304,0.227553440884781,0.0124905634544798,0.228044150511732,0.878546326218711
"constant_weights",2,"legere","alpha[1]",-0.112595144330875,1.17255521240642,-2.89385795867209,-0.0349717448173206,1.83545233305292
"constant_weights",2,"legere","alpha[2]",1.86680017996915,0.468511762644945,1.05536184684362,1.83159976988393,2.85235494997418
"constant_weights",2,"legere","alpha[3]",0.405966057793786,1.01821045494932,-1.97014608703849,0.544668781377798,2.03917699223516
"constant_weights",2,"legere","alpha[4]",-0.918307253904662,1.09184622736443,-3.2809289764571,-0.839411500754999,1.00735544598472
"constant_weights",2,"legere","beta[1,1]",0.00544759476351778,0.501461796898431,-1.08729960875694,-0.000241568332202704,1.16213297943385
"constant_weights",2,"legere","beta[2,1]",-0.0215856578167723,0.265495623686496,-0.575634994178127,-0.00752227930526887,0.522633020397932
"constant_weights",2,"legere","beta[3,1]",0.075704274921701,0.46987348227292,-0.780396502116403,0.0123172552196714,1.18631007439431
"constant_weights",2,"legere","beta[4,1]",0.0086468256076975,0.405243720692855,-0.951216667119905,0.00246574263337342,0.896487021195473
"constant_weights",2,"legere","beta[1,2]",0.0346202394830705,0.391441944852627,-0.774826444982408,0.0130909976878554,0.882028660581127
"constant_weights",2,"legere","beta[2,2]",-0.174665623367078,0.268079764104363,-0.80211735751419,-0.135813170030781,0.287004950783407
"constant_weights",2,"legere","beta[3,2]",0.163870409493697,0.409914191906356,-0.510745949497402,0.0897378302213669,1.17401912989695
"constant_weights",2,"legere","beta[4,2]",-0.0406249509362835,0.416193349406073,-1.02310144694913,-0.00846597887439079,0.723796763055697
"constant_weights",2,"legere","beta[1,3]",-0.0487897632147126,0.402403028186482,-0.983980223668361,-0.0164174774610058,0.782799470973279
"constant_weights",2,"legere","beta[2,3]",0.0820834419117822,0.245752468296476,-0.371211948314048,0.0395977744230204,0.662529201037755
"constant_weights",2,"legere","beta[3,3]",0.0740483718938368,0.361225895758215,-0.612561592229618,0.0217520550030405,0.936278342241113
"constant_weights",2,"legere","beta[4,3]",0.0260684702865658,0.383592451674601,-0.750808278633622,0.00276695560146465,0.940535413982869
"constant_weights",2,"legere","beta[1,4]",-0.00576191852197153,0.302908244345485,-0.631263542996236,-0.00448377486888703,0.660943594407046
"constant_weights",2,"legere","beta[2,4]",0.0703161203975642,0.219801794566449,-0.338040721763599,0.0380796057694972,0.597130634580616
"constant_weights",2,"legere","beta[3,4]",-0.0381296259016575,0.276904536606838,-0.643808225257038,-0.0151116770598424,0.51985395835713
"constant_weights",2,"legere","beta[4,4]",-0.0158527442208214,0.299975217705624,-0.656297797318637,-0.00428889871081104,0.655184245577558
"constant_weights",2,"legere","tau[1]",0.383876246243486,0.365552242819889,0.00803392346977117,0.271897843126013,1.38289443050616
"constant_weights",2,"legere","tau[2]",0.356854596661481,0.251426927529268,0.0213351860028424,0.305218399440371,0.952848712445544
"constant_weights",2,"legere","tau[3]",0.36171135710116,0.32946559171999,0.0156541778027222,0.272714508841426,1.21184512403558
"constant_weights",2,"legere","tau[4]",0.258576614545438,0.210812160562085,0.013909951524757,0.207108710548262,0.787574378258771
"constant_weights",3,"legere","alpha[1]",-0.0259460424071995,1.18593880916358,-2.51450296408397,0.0892251178534639,2.02671614025448
"constant_weights",3,"legere","alpha[2]",2.23892105989356,0.493909843455492,1.38321031756353,2.20428363066597,3.24260254766254
"constant_weights",3,"legere","alpha[3]",1.13751162154894,0.888006284053311,-1.05865609778208,1.21413885851163,2.63920272804499
"constant_weights",3,"legere","alpha[4]",-0.756801346393476,1.16086449325882,-3.22908331558718,-0.663633346518232,1.32873614702032
"constant_weights",3,"legere","beta[1,1]",-0.0539452844405363,0.524609357269182,-1.23889492870244,-0.0127714647603694,1.06634196772789
"constant_weights",3,"legere","beta[2,1]",0.104807097381958,0.312176288675175,-0.408961313037844,0.0422318875281413,0.919385965999419
"constant_weights",3,"legere","beta[3,1]",0.132694612231939,0.511318463874588,-0.712475096866208,0.0297491152954108,1.45918046306475
"constant_weights",3,"legere","beta[4,1]",0.105059901570254,0.479274346446429,-0.70436112147734,0.0221896262037837,1.32749194100127
"constant_weights",3,"legere","beta[1,2]",0.0308017302771619,0.368531119581561,-0.755744405465911,0.00517474775679449,0.874994632908127
"constant_weights",3,"legere","beta[2,2]",-0.122464683225922,0.265769963039352,-0.798774240658266,-0.0706160457338437,0.312041720264655
"constant_weights",3,"legere","beta[3,2]",0.13516729481872,0.352911429501237,-0.467406458223441,0.0635265346416469,0.991432432281463
"constant_weights",3,"legere","beta[4,2]",-0.0176568486443539,0.3696954974259,-0.852181821936153,0.00135207239613778,0.681841931518937
"constant_weights",3,"legere","beta[1,3]",0.034987289923027,0.45880193594851,-0.880717939388705,0.0116935551119127,1.19021313161227
"constant_weights",3,"legere","beta[2,3]",-0.0106096139577257,0.255842064226054,-0.5785286132298,-0.000907815657309098,0.531244984013524
"constant_weights",3,"legere","beta[3,3]",-0.0127620898404107,0.361091870170796,-0.795338136470194,-0.00441575661112653,0.744943339369676
"constant_weights",3,"legere","beta[4,3]",-0.0172499065347775,0.394750540687335,-0.855875300852934,-0.00569802126059373,0.887185798998252
"constant_weights",3,"legere","beta[1,4]",-0.0161197707013699,0.343466545637079,-0.783557004179714,-0.00615498433313377,0.737868342067831
"constant_weights",3,"legere","beta[2,4]",0.110406818406518,0.223280122635555,-0.278426312623669,0.0634087047588225,0.660798817138812
"constant_weights",3,"legere","beta[3,4]",-0.0470872337048406,0.26939178310606,-0.614643218194109,-0.021653669845214,0.515543509723331
"constant_weights",3,"legere","beta[4,4]",-0.0121902147848142,0.311718618005932,-0.712024090253303,-0.00281956750389282,0.691817780115601
"constant_weights",3,"legere","tau[1]",0.425311514316741,0.399812149794758,0.0124708785277639,0.301232565165675,1.54966526915594
"constant_weights",3,"legere","tau[2]",0.314422054995551,0.240522400977568,0.00972159241530014,0.263170317858274,0.92729184720913
"constant_weights",3,"legere","tau[3]",0.372133361816511,0.348733783642456,0.0129936111997834,0.266954118487127,1.28927202731257
"constant_weights",3,"legere","tau[4]",0.283922885540602,0.227490702218983,0.0128813523127806,0.224191413190279,0.830860811775623
"constant_weights",4,"legere","alpha[1]",-0.801896406716396,1.16587641362599,-3.19410013183405,-0.772566804187895,1.31763095844467
"constant_weights",4,"legere","alpha[2]",1.81661111955867,0.461116200000118,1.01169454028822,1.7847808769116,2.83556102420485
"constant_weights",4,"legere","alpha[3]",0.543409965881481,0.949382942429652,-1.57670990099533,0.643288040979827,2.05674263980612
"constant_weights",4,"legere","alpha[4]",-0.572876985149957,1.02415286653705,-2.80254183400356,-0.491194734671046,1.2056284877052
"constant_weights",4,"legere","beta[1,1]",-0.0148797019514053,0.486915276796945,-1.00370176642596,-0.0083522540814718,1.06702635913157
"constant_weights",4,"legere","beta[2,1]",0.228685150686312,0.293497575859625,-0.249248367419487,0.194995185243177,0.882079209181638
"constant_weights",4,"legere","beta[3,1]",-0.140153847289942,0.455052964939133,-1.23673967180414,-0.0687589098443878,0.71833231397285
"constant_weights",4,"legere","beta[4,1]",-0.164664406856689,0.459468132478772,-1.308482924252,-0.0870719246442169,0.677879374814537
"constant_weights",4,"legere","beta[1,2]",-0.0914488740464857,0.389164210845885,-1.13124204626689,-0.0198821710220631,0.55805611760348
"constant_weights",4,"legere","beta[2,2]",-0.0384914147656769,0.231385739805752,-0.586889473051888,-0.014312788134943,0.417322834159368
"constant_weights",4,"legere","beta[3,2]",0.0183264615282209,0.327648790472577,-0.694298059334637,0.0033611470523857,0.768774403424343
"constant_weights",4,"legere","beta[4,2]",-0.068705253468951,0.443228100175095,-1.25238554657922,-0.0103398185014031,0.754079043120257
"constant_weights",4,"legere","beta[1,3]",-0.0711424292747991,0.427604171093833,-1.11248625672043,-0.0177880525700776,0.746375037036982
"constant_weights",4,"legere","beta[2,3]",-0.0396488200775186,0.243078278492486,-0.584382913479988,-0.0159176765633426,0.443872977413518
"constant_weights",4,"legere","beta[3,3]",0.0850496392418579,0.383812975935771,-0.640395163541852,0.0302810975908541,0.977722173404513
"constant_weights",4,"legere","beta[4,3]",-0.0631595426047852,0.417713929291351,-1.18839583863474,-0.0111182391040863,0.720347709195308
"constant_weights",4,"legere","beta[1,4]",0.0410261343698119,0.30036178054869,-0.55063957791182,0.00927975377472925,0.758040691825676
"constant_weights",4,"legere","beta[2,4]",-0.0546022993237972,0.209769654779094,-0.543576404579421,-0.0183329640416074,0.332599790925806
"constant_weights",4,"legere","beta[3,4]",0.0542837858497309,0.287344612974983,-0.486441691296445,0.0160944625374981,0.741198868195419
"constant_weights",4,"legere","beta[4,4]",0.0137352095248996,0.304231250797051,-0.609715318418355,0.00299882760751467,0.757224514845719
"constant_weights",4,"legere","tau[1]",0.473564527069799,0.361703837166454,0.016534375956509,0.395978177384547,1.3553076588577
"constant_weights",4,"legere","tau[2]",0.292624458423237,0.250748727144566,0.0098515940460033,0.220812387741255,0.920909959108719
"constant_weights",4,"legere","tau[3]",0.368833915908711,0.331656163817493,0.0148378308369593,0.273480283016051,1.29166825314875
"constant_weights",4,"legere","tau[4]",0.266191879472032,0.226809345675662,0.00840200186100479,0.203683920565874,0.843171631360155
"constant_weights",5,"legere","alpha[1]",-0.646186552131774,1.19446848975218,-3.29102675218603,-0.524461235744725,1.46055201065764
"constant_weights",5,"legere","alpha[2]",2.16471114701903,0.494567767134751,1.29680991151871,2.13923241476133,3.23191155629718
"constant_weights",5,"legere","alpha[3]",1.59634334964544,0.773433720542316,-0.0170136987667369,1.64397390256607,2.95428871181401
"constant_weights",5,"legere","alpha[4]",-0.91354647262106,1.19046540674231,-3.45337366606353,-0.849944805073102,1.14915478811994
"constant_weights",5,"legere","beta[1,1]",-0.070662527621316,0.473806901621294,-1.21799692091326,-0.0147172256835299,0.837811341312443
"constant_weights",5,"legere","beta[2,1]",0.131575952979534,0.293297041377809,-0.384130301798196,0.0732248510894077,0.864365366551464
"constant_weights",5,"legere","beta[3,1]",0.020731487810652,0.411678241608792,-0.764262997130745,0.0034978523356269,0.914819322034042
"constant_weights",5,"legere","beta[4,1]",-0.00331942712377378,0.440178552623112,-1.01047648980976,-0.00148070497791238,0.879435704209794
"constant_weights",5,"legere","beta[1,2]",-0.153640725022726,0.556511314616333,-1.59685942354391,-0.053488585894326,0.818059778980443
"constant_weights",5,"legere","beta[2,2]",-0.12824121649641,0.330033889491451,-0.901614206342789,-0.0810388030297673,0.5347462389333
"constant_weights",5,"legere","beta[3,2]",0.483139487485384,0.532955192926778,-0.212865758761047,0.351474336946037,1.74434130199845
"constant_weights",5,"legere","beta[4,2]",-0.163684239975887,0.567260616078326,-1.5540286683394,-0.0500947226976198,0.795186157621722
"constant_weights",5,"legere","beta[1,3]",0.131285869499413,0.537958298636253,-0.795414174428548,0.0234493351819453,1.44517222231905
"constant_weights",5,"legere","beta[2,3]",0.00195255302739313,0.270747788842916,-0.610157764572495,0.00219241209235238,0.581817301281374
"constant_weights",5,"legere","beta[3,3]",-0.108744025403593,0.434161951313889,-1.21316668188033,-0.024523098982804,0.663024197969108
"constant_weights",5,"legere","beta[4,3]",-0.0679219460985181,0.516605703718563,-1.27685017862821,-0.01369483947953,0.896251263315538
"constant_weights",5,"legere","beta[1,4]",0.140827631384186,0.462608337546848,-0.611163407930979,0.0383273053494689,1.38769744437389
"constant_weights",5,"legere","beta[2,4]",0.120743528016673,0.262525890232524,-0.378642732209831,0.0809768524867579,0.706416460112603
"constant_weights",5,"legere","beta[3,4]",-0.144181894617364,0.377092921829118,-1.04438918800823,-0.0763303112139092,0.538070772893999
"constant_weights",5,"legere","beta[4,4]",-0.109616682346249,0.387047583038283,-1.01075080752153,-0.0458357205828369,0.650045050230958
"constant_weights",5,"legere","tau[1]",0.403662607425033,0.3687904435523,0.0165374990334183,0.300361834580464,1.3635507352196
"constant_weights",5,"legere","tau[2]",0.47638984825225,0.315482979278784,0.0227119791428733,0.424292646492053,1.17989338478486
"constant_weights",5,"legere","tau[3]",0.410213977609638,0.386164784770867,0.0101583980812715,0.283525394196933,1.48102948810951
"constant_weights",5,"legere","tau[4]",0.348119341158075,0.255044513851312,0.0180059133312333,0.300672174568292,0.960407631877915
"constant_weights",6,"complete","alpha[1]",-0.655403485081097,1.19225734555336,-3.21298914298886,-0.573235351074796,1.43448847700009
"constant_weights",6,"complete","alpha[2]",2.26992530801375,0.510535799458995,1.37844412192743,2.2362091728535,3.34682470280649
"constant_weights",6,"complete","alpha[3]",1.64027694115339,0.790499924043041,-0.0709551952206395,1.68078188776492,3.04704339046034
"constant_weights",6,"complete","alpha[4]",-0.644487714732451,1.22728684927394,-3.25629013322683,-0.57080099622391,1.57561744468787
"constant_weights",6,"complete","beta[1,1]",-0.0395250806308508,0.438895623796678,-1.06476008197251,-0.00979899468288169,0.872280608432692
"constant_weights",6,"complete","beta[2,1]",0.130215353889478,0.294881720516589,-0.31682923776178,0.0591571813197038,0.881833271970382
"constant_weights",6,"complete","beta[3,1]",0.0537387570754678,0.404969044897648,-0.744393168687565,0.014618929501228,0.9733758774814
"constant_weights",6,"complete","beta[4,1]",0.124738192444833,0.473339848284815,-0.645187976438664,0.0235769106346358,1.40446227615221
"constant_weights",6,"complete","beta[1,2]",-0.0449904839007908,0.349221435495366,-0.855468122597246,-0.00985826516167717,0.635226313327836
"constant_weights",6,"complete","beta[2,2]",0.0566614050715674,0.251398499811888,-0.414371744828778,0.021151051736581,0.654122145617075
"constant_weights",6,"complete","beta[3,2]",0.122100837862979,0.309316481627658,-0.390340954983713,0.0532956480431994,0.905304648856151
"constant_weights",6,"complete","beta[4,2]",-0.0850086932082382,0.341772102174553,-0.943876711476669,-0.0302839277121596,0.541662594341156
"constant_weights",6,"complete","beta[1,3]",0.239692090625461,0.635326538960991,-0.808868064784142,0.0765650341968446,1.80719305672763
"constant_weights",6,"complete","beta[2,3]",-0.19757880141114,0.369264482916093,-1.10260204564503,-0.107243073070315,0.38363145947007
"constant_weights",6,"complete","beta[3,3]",-0.305105867092628,0.575123747726334,-1.81728320093393,-0.12001431255521,0.49656540153635
"constant_weights",6,"complete","beta[4,3]",-0.0772518979830167,0.634499628653029,-1.76574035413948,-0.00614216491091653,1.14268487328054
"constant_weights",6,"complete","beta[1,4]",0.0248755208310274,0.317986874171653,-0.636575148155085,0.00292625802039097,0.753026089399105
"constant_weights",6,"complete","beta[2,4]",-0.0173259964368121,0.219096609193534,-0.525873241972723,-0.00458410894703081,0.430289742601334
"constant_weights",6,"complete","beta[3,4]",0.0222355865284338,0.285972516535712,-0.52908955558293,0.00302867129058332,0.698004847184304
"constant_weights",6,"complete","beta[4,4]",-0.0782677525532545,0.338735695500085,-0.949021077082978,-0.0183896172965497,0.527726025785107
"constant_weights",6,"complete","tau[1]",0.391994599084127,0.366951679594536,0.0126923404939539,0.279587851137682,1.37225878793023
"constant_weights",6,"complete","tau[2]",0.296395564645296,0.236573453148455,0.0126069604750723,0.237785029659716,0.880675296988319
"constant_weights",6,"complete","tau[3]",0.545753830185935,0.464753194582137,0.0163808637398873,0.420145075426038,1.71025901719532
"constant_weights",6,"complete","tau[4]",0.265046444066142,0.224850695190758,0.0101211686732,0.206526256055965,0.840578122662496
"constant_weights",7,"legere","alpha[1]",-0.0857347926970951,1.29461680613862,-2.94489368136128,0.0210719819796027,2.09367284771203
"constant_weights",7,"legere","alpha[2]",2.04708432996077,0.49230200878368,1.15779328431502,2.02652516710408,3.10600376932349
"constant_weights",7,"legere","alpha[3]",1.39887809103936,0.854113891221927,-0.476380222732915,1.47057760465566,2.83212303486782
"constant_weights",7,"legere","alpha[4]",0.156010123003354,0.931243404732406,-1.93175492571632,0.219349644685894,1.82618265075526
"constant_weights",7,"legere","beta[1,1]",-0.0115115162584533,0.418447813485529,-0.983621765153562,-0.0035728155449345,0.887521157199231
"constant_weights",7,"legere","beta[2,1]",0.0628537090761719,0.265046481822489,-0.412093565062563,0.0192472757242665,0.735471279691916
"constant_weights",7,"legere","beta[3,1]",0.106838147774024,0.36564320742614,-0.498038677972974,0.0294096714363655,1.05505793169718
"constant_weights",7,"legere","beta[4,1]",0.102448314607463,0.392561505684875,-0.514609467071043,0.0224978780166935,1.11529611359355
"constant_weights",7,"legere","beta[1,2]",-0.0675309947415965,0.348584166712006,-0.880290086516456,-0.0251522030897552,0.586592927172598
"constant_weights",7,"legere","beta[2,2]",0.0679528146399253,0.246011982194835,-0.409971298029312,0.0335406570457132,0.629674144186239
"constant_weights",7,"legere","beta[3,2]",-0.0598492157698108,0.287670282413943,-0.717988581353547,-0.0242916205944742,0.489534484803392
"constant_weights",7,"legere","beta[4,2]",0.202952675593768,0.402007642040814,-0.339000652408797,0.0795691276483724,1.2948755781665
"constant_weights",7,"legere","beta[1,3]",0.0569326779564537,0.382564441240552,-0.651599946034432,0.00363421999864254,0.964479308878636
"constant_weights",7,"legere","beta[2,3]",0.0366255479494924,0.243397820670161,-0.369040505400806,0.00346443700781227,0.63911477613006
"constant_weights",7,"legere","beta[3,3]",0.0721206200031644,0.327303808985112,-0.550764528835202,0.0184140468255377,0.854985652056648
"constant_weights",7,"legere","beta[4,3]",0.0436736831821924,0.326093742961169,-0.623273021441053,0.0099914624491776,0.840505638855456
"constant_weights",7,"legere","beta[1,4]",0.0432958692260483,0.297628612393523,-0.52306674869524,0.0116226527481465,0.715886341106073
"constant_weights",7,"legere","beta[2,4]",-0.131659752221718,0.227248154046129,-0.672955577128939,-0.0755023827711936,0.22131357749238
"constant_weights",7,"legere","beta[3,4]",-0.00267064574210493,0.262081219883466,-0.60080984096973,0.00255049414475706,0.578778525975984
"constant_weights",7,"legere","beta[4,4]",0.0414988336679934,0.265757089698633,-0.514615428759469,0.0169912990044941,0.648893321334501
"constant_weights",7,"legere","tau[1]",0.345939348762764,0.336993835012115,0.0114524896176735,0.236179325826183,1.26716944932276
"constant_weights",7,"legere","tau[2]",0.30427666596887,0.24494645661625,0.0121714549379234,0.245668554629263,0.940314002120638
"constant_weights",7,"legere","tau[3]",0.316644321281573,0.31886473484965,0.010544791864285,0.217620052726901,1.17513990483816
"constant_weights",7,"legere","tau[4]",0.257592994148363,0.215153369129345,0.00972735683185458,0.200386236168983,0.802882507738717
"constant_weights",8,"legere","alpha[1]",-1.01434772838869,1.18962764702298,-3.38923661306837,-0.930321931725932,1.22556716132982
"constant_weights",8,"legere","alpha[2]",2.04644210675285,0.54407470567451,1.11045442889951,1.9980414293286,3.21659887598603
"constant_weights",8,"legere","alpha[3]",0.822755334569845,1.10663304274268,-1.89857855163325,0.966292732578034,2.62779971372326
"constant_weights",8,"legere","alpha[4]",-0.401526518192994,1.19418511300651,-2.93661529407841,-0.273703927885256,1.69858787367713
"constant_weights",8,"legere","beta[1,1]",-0.219450962873412,0.713331756477447,-2.07743469447176,-0.0651206626166959,0.971947905007021
"constant_weights",8,"legere","beta[2,1]",0.226234868394776,0.39716976498418,-0.43595000968874,0.139209091636007,1.24318049461744
"constant_weights",8,"legere","beta[3,1]",0.131135038322758,0.588117197691253,-0.993212108951463,0.032730875164128,1.5810053197784
"constant_weights",8,"legere","beta[4,1]",0.0103602048151788,0.568265129475311,-1.20835436782422,-0.00496709485074824,1.33115566872404
"constant_weights",8,"legere","beta[1,2]",0.00181125225697646,0.376704064054362,-0.830129314383839,0.000664721181407018,0.83813608477849
"constant_weights",8,"legere","beta[2,2]",-0.0896286352458861,0.267879027668849,-0.735072014681398,-0.0383728894221225,0.402309609455863
"constant_weights",8,"legere","beta[3,2]",0.070052806554462,0.35893422083171,-0.611457670248797,0.0204682356988877,0.888145704062504
"constant_weights",8,"legere","beta[4,2]",-0.0407714826256819,0.361754266304271,-0.927517310103071,-0.00439593536941059,0.686601140338207
"constant_weights",8,"legere","beta[1,3]",-0.0142760854153665,0.631402515724468,-1.35162125292446,-0.0154778611939032,1.32093704954318
"constant_weights",8,"legere","beta[2,3]",0.368153998829855,0.369562494892308,-0.29213484288076,0.32674102696563,1.19481025655039
"constant_weights",8,"legere","beta[3,3]",-0.188691605651683,0.619189098504062,-1.5067544833134,-0.156765422021933,1.11625297333296
"constant_weights",8,"legere","beta[4,3]",-0.397775889400847,0.682284906126541,-1.90824663523966,-0.311231544692672,0.814046211898172
"constant_weights",8,"legere","beta[1,4]",0.108941187726156,0.458356844329651,-0.73481258699386,0.0445846961476569,1.17809743608578
"constant_weights",8,"legere","beta[2,4]",0.103495458351756,0.293119216096678,-0.497502123341228,0.0695734112763101,0.753241081540062
"constant_weights",8,"legere","beta[3,4]",-0.176280806022171,0.446745528078272,-1.18581192030704,-0.0955445184598765,0.661439646923149
"constant_weights",8,"legere","beta[4,4]",-0.175278464015068,0.444086226982705,-1.2560605071088,-0.0808843698454748,0.555284968716369
"constant_weights",8,"legere","tau[1]",0.543342847472702,0.44469090463809,0.0217694749750936,0.440817306973646,1.72102856443893
"constant_weights",8,"legere","tau[2]",0.306664716536927,0.255499912790581,0.0113563721166562,0.241404961080991,0.957084113513276
"constant_weights",8,"legere","tau[3]",0.683075297623729,0.426756929734977,0.0828044123156137,0.601730575466636,1.6653737918463
"constant_weights",8,"legere","tau[4]",0.39330063621745,0.267628925939076,0.0245205740284401,0.351354226752135,1.00973628122219
"constant_weights",9,"legere","alpha[1]",-1.01558764840468,1.11069940533478,-3.31421897259887,-0.954706921997548,1.08875872200477
"constant_weights",9,"legere","alpha[2]",1.97431068394761,0.486345492353815,1.13588949509922,1.9501172253461,3.05253149402141
"constant_weights",9,"legere","alpha[3]",0.483219670835442,0.987170879202665,-1.75282822727387,0.582858885154315,2.20193441413188
"constant_weights",9,"legere","alpha[4]",0.0391729323172112,0.964726139209007,-1.98961972791113,0.0879179077230002,1.81638942363559
"constant_weights",9,"legere","beta[1,1]",-0.167014476229197,0.570451331941901,-1.63793583765075,-0.0576562970905628,0.898415657255586
"constant_weights",9,"legere","beta[2,1]",0.262082219391712,0.324617199457141,-0.234877292288944,0.192169690288343,1.01777636959955
"constant_weights",9,"legere","beta[3,1]",0.215880446441776,0.55399196416277,-0.666814809740603,0.079060265421818,1.60091381205056
"constant_weights",9,"legere","beta[4,1]",-0.0467049000083581,0.396807840214972,-0.898627292152116,-0.0289899728035128,0.822233499189084
"constant_weights",9,"legere","beta[1,2]",-0.019393233076526,0.322789770216406,-0.770443450111271,-0.00483402824159327,0.667902625848592
"constant_weights",9,"legere","beta[2,2]",0.0420422422187499,0.234269120648814,-0.410290702759161,0.0131951156208849,0.547539689592381
"constant_weights",9,"legere","beta[3,2]",0.0586967345335339,0.337145000182594,-0.536269037618001,0.0164650191878648,0.817433713180462
"constant_weights",9,"legere","beta[4,2]",0.0928153384753067,0.321406218876153,-0.477070369724117,0.0271858464346537,0.889718590304434
"constant_weights",9,"legere","beta[1,3]",0.00730275423622322,0.431363610074311,-0.958624358921151,0.00183709809794017,0.945510265760569
"constant_weights",9,"legere","beta[2,3]",0.112498811665801,0.275359467816443,-0.388262789139364,0.0690221438249057,0.752075101977877
"constant_weights",9,"legere","beta[3,3]",-0.190137924970011,0.411363992424986,-1.22883639554842,-0.100699797995082,0.475924393361288
"constant_weights",9,"legere","beta[4,3]",-0.054663232186999,0.393107331145782,-0.866030768782739,-0.0168403799064629,0.655178233263764
"constant_weights",9,"legere","beta[1,4]",-0.082395028247304,0.495693686576594,-1.19431495437994,-0.0333126275005144,0.855562921217109
"constant_weights",9,"legere","beta[2,4]",-0.265669024296812,0.320247853492017,-0.996511005052211,-0.214188247622979,0.25876526338789
"constant_weights",9,"legere","beta[3,4]",-0.298525560746924,0.467940959211625,-1.3844922571795,-0.203509059252191,0.516165724582054
"constant_weights",9,"legere","beta[4,4]",0.50114340077502,0.487794443372964,-0.211532491780729,0.42725681049236,1.66836772571645
"constant_weights",9,"legere","tau[1]",0.488313652559606,0.398164646530913,0.0195013988468925,0.386693033054779,1.52484824945894
"constant_weights",9,"legere","tau[2]",0.284432065536795,0.230223114150467,0.0108617430628773,0.221410777995946,0.847820623051957
"constant_weights",9,"legere","tau[3]",0.398317198158706,0.334524047252938,0.0196993736914975,0.311231609871475,1.30723986420153
"constant_weights",9,"legere","tau[4]",0.490831866968336,0.287994292040105,0.0427081259464329,0.467541126766634,1.16685166947128
"constant_weights",10,"legere","alpha[1]",-0.584230271570314,1.23875534672764,-3.16534308054585,-0.494334703505776,1.64342741510365
"constant_weights",10,"legere","alpha[2]",2.14856617804245,0.492668580023754,1.2773454255445,2.10851435988549,3.22877191812159
"constant_weights",10,"legere","alpha[3]",0.821376673369349,0.986293213974734,-1.55354186616195,0.945580845571647,2.44805445843177
"constant_weights",10,"legere","alpha[4]",0.192649496846284,1.11590190699038,-2.26484583688017,0.304459469186192,2.08599730948219
"constant_weights",10,"legere","beta[1,1]",-0.00041656346481506,0.448531842830528,-1.02760125156594,0.0037528230868755,0.969386503345785
"constant_weights",10,"legere","beta[2,1]",-0.0433209494199763,0.27345375347213,-0.666619255043786,-0.0152170047660946,0.491109740695658
"constant_weights",10,"legere","beta[3,1]",0.0812672503971488,0.383150350620717,-0.613182953425103,0.0209034615781154,1.00822285189222
"constant_weights",10,"legere","beta[4,1]",0.135980697829839,0.417387702828625,-0.550270883339316,0.0410523926938463,1.26632692673502
"constant_weights",10,"legere","beta[1,2]",0.0438843204083334,0.34914943799483,-0.659118013173733,0.0114003845691828,0.85266308085341
"constant_weights",10,"legere","beta[2,2]",0.0883659228524194,0.236298538630833,-0.343526633801692,0.0492714721369748,0.637474012092963
"constant_weights",10,"legere","beta[3,2]",-0.0860410476832645,0.303557707948275,-0.770123598821848,-0.0345821653405833,0.476069879163576
"constant_weights",10,"legere","beta[4,2]",-0.0781090229829178,0.31377387458803,-0.840328242654456,-0.0256157173485656,0.489307216464211
"constant_weights",10,"legere","beta[1,3]",-0.00675456424213188,0.563341935271844,-1.23992454755231,0.00060395435816455,1.11603699050603
"constant_weights",10,"legere","beta[2,3]",-0.483788253420656,0.364116088491765,-1.29538974966461,-0.446929969267849,0.107389932975239
"constant_weights",10,"legere","beta[3,3]",0.0791211116597436,0.534185333239361,-1.01618386555977,0.0763624762482838,1.17299078074816
"constant_weights",10,"legere","beta[4,3]",0.11611628627553,0.544528314616591,-1.00678185778595,0.100822473478805,1.292829610518
"constant_weights",10,"legere","beta[1,4]",0.229329016509767,0.5186150991784,-0.664581414668662,0.170350366080692,1.38366394118216
"constant_weights",10,"legere","beta[2,4]",-0.562865810274431,0.383165411372086,-1.4534482879571,-0.512966448531005,0.0302402880713548
"constant_weights",10,"legere","beta[3,4]",0.141473461658162,0.495028295482123,-0.905892181827522,0.127240992433175,1.15064843862579
"constant_weights",10,"legere","beta[4,4]",-0.0961540921138158,0.46803963410939,-1.09918315854002,-0.0675832642800119,0.748752902538372
"constant_weights",10,"legere","tau[1]",0.379824994249565,0.341032868122551,0.0122722049365724,0.286127857763602,1.26071369756225
"constant_weights",10,"legere","tau[2]",0.290816181004233,0.232011173578763,0.01148164915215,0.233199508641604,0.849538393317433
"constant_weights",10,"legere","tau[3]",0.612980557362741,0.369999334209662,0.10271327348503,0.548532994547845,1.5240034866672
"constant_weights",10,"legere","tau[4]",0.532222795819766,0.26396354866155,0.103887435265769,0.511891817500046,1.1393951825073
"constant_weights",11,"legere","alpha[1]",-0.418173043738016,1.18356508723589,-2.91582631973838,-0.332217179748705,1.68124747342131
"constant_weights",11,"legere","alpha[2]",1.7688408377004,0.461079618206183,0.970354112394742,1.73898607292844,2.7524264842495
"constant_weights",11,"legere","alpha[3]",0.5675141362713,0.913032142242961,-1.62576590244929,0.646984008343004,2.11933426092574
"constant_weights",11,"legere","alpha[4]",-0.956511936412455,1.12968285315403,-3.33879612605085,-0.895137914470649,1.06261465916081
"constant_weights",11,"legere","beta[1,1]",-0.158229771718209,0.529715707397126,-1.57588142626425,-0.0378152725090058,0.668010437352299
"constant_weights",11,"legere","beta[2,1]",-0.0630633153078692,0.271222649795629,-0.667547548802507,-0.0287923407325538,0.463336736368948
"constant_weights",11,"legere","beta[3,1]",0.177743634423756,0.439867844614008,-0.50396780562252,0.0790526639762432,1.38403504541175
"constant_weights",11,"legere","beta[4,1]",0.0515759322548652,0.435988688044699,-0.820080243168793,0.0158146942682402,1.04194497033523
"constant_weights",11,"legere","beta[1,2]",0.0258921261253539,0.311545941692275,-0.554230739136567,0.00737567331831473,0.719821118759669
"constant_weights",11,"legere","beta[2,2]",0.00209092754512482,0.207602205319795,-0.462216837142388,-7.55219383179826e-05,0.437877812052086
"constant_weights",11,"legere","beta[3,2]",-0.00847950259320627,0.301494422112547,-0.659280300039094,-0.00171784518215311,0.693078355688632
"constant_weights",11,"legere","beta[4,2]",-0.0913105880933862,0.316885855125566,-0.892854696439207,-0.0254876720767631,0.428923038473617
"constant_weights",11,"legere","beta[1,3]",-0.0158183295218072,0.423441487808868,-1.00926795577851,-0.0038603392133758,0.929952305339779
"constant_weights",11,"legere","beta[2,3]",-0.00388147514434835,0.243958426981578,-0.553920537468606,0.00162693805994115,0.49495583663907
"constant_weights",11,"legere","beta[3,3]",-0.0134317983533615,0.402225420023123,-0.872092710759967,-0.000872976931049712,0.884356033306328
"constant_weights",11,"legere","beta[4,3]",-0.0663788879449961,0.414077004813406,-1.04046592570298,-0.0150794892360153,0.698561852495489
"constant_weights",11,"legere","beta[1,4]",-0.0131853354529014,0.344155280900347,-0.776769866055434,-0.00134149206050618,0.682236837830238
"constant_weights",11,"legere","beta[2,4]",0.0528753060242431,0.20973508102938,-0.344320779455161,0.0188856084910175,0.521234724569148
"constant_weights",11,"legere","beta[3,4]",0.064898918311021,0.313964210080041,-0.517858862082474,0.01616474523187,0.835599517147093
"constant_weights",11,"legere","beta[4,4]",-0.0399447749210706,0.284637115811574,-0.736796500199962,-0.0114699452706221,0.48485337135551
"constant_weights",11,"legere","tau[1]",0.425526636216389,0.374102210258132,0.0159742453466608,0.322803073408788,1.40393715295202
"constant_weights",11,"legere","tau[2]",0.2702356858988,0.230045238992406,0.0078498361169308,0.208460928572477,0.847997642137159
"constant_weights",11,"legere","tau[3]",0.370668212780258,0.348992417331638,0.0117233830263656,0.264212011541376,1.33132280327699
"constant_weights",11,"legere","tau[4]",0.262108082682305,0.21351712235884,0.00998255044791038,0.208235091576071,0.803288114602917
"constant_weights",12,"legere","alpha[1]",0.284086226245975,1.14318327832792,-2.19116615642423,0.410073164556191,2.19235943133796
"constant_weights",12,"legere","alpha[2]",1.92499559588951,0.494612745985826,1.08106544168318,1.88910471876304,3.02782848298361
"constant_weights",12,"legere","alpha[3]",0.405507088272313,1.10428971748119,-2.07916821547803,0.560643301646897,2.19066436361453
"constant_weights",12,"legere","alpha[4]",0.281658701784411,1.01132917881928,-1.97233921810689,0.369014761294104,1.9578740300901
"constant_weights",12,"legere","beta[1,1]",-0.0334859628138289,0.432241096831634,-0.923489370660764,-0.00513755967745663,0.828404324754724
"constant_weights",12,"legere","beta[2,1]",0.0476527013256816,0.26490685282995,-0.428879282010533,0.0120404679750595,0.691246265485757
"constant_weights",12,"legere","beta[3,1]",0.105489759763849,0.46900809617978,-0.850230887582779,0.0369872352956905,1.20692909622115
"constant_weights",12,"legere","beta[4,1]",0.174434884950415,0.418804207656802,-0.52443440936801,0.0701861309857245,1.28132151856856
"constant_weights",12,"legere","beta[1,2]",-0.0358427539165945,0.366516382969644,-0.828434294289134,-0.0120681146712802,0.718203113972379
"constant_weights",12,"legere","beta[2,2]",0.142715764406652,0.260582331636283,-0.294338078175722,0.0874468245484842,0.79169046873161
"constant_weights",12,"legere","beta[3,2]",0.0534204125103429,0.376346174956932,-0.656869007305103,0.010893290643111,0.956503591258396
"constant_weights",12,"legere","beta[4,2]",0.000207901486505555,0.320650542133646,-0.671671147046526,-0.00211397271122414,0.768581240811706
"constant_weights",12,"legere","beta[1,3]",0.0723309025151755,0.400630998576129,-0.641541009047857,0.01433463348405,1.13597992694717
"constant_weights",12,"legere","beta[2,3]",0.108949548305131,0.266569786777129,-0.355466616504246,0.0621353753435578,0.743506728985422
"constant_weights",12,"legere","beta[3,3]",0.0361735072920633,0.362382639710622,-0.67277278420118,0.00542220997675935,0.923213826060201
"constant_weights",12,"legere","beta[4,3]",-0.0423087966611965,0.341726268836218,-0.753125987654562,-0.0180057891190601,0.637037305248902
"constant_weights",12,"legere","beta[1,4]",-0.027515027092842,0.272563995894253,-0.650216998877638,-0.00658752474502831,0.487871212888866
"constant_weights",12,"legere","beta[2,4]",0.00281473783886184,0.195688479836906,-0.423345382770468,0.00193383010803008,0.413193898839537
"constant_weights",12,"legere","beta[3,4]",-0.0298443517284526,0.235461718755705,-0.589038435820514,-0.0102025227481044,0.441570029182964
"constant_weights",12,"legere","beta[4,4]",0.0261622236359937,0.242441522118777,-0.470303354815614,0.00733597613098192,0.551810747650235
"constant_weights",12,"legere","tau[1]",0.403009181139162,0.3823917129909,0.012844002750399,0.290009478206961,1.37690482413622
"constant_weights",12,"legere","tau[2]",0.320755163034767,0.248450514414812,0.0110671619016555,0.264970714207837,0.9230759677786
"constant_weights",12,"legere","tau[3]",0.346143199457235,0.313870552959714,0.013288599403936,0.254390985176557,1.17092177328282
"constant_weights",12,"legere","tau[4]",0.22977668889401,0.194617652102138,0.0094671565770666,0.178932646856426,0.74037296239514
"constant_weights",13,"legere","alpha[1]",-0.114013139868112,1.2090616113365,-2.70416023373478,0.0117602778735998,2.01876168424001
"constant_weights",13,"legere","alpha[2]",2.24177674340011,0.482406335773013,1.42911301734974,2.19729349790073,3.33092542472449
"constant_weights",13,"legere","alpha[3]",0.530805383195915,1.0673356375752,-1.99164129508294,0.661943483768729,2.21154149450555
"constant_weights",13,"legere","alpha[4]",-0.708234615011907,1.10259939808721,-3.10858266098738,-0.620177333973217,1.19813693946632
"constant_weights",13,"legere","beta[1,1]",0.187261518986006,0.597175281490926,-0.876391966439428,0.0568258186090001,1.71285752216827
"constant_weights",13,"legere","beta[2,1]",-0.00442496075432084,0.300030977776716,-0.578906721426505,-0.00901646166091947,0.76008476218478
"constant_weights",13,"legere","beta[3,1]",0.186737107555075,0.559747413562171,-0.744928086878663,0.0815856330738092,1.6173260897551
"constant_weights",13,"legere","beta[4,1]",-0.14578092956748,0.544626855912908,-1.53218017986078,-0.0426139639892989,0.859142040094173
"constant_weights",13,"legere","beta[1,2]",0.0557362019899817,0.358775047494107,-0.66421046944171,0.0182036404414903,0.873731071834487
"constant_weights",13,"legere","beta[2,2]",-0.093116652379319,0.24609899991701,-0.65761138564005,-0.0595228020549287,0.359095277733207
"constant_weights",13,"legere","beta[3,2]",0.124684761056112,0.371175448487782,-0.536492581417433,0.0515407912837423,1.0403035168101
"constant_weights",13,"legere","beta[4,2]",0.01187779540677,0.378732692786442,-0.816434711637282,0.00655510134074365,0.828655267283192
"constant_weights",13,"legere","beta[1,3]",0.0249765629265359,0.385887499134127,-0.772959420774879,0.00656289959202468,0.891739699028926
"constant_weights",13,"legere","beta[2,3]",0.0440340385334844,0.244522441292926,-0.435737141756864,0.0168389446152074,0.603233891993681
"constant_weights",13,"legere","beta[3,3]",0.0923080515315092,0.398601713273407,-0.546822254829544,0.023943443167704,1.09383842964595
"constant_weights",13,"legere","beta[4,3]",-0.0694567405594736,0.380334358507666,-0.982485007838793,-0.0204780831111145,0.67086097387937
"constant_weights",13,"legere","beta[1,4]",0.27181462213435,0.530279992056499,-0.495069479590026,0.109769982875425,1.69756734553138
"constant_weights",13,"legere","beta[2,4]",-0.0632660990080502,0.245849388019228,-0.601020594209882,-0.0398507217095731,0.432517150535282
"constant_weights",13,"legere","beta[3,4]",0.101982365563054,0.413993452880399,-0.787634769574127,0.0442330810341283,1.09749760518988
"constant_weights",13,"legere","beta[4,4]",-0.144298385513587,0.412115254306864,-1.14210372407964,-0.0540028064830036,0.56078552151257
"constant_weights",13,"legere","tau[1]",0.491937704996456,0.435445357886609,0.0187953880393098,0.38134584074984,1.60354415277432
"constant_weights",13,"legere","tau[2]",0.324615898458342,0.24655954784192,0.0123060735223702,0.271138044605004,0.948440503879485
"constant_weights",13,"legere","tau[3]",0.362987536186826,0.336157299775895,0.0153489416363607,0.266132922672567,1.24913550721157
"constant_weights",13,"legere","tau[4]",0.369476838072675,0.281522173557407,0.0142000735849728,0.307768430162885,1.00819270104928
"constant_weights",14,"legere","alpha[1]",-0.825419987337086,1.05593624773606,-3.10955530840033,-0.742271324207183,1.05479864442381
"constant_weights",14,"legere","alpha[2]",1.19903933641259,0.346892798118487,0.591756993943525,1.17758100252814,1.92697733902498
"constant_weights",14,"legere","alpha[3]",-0.317311344010193,0.918687566254427,-2.55922478286579,-0.175309438585864,1.12588855181395
"constant_weights",14,"legere","alpha[4]",-1.21264340194207,1.01142806456605,-3.4626148926711,-1.13784189430854,0.505783351129685
"constant_weights",14,"legere","beta[1,1]",-0.0594007836556316,0.381477575915794,-0.974027114776713,-0.0129116261375067,0.64392679555639
"constant_weights",14,"legere","beta[2,1]",0.000267473840695468,0.219796482826374,-0.480564875717753,0.00842373224701362,0.448098656340521
"constant_weights",14,"legere","beta[3,1]",0.042263318528198,0.397671979082232,-0.741954994666731,0.0125633700691541,0.972850839277318
"constant_weights",14,"legere","beta[4,1]",-0.165804598621254,0.435619038394045,-1.3196864616153,-0.0577835384538608,0.523233125721814
"constant_weights",14,"legere","beta[1,2]",-0.0635234273144086,0.354202686136635,-0.916070823639206,-0.0123510037414929,0.603374156219298
"constant_weights",14,"legere","beta[2,2]",0.00957718307884202,0.197797151073026,-0.434969817596306,0.00637452853167695,0.42032485311576
"constant_weights",14,"legere","beta[3,2]",-0.0136376983698646,0.34418935857861,-0.796963989661324,-0.00276850854700379,0.688379729058309
"constant_weights",14,"legere","beta[4,2]",-0.0746120491906911,0.354401277852131,-0.994856495328762,-0.0147989089965735,0.573213951746765
"constant_weights",14,"legere","beta[1,3]",-0.11089341087789,0.441957437319941,-1.15305659060546,-0.0407060777858736,0.728835364068986
"constant_weights",14,"legere","beta[2,3]",0.080161047809487,0.227870547295285,-0.332219289861587,0.0409787782651846,0.611170955722744
"constant_weights",14,"legere","beta[3,3]",0.227501035324855,0.439133960442518,-0.424106730041001,0.101054510638105,1.38565895332595
"constant_weights",14,"legere","beta[4,3]",-0.0478368373124904,0.405765033778809,-0.959110743524534,-0.0169174460639087,0.822708646788457
"constant_weights",14,"legere","beta[1,4]",0.00933160318930254,0.265839903242502,-0.603241868716313,0.00287694583153904,0.597665961657691
"constant_weights",14,"legere","beta[2,4]",0.0449046020262873,0.189642599564964,-0.342523169226952,0.0218377504968596,0.47816240355976
"constant_weights",14,"legere","beta[3,4]",0.0418791056674979,0.26309236664841,-0.45919492233308,0.00958476882833648,0.657568067518169
"constant_weights",14,"legere","beta[4,4]",0.00640324296194366,0.272062982683028,-0.568360580832849,0.00224886052637322,0.606404677004188
"constant_weights",14,"legere","tau[1]",0.369947635987572,0.346675577429009,0.0136496821821841,0.264051444430715,1.30535199247964
"constant_weights",14,"legere","tau[2]",0.285205816604407,0.241323690002414,0.00924187899401577,0.222672134923676,0.905345863673926
"constant_weights",14,"legere","tau[3]",0.410853498503279,0.359371574271308,0.0149301319749681,0.311975191666948,1.32513862481375
"constant_weights",14,"legere","tau[4]",0.236997385071621,0.199752378896527,0.0102741714648483,0.186362812710512,0.760770175123781
"constant_weights",15,"legere","alpha[1]",0.369828129286508,1.01966245647723,-1.87264912611913,0.446584963774722,2.20441952753218
"constant_weights",15,"legere","alpha[2]",1.73558345239704,0.503823197065367,0.887320390161565,1.7131994867356,2.81705483966723
"constant_weights",15,"legere","alpha[3]",-0.0853368315626642,1.12704434835218,-2.59840115238776,0.0591954015090007,1.85440460376752
"constant_weights",15,"legere","alpha[4]",0.53585448440723,0.992074251609129,-1.80779170311564,0.654212694929644,2.16859694215591
"constant_weights",15,"legere","beta[1,1]",-0.167576965087973,0.593628970554135,-1.49268409500629,-0.068917497313687,0.903584682693659
"constant_weights",15,"legere","beta[2,1]",0.143726810570175,0.335068434065625,-0.49197560986076,0.0856771097709763,0.933893664823225
"constant_weights",15,"legere","beta[3,1]",-0.0843272987268345,0.504367796918534,-1.2381522641906,-0.0318398570492541,0.899832332655439
"constant_weights",15,"legere","beta[4,1]",0.190096420827452,0.456165916525368,-0.608939975870422,0.0882953358334553,1.25965300939889
"constant_weights",15,"legere","beta[1,2]",0.371359238085043,0.55877307456252,-0.438481070064749,0.244368907633628,1.70367582998775
"constant_weights",15,"legere","beta[2,2]",-0.148555869151334,0.315551488010223,-0.906332498069901,-0.088737893662272,0.368111003096929
"constant_weights",15,"legere","beta[3,2]",-0.0264840814050684,0.4581109768807,-1.04994488960968,-0.00394004963194832,0.934132012658115
"constant_weights",15,"legere","beta[4,2]",-0.36321131956327,0.517130619158,-1.60206746615492,-0.235597022130804,0.354534029076505
"constant_weights",15,"legere","beta[1,3]",-0.0370704313081699,0.348140817088874,-0.891080433190423,-0.00210181466400948,0.619263819460921
"constant_weights",15,"legere","beta[2,3]",-0.0620459944024978,0.254589433669321,-0.711733231641443,-0.0144119966593608,0.366209458400008
"constant_weights",15,"legere","beta[3,3]",-0.0843739058848964,0.388353387680609,-1.11165795102263,-0.0107327847313708,0.598359457424419
"constant_weights",15,"legere","beta[4,3]",-0.0954015280568741,0.34340381842186,-0.948198708219743,-0.0236385159045129,0.493901210039236
"constant_weights",15,"legere","beta[1,4]",-0.065842816078609,0.347272281384188,-0.938772723450817,-0.0214542352140046,0.568317841203122
"constant_weights",15,"legere","beta[2,4]",-0.195790049493473,0.284253069507611,-0.883251583390623,-0.124560327867536,0.203969531073228
"constant_weights",15,"legere","beta[3,4]",0.0488725261980789,0.334028262288794,-0.650801054421838,0.020363276579043,0.767205313197223
"constant_weights",15,"legere","beta[4,4]",0.0219507328809671,0.273956136923811,-0.549616175653673,0.00812472717468366,0.611266995385616
"constant_weights",15,"legere","tau[1]",0.497653231566092,0.412560112895436,0.0141709785283132,0.393871552925526,1.55153582821039
"constant_weights",15,"legere","tau[2]",0.454314889818156,0.309434644660131,0.0143834217586242,0.413067418397359,1.16210368936427
"constant_weights",15,"legere","tau[3]",0.33770733630598,0.324999977562724,0.00907930366429124,0.241342479582011,1.23886060408488
"constant_weights",15,"legere","tau[4]",0.302903580163927,0.231465777669994,0.0121262269448385,0.251513020776774,0.870888459647479
"constant_weights",16,"legere","alpha[1]",-0.492296004485244,1.19033757652712,-3.05425917348575,-0.403387978707187,1.59174982505344
"constant_weights",16,"legere","alpha[2]",1.50655634030565,0.441676968465912,0.765930594815715,1.46601307428259,2.46894384039089
"constant_weights",16,"legere","alpha[3]",0.376295762147406,0.923994210504485,-1.76455417042956,0.496480736262544,1.85016902741183
"constant_weights",16,"legere","alpha[4]",-0.665449062028856,1.01026319230403,-2.95991627896731,-0.5906200202302,1.09796639038964
"constant_weights",16,"legere","beta[1,1]",0.0843278650694305,0.457831065225771,-0.781283093380299,0.0184849615349587,1.13310541270712
"constant_weights",16,"legere","beta[2,1]",0.222748869633494,0.305587434623465,-0.288961494181105,0.177211438811635,0.922154193105893
"constant_weights",16,"legere","beta[3,1]",0.0201246233598575,0.462554550474047,-1.02091379514436,0.00475676990635784,1.02090149510133
"constant_weights",16,"legere","beta[4,1]",-0.218455136380403,0.488681753200046,-1.43074723474081,-0.114786130174996,0.584664094042521
"constant_weights",16,"legere","beta[1,2]",-0.116217722525539,0.373851767943707,-1.13315822549626,-0.0311818618203245,0.487798708785347
"constant_weights",16,"legere","beta[2,2]",0.0647837111470159,0.225742437994445,-0.386960492840168,0.0356617816185644,0.549432977851812
"constant_weights",16,"legere","beta[3,2]",0.102305618006915,0.397081565309488,-0.615976068854169,0.0277164106949246,1.10759516075021
"constant_weights",16,"legere","beta[4,2]",-0.00942355685737224,0.323521725827206,-0.673704975593473,-0.00548177937132569,0.746817338478053
"constant_weights",16,"legere","beta[1,3]",0.0358775495717231,0.423351148029185,-0.828262420370327,0.00850701213223199,1.00014672907647
"constant_weights",16,"legere","beta[2,3]",0.0970614955395222,0.2494031082884,-0.343264716105721,0.0476303523446212,0.689998312830729
"constant_weights",16,"legere","beta[3,3]",0.0958480620959872,0.390668795198044,-0.596734388404705,0.0215000657673379,1.05177558741218
"constant_weights",16,"legere","beta[4,3]",-0.0224633270484796,0.36678674132197,-0.887721146705106,-0.00436136461639836,0.733258172002826
"constant_weights",16,"legere","beta[1,4]",0.06077175538445,0.325369889727869,-0.551870840084066,0.0118122163635707,0.858309769138277
"constant_weights",16,"legere","beta[2,4]",0.00147412262938397,0.201765682969047,-0.437786651209786,0.000548426415729841,0.438922871715414
"constant_weights",16,"legere","beta[3,4]",0.028700057713069,0.285707716334428,-0.561750971800889,0.00563252075987262,0.714533701543205
"constant_weights",16,"legere","beta[4,4]",-0.0448751214843591,0.287554661894233,-0.704047246519656,-0.0192714848528205,0.545204886949501
"constant_weights",16,"legere","tau[1]",0.468120932236862,0.388542058616002,0.0184103603436998,0.367086981173095,1.53594306937925
"constant_weights",16,"legere","tau[2]",0.304211421930428,0.249887307005467,0.00954519221273116,0.242085462736355,0.944307309465773
"constant_weights",16,"legere","tau[3]",0.359586619346153,0.323015450964783,0.0115878767720942,0.265699684109557,1.1958355588512
"constant_weights",16,"legere","tau[4]",0.254549481583053,0.207752298985822,0.00841627301136193,0.201893858987751,0.768384139361881
"constant_weights",17,"legere","alpha[1]",-0.753414201165133,1.16503137532447,-3.20427600038561,-0.67239551754544,1.32428701115898
"constant_weights",17,"legere","alpha[2]",1.75860535506078,0.450310708350855,0.962824100599677,1.73507048311319,2.67482643581419
"constant_weights",17,"legere","alpha[3]",1.2437910515235,0.742822373367563,-0.435915369870274,1.2965378842742,2.52729801515425
"constant_weights",17,"legere","alpha[4]",-0.769832483723603,1.13733029463587,-3.22560525280549,-0.693769195268706,1.19555362049116
"constant_weights",17,"legere","beta[1,1]",-0.089335501508565,0.44234907531123,-1.17103039746338,-0.0176378427272131,0.743426620138455
"constant_weights",17,"legere","beta[2,1]",-0.0783556849116481,0.256993776584365,-0.716104585900043,-0.0414383976163758,0.39663322798504
"constant_weights",17,"legere","beta[3,1]",0.12513928109703,0.388027392182241,-0.591407727317832,0.0559908629042683,1.09252118604214
"constant_weights",17,"legere","beta[4,1]",8.78821101292736e-05,0.407244384307249,-0.886915613862541,-0.00262227611526814,0.90059708511291
"constant_weights",17,"legere","beta[1,2]",-0.0290358029456623,0.347798027813392,-0.819955166058369,-0.00836866614097393,0.634444220670326
"constant_weights",17,"legere","beta[2,2]",0.0267437381968781,0.221764965503955,-0.433955039835483,0.0146216592982076,0.520077492561937
"constant_weights",17,"legere","beta[3,2]",0.0972215657692257,0.334265247650952,-0.439526351167863,0.0301810267637102,0.924710896109648
"constant_weights",17,"legere","beta[4,2]",-0.10310660317999,0.362864476861507,-1.00842714514964,-0.0247645362892998,0.506282768716826
"constant_weights",17,"legere","beta[1,3]",0.0936614658803678,0.435838404933698,-0.669316234958833,0.0194976618828808,1.15517308874776
"constant_weights",17,"legere","beta[2,3]",0.0175863052178522,0.249920789078427,-0.472273611765416,-7.66150937448551e-05,0.595398245136876
"constant_weights",17,"legere","beta[3,3]",0.0942609675109105,0.383569220073234,-0.607794642549357,0.0291103056214139,1.05691877529833
"constant_weights",17,"legere","beta[4,3]",-0.102309684705673,0.440719357101493,-1.28763311481746,-0.0217072495849984,0.671356312958833
"constant_weights",17,"legere","beta[1,4]",0.0444283878361642,0.360531433466867,-0.65756320729246,0.0109789247178774,0.880505370907948
"constant_weights",17,"legere","beta[2,4]",0.163381823315448,0.252210679564357,-0.231747288226646,0.10835831588263,0.762496906977083
"constant_weights",17,"legere","beta[3,4]",-0.0517864882368159,0.300639206455805,-0.689944462310587,-0.0272923325019392,0.564303643213327
"constant_weights",17,"legere","beta[4,4]",-0.0746607601285377,0.327179096325096,-0.839744478950436,-0.0250413535917579,0.551756412828949
"constant_weights",17,"legere","tau[1]",0.402266760882862,0.360615517429224,0.0120377805855012,0.309110499175593,1.31967223837073
"constant_weights",17,"legere","tau[2]",0.288004102142398,0.235903686237433,0.0115152483591208,0.23271996327606,0.87027199928941
"constant_weights",17,"legere","tau[3]",0.368587756114224,0.342457838253691,0.0083121400662879,0.270141524182952,1.26217380193111
"constant_weights",17,"legere","tau[4]",0.312597897300906,0.239665822187721,0.0125219471968928,0.270639059659772,0.913640172429882
"constant_weights",18,"legere","alpha[1]",-0.261468598977063,1.14714335338227,-2.76539802441391,-0.166234402054103,1.78652669506934
"constant_weights",18,"legere","alpha[2]",1.65406315705157,0.469450077094818,0.821255997928375,1.6224091992051,2.68145314891691
"constant_weights",18,"legere","alpha[3]",1.00321260847999,0.8672650743918,-1.09609044030194,1.10472375872038,2.43221723195537
"constant_weights",18,"legere","alpha[4]",-0.529030471028432,1.18967414828178,-3.11655198689008,-0.41886244334765,1.45206369416214
"constant_weights",18,"legere","beta[1,1]",-0.0498414920066305,0.504464103060525,-1.29471103938984,-0.00446588790439141,0.88797114663157
"constant_weights",18,"legere","beta[2,1]",0.00750719861075663,0.276947480292027,-0.586791538979936,-0.000205264728248638,0.600099370347876
"constant_weights",18,"legere","beta[3,1]",0.0211259043039987,0.423139038361088,-0.843850352272662,0.00311344428726117,0.89525382942664
"constant_weights",18,"legere","beta[4,1]",0.11462053393514,0.455278414135139,-0.701628464816505,0.0287566478205894,1.25786129620066
"constant_weights",18,"legere","beta[1,2]",0.0131467706444473,0.313794514086885,-0.622279289689412,0.000905130395682392,0.722079084267976
"constant_weights",18,"legere","beta[2,2]",-0.0122547869940517,0.222001531183172,-0.497582348820869,-0.00420253880011163,0.465793428585794
"constant_weights",18,"legere","beta[3,2]",0.00333412252557435,0.262763105796216,-0.562841152188777,0.00398213771399218,0.545830559322146
"constant_weights",18,"legere","beta[4,2]",-0.0293564013449401,0.311774436520786,-0.728065834013348,-0.00751789007380039,0.591060492765217
"constant_weights",18,"legere","beta[1,3]",0.036073591486297,0.399534494403999,-0.828196101070598,0.00607833754920705,0.91482351830241
"constant_weights",18,"legere","beta[2,3]",0.058049812309431,0.245822038941416,-0.454342514613217,0.0355754851444061,0.601047394771516
"constant_weights",18,"legere","beta[3,3]",-0.14417558695493,0.425656095992204,-1.27917854508828,-0.0487630330025217,0.562188733047596
"constant_weights",18,"legere","beta[4,3]",-0.131636679463566,0.439972841178909,-1.25101340309299,-0.038780939771112,0.612135814063248
"constant_weights",18,"legere","beta[1,4]",0.0955674619096639,0.390754292245545,-0.607843874817218,0.0260953021379957,0.982286716131655
"constant_weights",18,"legere","beta[2,4]",-0.0261852411540695,0.247571926418674,-0.57975438225923,-0.00498886270608318,0.464734761701035
"constant_weights",18,"legere","beta[3,4]",0.0737691115124757,0.424790869889513,-0.766781394524249,0.0217060152513717,1.12867505907924
"constant_weights",18,"legere","beta[4,4]",-0.166672581913723,0.382969779622658,-1.12123956509441,-0.071496245803988,0.444853214799925
"constant_weights",18,"legere","tau[1]",0.387648429990824,0.372318501240665,0.0117057092755971,0.27168491525282,1.4036725462424
"constant_weights",18,"legere","tau[2]",0.266908252671712,0.221314324395175,0.00850425179766031,0.211644050885201,0.833810591389625
"constant_weights",18,"legere","tau[3]",0.376267948986212,0.329969373255524,0.0128802610369504,0.292135643970799,1.22350945764514
"constant_weights",18,"legere","tau[4]",0.33510840232249,0.26866932361451,0.0139551890597059,0.270899701898233,1.02389726405138
"constant_weights",19,"legere","alpha[1]",-0.559610556602657,1.13703629929861,-2.87349070648963,-0.498239140987416,1.4498847075474
"constant_weights",19,"legere","alpha[2]",1.85163162416189,0.517520945926927,0.925296740097783,1.82992189512923,2.98208233849491
"constant_weights",19,"legere","alpha[3]",0.985461357954265,0.95959000232203,-1.21156421851925,1.09627092119134,2.60238741113255
"constant_weights",19,"legere","alpha[4]",0.658661528447922,0.962825605564747,-1.43786687884905,0.781372744668551,2.28045444825314
"constant_weights",19,"legere","beta[1,1]",0.0208633718328526,0.470670877758393,-1.00733977616187,0.0025742915513115,1.03950253323935
"constant_weights",19,"legere","beta[2,1]",0.151530765899819,0.35087314724936,-0.362248783824835,0.0579731381929915,1.07016725812566
"constant_weights",19,"legere","beta[3,1]",0.0117600702522659,0.420439863896147,-0.818541288459482,-0.00156320009216003,1.01719447650144
"constant_weights",19,"legere","beta[4,1]",0.101400799909247,0.433391009549623,-0.573202053002529,0.0125208826544324,1.25946419466386
"constant_weights",19,"legere","beta[1,2]",0.00770580659576111,0.313641783051679,-0.701056028554882,0.00054026737785712,0.73746858736514
"constant_weights",19,"legere","beta[2,2]",-0.0587645365356421,0.223309609324127,-0.561724916501861,-0.022930887910961,0.361137630836361
"constant_weights",19,"legere","beta[3,2]",-0.047062540808265,0.295563507245722,-0.738119463396672,-0.0139703120259434,0.512685132317197
"constant_weights",19,"legere","beta[4,2]",-0.00219051549800822,0.286071655424119,-0.602083191655164,0.000150285874010855,0.62076316125523
"constant_weights",19,"legere","beta[1,3]",-0.266362233263426,0.585659060120605,-1.65704934501391,-0.152446035737469,0.721889373339869
"constant_weights",19,"legere","beta[2,3]",-0.341274255076652,0.395722769735544,-1.29201047066638,-0.281985815565446,0.329409688270871
"constant_weights",19,"legere","beta[3,3]",-0.0360090291604062,0.486408360007319,-1.16654910786335,-0.00526338630919117,0.934060624900033
"constant_weights",19,"legere","beta[4,3]",0.317383763628399,0.554200514661708,-0.658573160102423,0.242727453485418,1.64863690073115
"constant_weights",19,"legere","beta[1,4]",-0.00131943398475999,0.303579740197783,-0.713799718130534,0.000790080073615563,0.629697297474652
"constant_weights",19,"legere","beta[2,4]",-0.0340575095083291,0.222827954558453,-0.561160645892312,-0.00548006874151141,0.40015685037885
"constant_weights",19,"legere","beta[3,4]",-0.00546871227442424,0.28359536887306,-0.608747174079779,0.000164782126989283,0.571174203627502
"constant_weights",19,"legere","beta[4,4]",-0.0290656043139324,0.303587740931572,-0.683999320713734,-0.00871543876070589,0.623529830753192
"constant_weights",19,"legere","tau[1]",0.391133556997426,0.383111689636296,0.0086386338364931,0.272474316450326,1.43033219787763
"constant_weights",19,"legere","tau[2]",0.262985886982227,0.218660904177873,0.00816800547882314,0.210519577387285,0.827385752272
"constant_weights",19,"legere","tau[3]",0.585042433655336,0.399815031330654,0.0594442035107911,0.497200970570378,1.60740651895208
"constant_weights",19,"legere","tau[4]",0.250165237600371,0.221365891137064,0.00874278753152937,0.191326292175683,0.827993831048468
"constant_weights",20,"legere","alpha[1]",-1.01975228306827,1.06610572731672,-3.27462874310834,-0.969032312633428,0.847130130268886
"constant_weights",20,"legere","alpha[2]",1.50358337152224,0.442394692421347,0.750774138787937,1.45977186760224,2.52251416518326
"constant_weights",20,"legere","alpha[3]",-0.507801318291757,1.11355003466942,-2.93009514437015,-0.400348067946657,1.40037694676839
"constant_weights",20,"legere","alpha[4]",0.448877391805046,0.852673073834588,-1.54811638307453,0.531937005886128,1.8945454095274
"constant_weights",20,"legere","beta[1,1]",-0.0598276668163543,0.515053555382859,-1.26297155802511,-0.0240737797096673,0.991941099775376
"constant_weights",20,"legere","beta[2,1]",0.0498809795083162,0.285714150999564,-0.489961296031685,0.0140324902573401,0.718820977839882
"constant_weights",20,"legere","beta[3,1]",0.0337211459912309,0.473140669507765,-0.960869846580635,0.00163073374802809,1.1952367629437
"constant_weights",20,"legere","beta[4,1]",0.270604703242807,0.493000485892441,-0.4123248893312,0.134847848275342,1.60590069228502
"constant_weights",20,"legere","beta[1,2]",0.0151269693134893,0.301666757755177,-0.604204308115881,0.00437339215334983,0.664873995087432
"constant_weights",20,"legere","beta[2,2]",-0.0555765067020479,0.212592937070584,-0.543167420764393,-0.0250356440735609,0.36465701673909
"constant_weights",20,"legere","beta[3,2]",-0.045212058725312,0.293141866880086,-0.76894065982776,-0.0111655724098744,0.515670513428256
"constant_weights",20,"legere","beta[4,2]",0.0484598214584181,0.281581559587507,-0.532674255680026,0.0185491780143594,0.709721336621844
"constant_weights",20,"legere","beta[1,3]",0.0102013562022221,0.381617836747818,-0.87939283050401,0.00200119708395296,0.877318144357842
"constant_weights",20,"legere","beta[2,3]",-0.0677806653032774,0.236161649649792,-0.614944394723367,-0.0266621070880689,0.358499435268602
"constant_weights",20,"legere","beta[3,3]",-0.136974912144272,0.440326591220846,-1.3357556486388,-0.0326408279915026,0.574486434477151
"constant_weights",20,"legere","beta[4,3]",-0.0337460096844777,0.296771128179299,-0.726918864076369,-0.00796575724151274,0.57235156544283
"constant_weights",20,"legere","beta[1,4]",0.0215320599222419,0.331172604055883,-0.675701225057193,0.00831867763788807,0.765149083179079
"constant_weights",20,"legere","beta[2,4]",-0.0532219413097975,0.230164716302697,-0.63546661605327,-0.0124678805642464,0.335308036459482
"constant_weights",20,"legere","beta[3,4]",0.0204371600429627,0.307868901900678,-0.599938059744345,0.00195646814905575,0.71097316670176
"constant_weights",20,"legere","beta[4,4]",-0.145259064730755,0.274581942650647,-0.877069370689588,-0.0669864006177281,0.263598888592479
"constant_weights",20,"legere","tau[1]",0.446344236626424,0.389366219272977,0.0200117048146702,0.333076479627871,1.40745876545944
"constant_weights",20,"legere","tau[2]",0.258425982149664,0.211461155992061,0.00976550444638939,0.205085263469165,0.793691349036348
"constant_weights",20,"legere","tau[3]",0.352731103330142,0.336141494948536,0.0120472103412961,0.254629618797553,1.23427717325998
"constant_weights",20,"legere","tau[4]",0.277617797625113,0.228433410772149,0.0121260010345342,0.221420776066762,0.843667107756086
"constant_weights",21,"legere","alpha[1]",-1.13589471846979,1.08506397885267,-3.43943917831963,-1.08107823913456,0.821266289619507
"constant_weights",21,"legere","alpha[2]",1.38425570537813,0.40835472745126,0.641621959336491,1.360864155765,2.25581584721017
"constant_weights",21,"legere","alpha[3]",0.152481728941994,0.901866813251019,-1.83927503067525,0.233847029705132,1.69446227704139
"constant_weights",21,"legere","alpha[4]",-0.256182572888373,0.926485594816544,-2.26006186685676,-0.197392036422942,1.40263045994035
"constant_weights",21,"legere","beta[1,1]",-0.10265132679174,0.448162511935123,-1.27627630097915,-0.0249937073157021,0.69791604763709
"constant_weights",21,"legere","beta[2,1]",0.0659265496544349,0.244379633826549,-0.435384699480697,0.0372274828009575,0.615200331020052
"constant_weights",21,"legere","beta[3,1]",0.125521768434774,0.455865632274383,-0.62907829519373,0.0284206016101107,1.26897055926069
"constant_weights",21,"legere","beta[4,1]",-0.135932247786107,0.421370890958077,-1.15026633886355,-0.0406361416587726,0.544599811739451
"constant_weights",21,"legere","beta[1,2]",-0.0669234940399484,0.368072838092564,-0.963327193132923,-0.0155712765546537,0.617270510530091
"constant_weights",21,"legere","beta[2,2]",0.0130091652255133,0.227221395514312,-0.432817262018883,0.00634360095823904,0.511011916932795
"constant_weights",21,"legere","beta[3,2]",0.171207229313797,0.400066386254625,-0.404466812623547,0.0633088419956834,1.19924177370669
"constant_weights",21,"legere","beta[4,2]",-0.000389144435991179,0.296379884555694,-0.656107682034549,-0.00177560127909166,0.671639967137596
"constant_weights",21,"legere","beta[1,3]",0.0800828496776054,0.708061160699226,-1.55009641413908,0.0244801355573615,1.62491460397257
"constant_weights",21,"legere","beta[2,3]",-0.218410092809835,0.373948806039448,-1.09010752773179,-0.13985324064557,0.397107433120611
"constant_weights",21,"legere","beta[3,3]",-0.0291743416860435,0.805345004387361,-1.91866693201982,-0.00298307556362051,1.67346726530891
"constant_weights",21,"legere","beta[4,3]",-0.695477596749246,0.877449206064239,-2.88816638629614,-0.3910233278911,0.292465824391667
"constant_weights",21,"legere","beta[1,4]",-0.0115156936556444,0.327094533115302,-0.748167455109937,-0.00234600916278606,0.700385192361655
"constant_weights",21,"legere","beta[2,4]",0.00419888301563609,0.211788328158661,-0.4738879243306,0.00381909034171704,0.446218217958232
"constant_weights",21,"legere","beta[3,4]",-0.0840381765965775,0.366391247323005,-1.06582658095285,-0.0168817961596683,0.511545590988612
"constant_weights",21,"legere","beta[4,4]",0.0246767580280518,0.314398340459214,-0.656791964015712,0.00080237853568246,0.748928087472614
"constant_weights",21,"legere","tau[1]",0.39348711153897,0.36365017308497,0.0142270568438208,0.286245307143026,1.33098898142326
"constant_weights",21,"legere","tau[2]",0.300057108862787,0.241935947445084,0.0110630245056046,0.24104825039829,0.928036547454315
"constant_weights",21,"legere","tau[3]",0.669532641818652,0.532217937775057,0.013259494993314,0.555441855264936,1.89628190332584
"constant_weights",21,"legere","tau[4]",0.268753777393495,0.231352648263728,0.0092878429768192,0.203544433896483,0.878054108498565
"constant_weights",22,"legere","alpha[1]",0.0416997026456887,1.17554361130581,-2.54782456435111,0.1729508237416,2.07096802116742
"constant_weights",22,"legere","alpha[2]",1.78014540844071,0.461925675222204,0.989489951677637,1.7366082747665,2.78109769018951
"constant_weights",22,"legere","alpha[3]",-0.191889103919447,1.1335406751934,-2.76140669461314,-0.0624397279118602,1.66583210945087
"constant_weights",22,"legere","alpha[4]",-0.866807522308943,1.07450800676873,-3.15432729023439,-0.747925351305789,0.998034096273929
"constant_weights",22,"legere","beta[1,1]",-0.116653373852847,0.502651789638788,-1.29757493348449,-0.039223567896423,0.833553131177173
"constant_weights",22,"legere","beta[2,1]",-0.160753607862198,0.293809881887036,-0.853755551798231,-0.0991727695413868,0.321604149686593
"constant_weights",22,"legere","beta[3,1]",-0.138667568286556,0.426886636685141,-1.22052472193419,-0.0576731454879176,0.66023982730623
"constant_weights",22,"legere","beta[4,1]",0.163981169955756,0.470647239805924,-0.715548639044263,0.0741186146815963,1.36467068176285
"constant_weights",22,"legere","beta[1,2]",-0.059127499999903,0.364811979633507,-0.959457563458062,-0.0118607742430575,0.631070685852364
"constant_weights",22,"legere","beta[2,2]",0.00834845390267917,0.220720590926882,-0.479463200309164,0.00366885208717674,0.455630465465292
"constant_weights",22,"legere","beta[3,2]",-0.183883102238791,0.411142846142697,-1.26291269720591,-0.0615301563087968,0.435804771831502
"constant_weights",22,"legere","beta[4,2]",-0.118678515699257,0.405438798091273,-1.17020163508556,-0.028902194426333,0.550771655380586
"constant_weights",22,"legere","beta[1,3]",0.043515616217595,0.426556555394856,-0.858325075243389,0.0151874950395732,1.04791563399128
"constant_weights",22,"legere","beta[2,3]",-0.120519747573277,0.256994692138541,-0.740570644039223,-0.0841945441404655,0.351780873343136
"constant_weights",22,"legere","beta[3,3]",-0.0421120886747916,0.435550651714242,-1.0557707617782,-0.00752582364891298,0.83058066746608
"constant_weights",22,"legere","beta[4,3]",0.118767301903862,0.42836955613108,-0.717805014286294,0.0494841818766997,1.16223440552816
"constant_weights",22,"legere","beta[1,4]",-0.0632911127105997,0.288702994893578,-0.769571781054627,-0.0200806049320101,0.443662253170817
"constant_weights",22,"legere","beta[2,4]",-0.0486486584227005,0.205374210426592,-0.513892592444629,-0.018352505974928,0.332140879819819
"constant_weights",22,"legere","beta[3,4]",0.0337586733688635,0.257831017299551,-0.503761406475122,0.00648412578719941,0.615187119561352
"constant_weights",22,"legere","beta[4,4]",0.0356519457415406,0.28748121893199,-0.557639377336606,0.0108414689460955,0.66141256308066
"constant_weights",22,"legere","tau[1]",0.450700930362257,0.390082473821793,0.0214035882676223,0.348478679767584,1.46604619409306
"constant_weights",22,"legere","tau[2]",0.313335712897727,0.258718314843347,0.00727419492520682,0.246779141574565,0.94574223493498
"constant_weights",22,"legere","tau[3]",0.40721978294553,0.346148517033721,0.0179003678671006,0.315482634194059,1.33376938510696
"constant_weights",22,"legere","tau[4]",0.253548857792787,0.215679141198911,0.00954886442432457,0.201708643926101,0.825461078817594
"constant_weights",23,"legere","alpha[1]",-0.340267469386844,1.20532117580512,-3.00329029760258,-0.18863891624543,1.67045419492076
"constant_weights",23,"legere","alpha[2]",1.66949664735417,0.450980102235077,0.905682364739631,1.63079748921279,2.69832993092447
"constant_weights",23,"legere","alpha[3]",0.424870323746211,0.963027499742241,-1.93469183748622,0.552093369438678,2.00854260000719
"constant_weights",23,"legere","alpha[4]",-0.559161024149929,1.03935060942461,-2.83477331434502,-0.520319575597677,1.25444251607934
"constant_weights",23,"legere","beta[1,1]",-0.249025941667213,0.550021033558193,-1.70820836978316,-0.0792439604178271,0.501264649286061
"constant_weights",23,"legere","beta[2,1]",-0.0259427007590624,0.278189641407982,-0.660899841639225,-0.00349730402089612,0.503943799355003
"constant_weights",23,"legere","beta[3,1]",-0.0692225461851813,0.409982557788388,-1.01200363370009,-0.0263552826221996,0.764661944365431
"constant_weights",23,"legere","beta[4,1]",-0.0115075023485131,0.422115087090932,-0.983574833408133,-0.00235093204986767,0.863160722001137
"constant_weights",23,"legere","beta[1,2]",-0.154217904568276,0.401735871127336,-1.23908451857893,-0.0545638265164921,0.490524743514203
"constant_weights",23,"legere","beta[2,2]",-0.123899245857698,0.269796185248992,-0.805890597622945,-0.0570205942262555,0.313959788784235
"constant_weights",23,"legere","beta[3,2]",-0.103527437237401,0.375961036452452,-1.03445212129897,-0.0289268217538207,0.598761628816249
"constant_weights",23,"legere","beta[4,2]",-0.105081863816937,0.398313162810415,-1.11787582387451,-0.0286623918305864,0.60136047592281
"constant_weights",23,"legere","beta[1,3]",0.19772628921455,0.580384739358624,-0.810249633133114,0.0842045502919245,1.6372051270319
"constant_weights",23,"legere","beta[2,3]",0.0597306893952429,0.303464375301739,-0.579099325541613,0.0467987835322141,0.677981959167769
"constant_weights",23,"legere","beta[3,3]",-0.215673831392427,0.53402575141969,-1.49284848086373,-0.108442201372482,0.811322221952068
"constant_weights",23,"legere","beta[4,3]",-0.432358395631568,0.668173567090423,-2.08712528812806,-0.236212650619317,0.479131399565696
"constant_weights",23,"legere","beta[1,4]",0.0100715710629968,0.335012168608942,-0.676921226435637,0.000137395686256977,0.761280209033031
"constant_weights",23,"legere","beta[2,4]",-0.0577343384851411,0.235514080997418,-0.613551848242847,-0.0215340496626236,0.350129551819511
"constant_weights",23,"legere","beta[3,4]",-0.229305447262537,0.38487381080276,-1.19395100326586,-0.118564896310393,0.33663800046221
"constant_weights",23,"legere","beta[4,4]",-0.00811147560707332,0.315228480523574,-0.751532080442415,-0.000831324008635691,0.682805245795036
"constant_weights",23,"legere","tau[1]",0.423077150562351,0.389750550134247,0.0128853722284974,0.306879933357794,1.44785946185939
"constant_weights",23,"legere","tau[2]",0.328882623496553,0.261527283182674,0.0128719606157423,0.264055647080197,0.979412243272614
"constant_weights",23,"legere","tau[3]",0.573803043146007,0.455720102717448,0.0236203059214453,0.462840123260056,1.71808920601868
"constant_weights",23,"legere","tau[4]",0.312224245210489,0.240918846013768,0.0121878903464237,0.260723343229276,0.902727218890563
"constant_weights",24,"legere","alpha[1]",0.379930250301041,1.14341179799502,-2.20590599198672,0.473236507974418,2.37887594623205
"constant_weights",24,"legere","alpha[2]",2.36864169275494,0.512284401916261,1.4949969494279,2.31674110916642,3.47099988248077
"constant_weights",24,"legere","alpha[3]",0.242885814269007,1.16245066902226,-2.42368628774312,0.375503265371078,2.12081275152852
"constant_weights",24,"legere","alpha[4]",-0.046257066390796,1.06948938288394,-2.43721813907852,0.0479854640572771,1.75254174319649
"constant_weights",24,"legere","beta[1,1]",-0.0149041569928574,0.422274010870513,-0.947767863002368,-0.00203751352378487,0.906322825959526
"constant_weights",24,"legere","beta[2,1]",-0.0337274694671227,0.265323460639407,-0.666188889382832,-0.0163121916941709,0.504137305808033
"constant_weights",24,"legere","beta[3,1]",0.0161068000420973,0.411542715993482,-0.81409128064898,0.000559736453004108,0.92175650683097
"constant_weights",24,"legere","beta[4,1]",0.120478938199439,0.441690288966214,-0.65939953257318,0.0388893777268715,1.28208076945098
"constant_weights",24,"legere","beta[1,2]",-0.055817173377449,0.326074492321936,-0.832633200230305,-0.0119675962206654,0.494763889148069
"constant_weights",24,"legere","beta[2,2]",-0.049296132926336,0.226239750454368,-0.623376805852744,-0.0192062636771813,0.360672988055804
"constant_weights",24,"legere","beta[3,2]",-0.0168477775650964,0.301169304438338,-0.686771753274304,-0.00340171679993975,0.613603133515264
"constant_weights",24,"legere","beta[4,2]",-0.00286800389218137,0.317087861761112,-0.676691003043688,-0.0011717517604658,0.676334577356683
"constant_weights",24,"legere","beta[1,3]",0.078420911167354,0.443630909286579,-0.736485613556025,0.0232962047468158,1.17195391797272
"constant_weights",24,"legere","beta[2,3]",-0.0384582120658224,0.267386421375439,-0.60354774284451,-0.0210456248682292,0.533346276858329
"constant_weights",24,"legere","beta[3,3]",-0.000133492201886501,0.428904023886293,-0.968784071105826,0.00232922887607499,0.905666242340346
"constant_weights",24,"legere","beta[4,3]",0.0623036645731176,0.412659176919504,-0.705684460386867,0.0149594589202059,1.04394606367597
"constant_weights",24,"legere","beta[1,4]",0.0249847258380685,0.311424920521134,-0.626865502281664,0.00761147163801719,0.694326017888286
"constant_weights",24,"legere","beta[2,4]",0.0179403432089778,0.205230164747649,-0.434417092410973,0.00727698029250667,0.458116846917456
"constant_weights",24,"legere","beta[3,4]",-0.0106263764196061,0.302664918917162,-0.679253843891399,-0.00295467568705139,0.630913354300149
"constant_weights",24,"legere","beta[4,4]",-0.041373450867763,0.294766959152018,-0.702090153495112,-0.0143956004504044,0.568824901189383
"constant_weights",24,"legere","tau[1]",0.382295304882464,0.345070934297684,0.0134008462426697,0.271646113544671,1.31883779355058
"constant_weights",24,"legere","tau[2]",0.271902950317883,0.223482639263858,0.0105525960889068,0.220696720011474,0.844444442228016
"constant_weights",24,"legere","tau[3]",0.381080146249291,0.368270019910374,0.0121918060579018,0.27333501308048,1.35867789600659
"constant_weights",24,"legere","tau[4]",0.265628030831086,0.218656802720617,0.0104339531764485,0.208071628693917,0.808480232629601
"constant_weights",25,"legere","alpha[1]",0.0797713796980245,1.06907109127646,-2.38789702142232,0.182912403949411,1.93396984533
"constant_weights",25,"legere","alpha[2]",1.57680486165963,0.458391419257942,0.759329052207853,1.53849652591915,2.61815930723922
"constant_weights",25,"legere","alpha[3]",-0.102845671197496,1.06822132113025,-2.5523514378498,0.0510652908985696,1.7155219174677
"constant_weights",25,"legere","alpha[4]",-0.56400118054776,1.20065789275788,-3.22221822531255,-0.414342172125398,1.4931503883452
"constant_weights",25,"legere","beta[1,1]",-0.1986516947265,0.525664164603137,-1.5770628606188,-0.0653241906156313,0.59319717592101
"constant_weights",25,"legere","beta[2,1]",-0.0389455891104321,0.263253222360641,-0.665293689128588,-0.0104228875994927,0.437681222517603
"constant_weights",25,"legere","beta[3,1]",0.188531371070708,0.43202176583009,-0.489656979898652,0.0861416792061093,1.28961545193519
"constant_weights",25,"legere","beta[4,1]",-0.0389009575547623,0.452463367034592,-1.06037022723114,-0.00875772436236638,0.920011504378651
"constant_weights",25,"legere","beta[1,2]",-0.0245688012776558,0.342148691689398,-0.78133656844859,-0.0095247339709852,0.694626366563022
"constant_weights",25,"legere","beta[2,2]",0.096648511778507,0.224676468788968,-0.308580154179715,0.056101897915084,0.61516471113448
"constant_weights",25,"legere","beta[3,2]",-0.0614854702560444,0.330763616476058,-0.869629961935572,-0.0225268737347711,0.584773992830163
"constant_weights",25,"legere","beta[4,2]",-0.0412434553254261,0.373555227820184,-0.897037810011021,-0.0160965950609311,0.696250974421881
"constant_weights",25,"legere","beta[1,3]",0.0412006830595682,0.440400206389797,-0.943867088119378,0.0308504618269524,0.977695632288951
"constant_weights",25,"legere","beta[2,3]",-0.209679756006677,0.293792709395936,-0.926824660002612,-0.14923082540009,0.22398688399963
"constant_weights",25,"legere","beta[3,3]",-0.0162925639546965,0.439319432704314,-1.0312574850353,0.00407439954673055,0.834428913862046
"constant_weights",25,"legere","beta[4,3]",-0.141029250599094,0.505188876373695,-1.40831721467888,-0.0413768261746195,0.701919427667689
"constant_weights",25,"legere","beta[1,4]",-0.103589113144497,0.320602806978863,-0.891332586396138,-0.0446309747020507,0.457652774238126
"constant_weights",25,"legere","beta[2,4]",0.0867526272211771,0.227188359741777,-0.355888730189741,0.0454534230814424,0.634841035197204
"constant_weights",25,"legere","beta[3,4]",-0.0821397967472257,0.287216997760906,-0.75638254835913,-0.0334047658114709,0.457619543350297
"constant_weights",25,"legere","beta[4,4]",-0.0205893025644096,0.327351662007561,-0.740423992044425,-0.0038287724884267,0.686475678335111
"constant_weights",25,"legere","tau[1]",0.436765321179413,0.379679959304637,0.0202951135282815,0.338875244215099,1.41113066799965
"constant_weights",25,"legere","tau[2]",0.301323448476133,0.23697685586061,0.0111717401601567,0.246505999961289,0.886617444771503
"constant_weights",25,"legere","tau[3]",0.439523218747933,0.372684460491303,0.0193589036818801,0.35716549638521,1.37261932221358
"constant_weights",25,"legere","tau[4]",0.285646151029493,0.228211853020201,0.0096842696093545,0.233868833267177,0.857072446490329
"constant_weights",26,"legere","alpha[1]",-0.229729812232046,1.16131974102125,-2.82225850971836,-0.126452809156561,1.75996645463254
"constant_weights",26,"legere","alpha[2]",1.91468328747901,0.454399503277209,1.12380563145722,1.87184760871394,2.92471867919984
"constant_weights",26,"legere","alpha[3]",-0.278704810828622,1.13119885779651,-2.93825340375004,-0.140021597087585,1.60725659062752
"constant_weights",26,"legere","alpha[4]",-0.401126566188705,1.05692688584719,-2.76025767444718,-0.298284795530359,1.50322099010124
"constant_weights",26,"legere","beta[1,1]",0.0642237811555499,0.43818295298373,-0.807446417698547,0.0145825748615592,1.12619617020132
"constant_weights",26,"legere","beta[2,1]",-0.0793167477570581,0.257275523094761,-0.671048697548759,-0.0414062250363334,0.395432003505858
"constant_weights",26,"legere","beta[3,1]",0.0862292395735513,0.395134495137631,-0.737977891572343,0.0353004827981504,1.00752347663019
"constant_weights",26,"legere","beta[4,1]",-0.0512215506268614,0.412451212911645,-1.09440647781565,-0.0107354818534445,0.752661945215388
"constant_weights",26,"legere","beta[1,2]",-0.0431841175351842,0.391452774586721,-0.973322726022963,-0.00926967513605956,0.712607837582359
"constant_weights",26,"legere","beta[2,2]",0.0177141792984706,0.225756502589043,-0.475173951944244,0.0138751891293072,0.504640605703686
"constant_weights",26,"legere","beta[3,2]",-0.115357811235436,0.387524666210037,-1.10589657690261,-0.0391628993816822,0.533415907799453
"constant_weights",26,"legere","beta[4,2]",-0.099448153419009,0.379137748967797,-0.977330121803899,-0.0361369955128238,0.574106849983146
"constant_weights",26,"legere","beta[1,3]",0.105363221551606,0.429174084882083,-0.709051667200304,0.0339754180374321,1.17281106968846
"constant_weights",26,"legere","beta[2,3]",-0.00717442267628511,0.248294471812863,-0.519684901247319,-0.00458083363363976,0.518889197802735
"constant_weights",26,"legere","beta[3,3]",0.160793305536038,0.548321347598134,-0.73960818957133,0.0425352045813678,1.67154997123974
"constant_weights",26,"legere","beta[4,3]",-0.0722115404136867,0.466891981954878,-1.16962255807419,-0.0158129091838637,0.866706762565727
"constant_weights",26,"legere","beta[1,4]",0.0965496079037308,0.354004384441651,-0.573715379716409,0.0350674711574891,0.988506162625892
"constant_weights",26,"legere","beta[2,4]",0.155421920993475,0.249715110509032,-0.244161098142753,0.103418896597122,0.754661843832575
"constant_weights",26,"legere","beta[3,4]",-0.00143113425094043,0.36842325971149,-0.829737588081574,0.00016193412631078,0.832190640338136
"constant_weights",26,"legere","beta[4,4]",-0.0814003049142796,0.344934561959282,-0.920360230210034,-0.0325248500534976,0.573705171450232
"constant_weights",26,"legere","tau[1]",0.397803062069724,0.358838808093225,0.0170413516717878,0.293826558990009,1.34902222449329
"constant_weights",26,"legere","tau[2]",0.319148768340181,0.24938293666631,0.0145287167369969,0.263996010177861,0.947292968640309
"constant_weights",26,"legere","tau[3]",0.427459230056847,0.386140926234061,0.013047418362752,0.317520855809257,1.49241666716746
"constant_weights",26,"legere","tau[4]",0.319703032843809,0.245468013972234,0.01534313088928,0.26017595283495,0.929755475683797
"constant_weights",27,"complete","alpha[1]",0.220522017133172,1.12041045171519,-2.34939591754636,0.320986496319912,2.15196176665348
"constant_weights",27,"complete","alpha[2]",2.05540707576593,0.50774025268831,1.19037038386689,2.01518891837485,3.16484312180969
"constant_weights",27,"complete","alpha[3]",-0.668696999583693,1.18924300239277,-3.1685559670217,-0.583717046982162,1.39060941284896
"constant_weights",27,"complete","alpha[4]",0.391281397566644,0.915534558833005,-1.702366634383,0.440708767632721,2.02724397084557
"constant_weights",27,"complete","beta[1,1]",-0.724354774955397,0.854721672142995,-2.76709060505339,-0.531253696280559,0.435759345863155
"constant_weights",27,"complete","beta[2,1]",0.125754813729922,0.394877825118385,-0.639577414143318,0.0859568532145352,1.03124874182369
"constant_weights",27,"complete","beta[3,1]",0.161174216849605,0.722460470307461,-1.24192020510201,0.0623035824478479,1.83793652892279
"constant_weights",27,"complete","beta[4,1]",0.484123960324357,0.615473369683275,-0.454152968211469,0.362537429095811,1.91047505636496
"constant_weights",27,"complete","beta[1,2]",0.0185113384071213,0.318965128192442,-0.632464902730166,0.0050479252099839,0.722070142563299
"constant_weights",27,"complete","beta[2,2]",0.0502235177148701,0.245155382739396,-0.441351654050784,0.0153931249692206,0.627198612934593
"constant_weights",27,"complete","beta[3,2]",0.00493989522727006,0.308790009114315,-0.633594388524562,0.000579913253877134,0.700587575444869
"constant_weights",27,"complete","beta[4,2]",0.0286285781255557,0.293165846493765,-0.572023618436893,0.00514816522055321,0.737247111683122
"constant_weights",27,"complete","beta[1,3]",0.222914850322888,0.510824192991367,-0.737334989850313,0.16555252816481,1.35087086014759
"constant_weights",27,"complete","beta[2,3]",0.170180924138299,0.318228571547537,-0.448980759960231,0.15450678877512,0.857678813223973
"constant_weights",27,"complete","beta[3,3]",-0.198999433417084,0.587351693658699,-1.5201938787568,-0.125243772279669,0.985111943846851
"constant_weights",27,"complete","beta[4,3]",-0.620506971708909,0.6033137378778,-2.04066067609696,-0.529249889979687,0.275986843041236
"constant_weights",27,"complete","beta[1,4]",0.0074320782047921,0.301488183533655,-0.668499725011467,0.00395850460128254,0.637024677373694
"constant_weights",27,"complete","beta[2,4]",-0.107792096868968,0.247252386682768,-0.70429811634774,-0.0528637825659885,0.304279820675347
"constant_weights",27,"complete","beta[3,4]",-0.03130009497564,0.325865647096012,-0.804227730491533,-0.00717939536181587,0.640758714672777
"constant_weights",27,"complete","beta[4,4]",0.0235882999687999,0.283462259294149,-0.577168769123262,0.00407294658419389,0.652905385289826
"constant_weights",27,"complete","tau[1]",0.749021744591087,0.524980916867823,0.0326869287275198,0.666508312079206,2.01104827065119
"constant_weights",27,"complete","tau[2]",0.269035343358409,0.223238160524449,0.0120068530928085,0.210764453716407,0.832105636049871
"constant_weights",27,"complete","tau[3]",0.661087599851818,0.427505378756123,0.0583708799766049,0.59436114680401,1.69347312126713
"constant_weights",27,"complete","tau[4]",0.277105419022416,0.222203282677589,0.0124528819863455,0.225432783969859,0.828839214565906
"constant_weights",28,"legere","alpha[1]",-1.03876846757534,1.13820227431223,-3.41881535164296,-0.994139793673085,1.00050033388993
"constant_weights",28,"legere","alpha[2]",1.87430817193148,0.468089555652521,1.08715030632979,1.81871073930058,2.90390743628228
"constant_weights",28,"legere","alpha[3]",-0.048486665414238,1.06177273280865,-2.46441273837387,0.0782024054309833,1.77109811773606
"constant_weights",28,"legere","alpha[4]",-0.0865623997759,1.01116975653169,-2.32753652271942,-0.00546202444539959,1.65169311829844
"constant_weights",28,"legere","beta[1,1]",-0.048087814882859,0.470821005188448,-1.14250982833135,-0.0111407633082294,0.885261866176047
"constant_weights",28,"legere","beta[2,1]",0.163312106202901,0.292433570593307,-0.319653333649573,0.101147152732552,0.855515561513963
"constant_weights",28,"legere","beta[3,1]",0.143521676198617,0.5079546167397,-0.704786895992632,0.0451166798036957,1.44254617071399
"constant_weights",28,"legere","beta[4,1]",0.134557523125127,0.459191622637205,-0.610376976441236,0.0235649892681798,1.33165840238005
"constant_weights",28,"legere","beta[1,2]",-0.0973756206019207,0.473597621872107,-1.2148873052583,-0.0266663783402477,0.790994041015476
"constant_weights",28,"legere","beta[2,2]",0.159837993152363,0.28853352073403,-0.324715265266362,0.0983238438182471,0.834486130494117
"constant_weights",28,"legere","beta[3,2]",0.179695508062964,0.488741550498044,-0.603942143561877,0.0499358887363909,1.47544789970939
"constant_weights",28,"legere","beta[4,2]",-0.0214844286174418,0.446239854335411,-1.04781945517501,-0.00518594792592264,0.870982781695673
"constant_weights",28,"legere","beta[1,3]",0.0175159911334397,0.36754251986649,-0.775551568912736,0.00659161877233854,0.847744324239371
"constant_weights",28,"legere","beta[2,3]",-0.0311391042682778,0.225762146110826,-0.558798818956938,-0.00902095715653414,0.436266762542375
"constant_weights",28,"legere","beta[3,3]",-0.0403750932327073,0.370266254472762,-0.968218193089794,-0.00633778212289191,0.722000400867034
"constant_weights",28,"legere","beta[4,3]",0.00934866492380182,0.361374452521264,-0.724471335562342,0.00168010000548715,0.785606084846782
"constant_weights",28,"legere","beta[1,4]",0.0490020153699654,0.301857895873851,-0.566376260430528,0.0100092056420767,0.81108050231616
"constant_weights",28,"legere","beta[2,4]",-0.015303907723115,0.205523040250284,-0.485938235730266,-0.00288965608297776,0.383715692134716
"constant_weights",28,"legere","beta[3,4]",-0.133559315730292,0.356118458131195,-1.03413370280674,-0.0544935061522677,0.42215126431615
"constant_weights",28,"legere","beta[4,4]",-0.0637342523111241,0.32533600074818,-0.827153957667632,-0.0169409802988,0.549247945265479
"constant_weights",28,"legere","tau[1]",0.430120201276991,0.396633287067796,0.0109899180386305,0.315778616761591,1.49193512588546
"constant_weights",28,"legere","tau[2]",0.359635949330841,0.288207046360114,0.0129274817220974,0.299122474310475,1.06378855191247
"constant_weights",28,"legere","tau[3]",0.340446228300323,0.319268242006107,0.0106186834388726,0.249598848183106,1.16766663996486
"constant_weights",28,"legere","tau[4]",0.280725148584751,0.228266633500309,0.00816488935206188,0.22232873384281,0.850380874195174
"constant_weights",29,"legere","alpha[1]",-0.129920515526692,1.18749011864255,-2.69303405791989,-0.0674484448104577,1.92562718344809
"constant_weights",29,"legere","alpha[2]",1.62138963362617,0.486604261922801,0.75459359149707,1.57014098670765,2.67645720264504
"constant_weights",29,"legere","alpha[3]",0.405007337201057,1.14956493846821,-2.28905839250199,0.572812182804553,2.25979516708983
"constant_weights",29,"legere","alpha[4]",-0.535501263080629,1.09723233150823,-2.92298483357043,-0.420595609027444,1.378345148304
"constant_weights",29,"legere","beta[1,1]",-0.00895492714715631,0.642452197194043,-1.33846965189383,-0.0187845146424767,1.44090900444038
"constant_weights",29,"legere","beta[2,1]",0.35242392937449,0.429055304953409,-0.247373931677464,0.255196151899146,1.38258702418527
"constant_weights",29,"legere","beta[3,1]",0.318160961925794,0.708772665945727,-0.924264328074461,0.126127741287677,2.09990472737746
"constant_weights",29,"legere","beta[4,1]",0.297815894554376,0.712868610782368,-0.809262050547542,0.0961663425332847,2.05692168711793
"constant_weights",29,"legere","beta[1,2]",-0.057562842380398,0.362611753386187,-0.951782058322053,-0.0148669459694832,0.639319672430293
"constant_weights",29,"legere","beta[2,2]",0.0387927723154478,0.259931818341019,-0.444696249448482,0.0123829822902602,0.622700264812853
"constant_weights",29,"legere","beta[3,2]",0.132404266440553,0.383622629975075,-0.502500603684165,0.0437656927266039,1.08580403677932
"constant_weights",29,"legere","beta[4,2]",0.0949638323435568,0.360617028527919,-0.549011044670706,0.0289221034117383,0.96099931517995
"constant_weights",29,"legere","beta[1,3]",0.0345714076677475,0.450554143202597,-0.871207404426921,0.00145400171399896,1.19528498994353
"constant_weights",29,"legere","beta[2,3]",0.182269786304582,0.295691949728772,-0.271049648232002,0.112062959517917,0.898265905302479
"constant_weights",29,"legere","beta[3,3]",0.0354408426320264,0.41839459569922,-0.810609937245001,0.00271721454018117,1.02844947875417
"constant_weights",29,"legere","beta[4,3]",-0.000365054929285035,0.403064313232618,-0.771111296746212,-0.00498425982333299,0.887624690783388
"constant_weights",29,"legere","beta[1,4]",0.112608992947232,0.341873975282803,-0.501512570102166,0.0448759515009274,0.928046038343706
"constant_weights",29,"legere","beta[2,4]",-0.0471518437515649,0.243757902730013,-0.637543907966148,-0.0141228842119776,0.427537232820033
"constant_weights",29,"legere","beta[3,4]",-0.0769747031292701,0.356113913943128,-0.881533974042643,-0.0278846736847692,0.58741538209095
"constant_weights",29,"legere","beta[4,4]",-0.134150544988465,0.366579033756233,-0.994278273482345,-0.0459735113365261,0.501633097815573
"constant_weights",29,"legere","tau[1]",0.62288096651062,0.497759917517792,0.0228442363687175,0.501785138063343,1.79086547011882
"constant_weights",29,"legere","tau[2]",0.310951629778163,0.250323084273789,0.0106483240399803,0.25887483158515,0.92181921890859
"constant_weights",29,"legere","tau[3]",0.409491183618318,0.361692548825827,0.0148604536917558,0.308463787351142,1.39451248673822
"constant_weights",29,"legere","tau[4]",0.307301006396939,0.240174374235918,0.0119217665431926,0.25672149842547,0.911798890400864
"constant_weights",30,"legere","alpha[1]",-0.188438592305785,1.1490391262734,-2.60688319594501,-0.0874740975385748,1.8157709137523
"constant_weights",30,"legere","alpha[2]",1.42179400747173,0.469569952000136,0.586934741503276,1.39663241753058,2.49158174526112
"constant_weights",30,"legere","alpha[3]",1.07659307580946,0.819587051093973,-0.819374014368252,1.14362784929315,2.50603511574816
"constant_weights",30,"legere","alpha[4]",-0.640668708426418,1.09823567230854,-3.06408450327264,-0.552059683868308,1.22366600394086
"constant_weights",30,"legere","beta[1,1]",-0.116929695074111,0.523924171883896,-1.52575804974492,-0.0216240812861069,0.769760525889654
"constant_weights",30,"legere","beta[2,1]",0.0219266861580305,0.306607577654483,-0.606879577744786,0.00606835299101089,0.752279464016567
"constant_weights",30,"legere","beta[3,1]",0.294738711774339,0.534450148281504,-0.372333970314942,0.138434986370513,1.67400638191731
"constant_weights",30,"legere","beta[4,1]",0.0911920266737422,0.490773499489657,-0.87066258007979,0.0213977691340999,1.28104556660363
"constant_weights",30,"legere","beta[1,2]",-0.0331683296035278,0.294160142783129,-0.717391386246715,-0.00670069317807262,0.534518090869857
"constant_weights",30,"legere","beta[2,2]",0.0335566379573254,0.224825035992924,-0.427802455778294,0.0127241412624819,0.548210689506951
"constant_weights",30,"legere","beta[3,2]",0.0509343415354305,0.259036074489404,-0.437285278273701,0.0167289117747238,0.596249321953869
"constant_weights",30,"legere","beta[4,2]",-0.000714027332267359,0.297668136756608,-0.590263875468169,-0.00276353675350854,0.680317318067387
"constant_weights",30,"legere","beta[1,3]",0.104909093528132,0.463104443379881,-0.724250362927223,0.0189370908505611,1.26564183320056
"constant_weights",30,"legere","beta[2,3]",-0.0505585225614945,0.264183637132204,-0.692921230088112,-0.0195918891696178,0.493588622328543
"constant_weights",30,"legere","beta[3,3]",-0.0208985132538459,0.366574549390525,-0.848907732372933,-0.00195083996913692,0.717711681629043
"constant_weights",30,"legere","beta[4,3]",-0.111719744349041,0.459026749827527,-1.26573690289497,-0.033233625132869,0.699434446356501
"constant_weights",30,"legere","beta[1,4]",0.129209502369359,0.386629909290716,-0.520708973345,0.0444090430598916,1.07815867480033
"constant_weights",30,"legere","beta[2,4]",-0.181545192386836,0.285875488453816,-0.894278773375197,-0.10735053393803,0.239113844596434
"constant_weights",30,"legere","beta[3,4]",0.0304476101465828,0.323433369667246,-0.671167812089099,0.0148434757475807,0.725443778932088
"constant_weights",30,"legere","beta[4,4]",-0.0168737937362958,0.356287355248143,-0.800405947269893,0.000410728422414417,0.683523802873348
"constant_weights",30,"legere","tau[1]",0.459725078359898,0.404594045471371,0.0142501152035919,0.343151438831403,1.50085573160865
"constant_weights",30,"legere","tau[2]",0.258255981586081,0.213876716416072,0.00807839782376433,0.20617387318629,0.808661185563809
"constant_weights",30,"legere","tau[3]",0.399518588285794,0.368822627806384,0.013581364499836,0.292036085309505,1.35166909948421
"constant_weights",30,"legere","tau[4]",0.323133605099532,0.245364417736618,0.0142886381141429,0.274420578588707,0.920430662907808
"horizon_only",1,"legere","alpha[1]",-1.47384575803238,1.01191052660956,-3.60205908124342,-1.400670874624,0.301855085158937
"horizon_only",1,"legere","alpha[2]",0.334553123617775,0.370355652294944,-0.367639837392695,0.332316183751938,1.09868739353077
"horizon_only",1,"legere","alpha[3]",-0.882968685992931,0.804077077139502,-2.71924304481415,-0.821188180058286,0.478904544938016
"horizon_only",1,"legere","alpha[4]",-0.778503825668125,0.925039961998604,-2.9035690408458,-0.699346014897705,0.744665412616905
"horizon_only",1,"legere","beta[1,1]",0.016397503971374,0.451889504292923,-0.945390965675029,0.00293880831396001,0.978218604267453
"horizon_only",1,"legere","beta[2,1]",-0.0940341877349748,0.269667892248386,-0.720211892002007,-0.041304547385677,0.38993940100542
"horizon_only",1,"legere","beta[3,1]",0.0170040204438354,0.374286489787596,-0.810874743745522,0.0048595059507096,0.831653560204192
"horizon_only",1,"legere","beta[4,1]",-0.0410774254026534,0.423756703865468,-1.04303942302903,-0.00344079039806377,0.80799857955496
"horizon_only",1,"legere","beta[1,2]",0.0404473551563023,0.380780601423663,-0.707205470494124,0.00569281258013801,0.931406610256241
"horizon_only",1,"legere","beta[2,2]",-0.17521090632824,0.286465948036616,-0.865402374284443,-0.107390926706634,0.270770353504511
"horizon_only",1,"legere","beta[3,2]",0.0892507087931823,0.31768731831403,-0.464366307329333,0.0339303836703056,0.870473081847423
"horizon_only",1,"legere","beta[4,2]",0.0884029840312725,0.32362772413361,-0.563087352560438,0.0349696750970052,0.835757702550366
"horizon_only",1,"legere","beta[1,3]",0.0387142301040534,0.748250679261787,-1.41505873458242,0.0329186809900729,1.60590230553738
"horizon_only",1,"legere","beta[2,3]",1.32071685930631,0.484444307562123,0.53124071992499,1.26095670819409,2.39400104209455
"horizon_only",1,"legere","beta[3,3]",-0.683055262242987,0.770915017373241,-2.29484280111173,-0.645123984848646,0.792943510765062
"horizon_only",1,"legere","beta[4,3]",0.274862469601287,0.701020527073364,-1.09222297299338,0.246510402982674,1.67094207096184
"horizon_only",1,"legere","beta[1,4]",0.0268203921539617,0.314752949428926,-0.608279184777972,0.00662734057506867,0.794958600351102
"horizon_only",1,"legere","beta[2,4]",0.0502527610292423,0.22407690941864,-0.37298001542861,0.0222452648920811,0.56848498037368
"horizon_only",1,"legere","beta[3,4]",0.029666707856037,0.328004216016487,-0.633450624628701,0.00628732115305583,0.783157661709412
"horizon_only",1,"legere","beta[4,4]",-0.0925205077232484,0.315523812155634,-0.859812328283132,-0.0280584723510553,0.480830699115567
"horizon_only",1,"legere","tau[1]",0.390205390794363,0.345438466361306,0.0108428848202642,0.299301815815287,1.33490546445216
"horizon_only",1,"legere","tau[2]",0.319403483340071,0.244071437644584,0.0104616318801789,0.269655110850031,0.893200526357798
"horizon_only",1,"legere","tau[3]",1.0466617518027,0.423959799497234,0.428350077845627,0.975200864231088,2.00770475063582
"horizon_only",1,"legere","tau[4]",0.275689506382641,0.226702275310553,0.0104200424409424,0.222240959694168,0.850331230442474
"horizon_only",2,"legere","alpha[1]",-1.05002525757124,0.990573469273621,-3.09258598655583,-0.982162517666938,0.714881576105707
"horizon_only",2,"legere","alpha[2]",0.176113012299461,0.462689746767318,-0.736322965795628,0.184720242103386,1.07998023625375
"horizon_only",2,"legere","alpha[3]",-0.22216576628393,0.807923569677261,-2.08240401812958,-0.1348789021883,1.12752150331006
"horizon_only",2,"legere","alpha[4]",-0.246105142350408,0.799000343505783,-1.96099178143388,-0.204146700702154,1.19961804301487
"horizon_only",2,"legere","beta[1,1]",-0.0663950825530109,0.492721432496317,-1.24663772323699,-0.00906156187796613,0.887239533317488
"horizon_only",2,"legere","beta[2,1]",-0.0590941607731421,0.272117237475186,-0.733441008880331,-0.0199966807728579,0.45298085886189
"horizon_only",2,"legere","beta[3,1]",-0.073072061490415,0.380089220823707,-0.950514638321673,-0.019163478305533,0.660071564065699
"horizon_only",2,"legere","beta[4,1]",0.00799738662728884,0.345090464101802,-0.747970218114572,0.0075323120491437,0.733155537356432
"horizon_only",2,"legere","beta[1,2]",0.0894775859867386,0.356836344962979,-0.549284369335433,0.0276272804261497,0.967839189151028
"horizon_only",2,"legere","beta[2,2]",-0.0194372138982914,0.245553746871067,-0.537946790267552,-0.00558706794244111,0.476092302612323
"horizon_only",2,"legere","beta[3,2]",0.061936034688867,0.325940699981047,-0.589022491579014,0.0241729444828225,0.816589756419068
"horizon_only",2,"legere","beta[4,2]",-0.146005755322307,0.320410047611984,-0.922477939263907,-0.0694452188697679,0.323900715944233
"horizon_only",2,"legere","beta[1,3]",-0.173054817651212,0.844095569323581,-2.00757095872708,-0.156656007013087,1.5425651021903
"horizon_only",2,"legere","beta[2,3]",1.34452474630189,0.502279940979498,0.482498481937009,1.28376385018799,2.47321411399334
"horizon_only",2,"legere","beta[3,3]",-0.494890202689122,0.688768484798772,-1.95229983896588,-0.454519268173052,0.826171404163747
"horizon_only",2,"legere","beta[4,3]",-0.611794412656637,0.700562419663725,-2.29551417966273,-0.53443821106453,0.569917954207812
"horizon_only",2,"legere","beta[1,4]",-0.119968637311981,0.377301590651521,-1.10337015817279,-0.0365965010058539,0.484352277519972
"horizon_only",2,"legere","beta[2,4]",0.0569526010204177,0.2400187084228,-0.378176855031044,0.0224762801204945,0.634419861226896
"horizon_only",2,"legere","beta[3,4]",0.0937371634335737,0.318953659053206,-0.491386895621315,0.0384660642027556,0.848111800682205
"horizon_only",2,"legere","beta[4,4]",0.0391418888566364,0.287008660887207,-0.521905023877381,0.00929563970537318,0.687777359800944
"horizon_only",2,"legere","tau[1]",0.366575308284973,0.340695048349018,0.0148446782433928,0.268646514160871,1.29487386768817
"horizon_only",2,"legere","tau[2]",0.305761539100109,0.238780426716664,0.0132561005451914,0.248882907334642,0.895032886075362
"horizon_only",2,"legere","tau[3]",1.07530085287636,0.439713986426917,0.447654816116865,0.9940035938831,2.10714481662742
"horizon_only",2,"legere","tau[4]",0.287209025209788,0.231057943202036,0.0143240228813493,0.230640164056769,0.882684522040455
"horizon_only",3,"legere","alpha[1]",-0.202682693858234,0.940240601573717,-2.34977831850134,-0.0727667543469789,1.30408752444044
"horizon_only",3,"legere","alpha[2]",0.255236420329256,0.365418384656005,-0.399713224094803,0.23039914666173,1.0622680225442
"horizon_only",3,"legere","alpha[3]",-0.394113900884094,0.830078470541462,-2.36699724194999,-0.303093564707527,0.946870268915232
"horizon_only",3,"legere","alpha[4]",-1.67491852511286,1.02577744664682,-3.88549774536952,-1.60884225909992,0.235453693782062
"horizon_only",3,"legere","beta[1,1]",0.112822138965097,0.442873109078414,-0.657264907844802,0.0338939766425114,1.23137535676557
"horizon_only",3,"legere","beta[2,1]",-0.0862965053497972,0.259764390168353,-0.718300537530714,-0.0390556472475686,0.367734775205036
"horizon_only",3,"legere","beta[3,1]",-0.119526896877862,0.402711634970668,-1.13714062566768,-0.0366762905874257,0.527781998673558
"horizon_only",3,"legere","beta[4,1]",0.0278208125790895,0.395111386585584,-0.843476877311132,0.0120076287986743,0.885067017437819
"horizon_only",3,"legere","beta[1,2]",0.08721364746265,0.337311149564958,-0.516126080323693,0.0210404653955988,0.929822024800719
"horizon_only",3,"legere","beta[2,2]",0.0898841226472489,0.244303154516892,-0.35015562061306,0.0442076438758333,0.66753721656023
"horizon_only",3,"legere","beta[3,2]",0.0314796517288758,0.306561230502207,-0.578240849215289,0.0060162549037232,0.746623447831158
"horizon_only",3,"legere","beta[4,2]",-0.102733222081119,0.309827650668991,-0.901270812456434,-0.0361490713153199,0.434762081831842
"horizon_only",3,"legere","beta[1,3]",-0.115483200153941,0.653789535065328,-1.48060913097917,-0.126061078156341,1.24618214440503
"horizon_only",3,"legere","beta[2,3]",0.777831012202846,0.390675965593464,0.0975335266849987,0.746162264460855,1.57554031231833
"horizon_only",3,"legere","beta[3,3]",-0.247741083424055,0.642077657599209,-1.60747645321077,-0.211849262141622,0.994732337819273
"horizon_only",3,"legere","beta[4,3]",0.089175205520696,0.617145394124472,-1.15717991386216,0.0624533965572118,1.34585883388243
"horizon_only",3,"legere","beta[1,4]",-0.055243428733924,0.415597504787711,-1.01373040970719,-0.0136030903872715,0.777476337492685
"horizon_only",3,"legere","beta[2,4]",0.0354791260048409,0.245636702370714,-0.417852084046307,0.0118826575601957,0.590729469542632
"horizon_only",3,"legere","beta[3,4]",0.317413294570022,0.504749631398225,-0.31951930500667,0.145638056234066,1.64706204017464
"horizon_only",3,"legere","beta[4,4]",-0.0216568377033229,0.32318203350795,-0.722701386028163,-0.0103146526522905,0.730997134241483
"horizon_only",3,"legere","tau[1]",0.375907422484937,0.341116090511612,0.0129655316464376,0.277551806633825,1.2477195673283
"horizon_only",3,"legere","tau[2]",0.290637556902648,0.242011589349974,0.00862865779061351,0.231651298887644,0.901476218115032
"horizon_only",3,"legere","tau[3]",0.789184575915308,0.409920285311377,0.226815019402068,0.707570472821488,1.78371236882652
"horizon_only",3,"legere","tau[4]",0.349447465021465,0.282619783518495,0.0154435640695716,0.280854170302416,1.03134418666516
"horizon_only",4,"complete","alpha[1]",-0.829908586277269,1.09148012370627,-3.21377985463288,-0.729702013465892,1.03224836213473
"horizon_only",4,"complete","alpha[2]",0.234554374930398,0.377866357700015,-0.44143994138898,0.216406660372593,1.04183216061485
"horizon_only",4,"complete","alpha[3]",-0.532003375760972,0.805028453370379,-2.38249522446919,-0.442380783218305,0.820598637923201
"horizon_only",4,"complete","alpha[4]",-1.16788113269343,0.941463608249191,-3.17654386563855,-1.08632525651094,0.482581827317065
"horizon_only",4,"complete","beta[1,1]",-0.204929283969606,0.487524746575276,-1.43426925949411,-0.0806037438773323,0.585173369830637
"horizon_only",4,"complete","beta[2,1]",-0.117067527255811,0.274027220256253,-0.797949055094865,-0.0657536348904035,0.370725745976219
"horizon_only",4,"complete","beta[3,1]",0.0166709923722324,0.387669687825975,-0.792062860440351,0.0023115044512704,0.894134361042393
"horizon_only",4,"complete","beta[4,1]",0.10021830550912,0.401333934405533,-0.723812891312098,0.0433614107042608,1.0082317246975
"horizon_only",4,"complete","beta[1,2]",-0.143923029545959,0.369970593913819,-1.09615487780099,-0.0549571988371242,0.467149949152853
"horizon_only",4,"complete","beta[2,2]",0.0630652484325805,0.222445673199045,-0.378753907876793,0.0301836444145417,0.553163119607808
"horizon_only",4,"complete","beta[3,2]",0.0622555854469971,0.299726895599795,-0.508547716300899,0.0185300730592137,0.787448007494303
"horizon_only",4,"complete","beta[4,2]",-0.00232960202024979,0.324436210374422,-0.689599432768816,-0.00244473078332759,0.695588313899225
"horizon_only",4,"complete","beta[1,3]",-0.16077434080656,0.740519365718399,-1.63380525599033,-0.164615885933329,1.36036532390146
"horizon_only",4,"complete","beta[2,3]",0.965083487279308,0.423861485503352,0.237351726239043,0.920253448406687,1.91813708105132
"horizon_only",4,"complete","beta[3,3]",-0.253874901028277,0.581576330347479,-1.49562991485049,-0.225214950903775,0.864016649955423
"horizon_only",4,"complete","beta[4,3]",0.358686011894604,0.641590868824298,-0.84908949411681,0.314046109100417,1.74324976758639
"horizon_only",4,"complete","beta[1,4]",0.176351541635608,0.381827760123135,-0.382825979597161,0.0750165845866264,1.19819998284728
"horizon_only",4,"complete","beta[2,4]",-0.176622788653532,0.24958558105506,-0.764158966282857,-0.128836540383893,0.23392864543148
"horizon_only",4,"complete","beta[3,4]",-0.00249217269414414,0.32426027763398,-0.725580421501713,-0.000128353570797903,0.711204440998745
"horizon_only",4,"complete","beta[4,4]",0.0632611483471743,0.32782028866512,-0.594808646419724,0.0231738870091521,0.826716340587461
"horizon_only",4,"complete","tau[1]",0.420161378568206,0.369549325713721,0.0178382179799125,0.318245954414424,1.41109185435507
"horizon_only",4,"complete","tau[2]",0.293172832087388,0.231911969707848,0.0109644836999514,0.240401107963269,0.877525609742395
"horizon_only",4,"complete","tau[3]",0.87445701522134,0.40983742774155,0.297656758477231,0.800786536451114,1.88535561074044
"horizon_only",4,"complete","tau[4]",0.32459200243863,0.244087595933805,0.0128664628651857,0.277848760071435,0.910748639645066
"horizon_only",5,"legere","alpha[1]",-0.583858323113688,1.00041504280672,-2.84726970794982,-0.482751342943099,1.08557245925619
"horizon_only",5,"legere","alpha[2]",0.199772294627443,0.419739187506354,-0.629368032776082,0.204001939371833,1.0723712280046
"horizon_only",5,"legere","alpha[3]",-0.00535156744213475,0.841621794587898,-2.12422701112783,0.118349813268148,1.27544810241046
"horizon_only",5,"legere","alpha[4]",-0.776560020767295,0.957015169828229,-2.85877738157833,-0.680318087708761,0.833683890805947
"horizon_only",5,"legere","beta[1,1]",-0.0323829134587282,0.418355712602699,-1.03231258075106,-0.00139911391455567,0.784586052372104
"horizon_only",5,"legere","beta[2,1]",-0.0636888382632242,0.267341154963667,-0.708478511529286,-0.0237673483848166,0.409380430463886
"horizon_only",5,"legere","beta[3,1]",0.0426631575466406,0.338429095691339,-0.644384274024687,0.0132349512934312,0.815248680672269
"horizon_only",5,"legere","beta[4,1]",0.0182362131064017,0.349350702848987,-0.694523461152459,0.00342430306603455,0.803111106339658
"horizon_only",5,"legere","beta[1,2]",0.141744943092735,0.41887984448567,-0.580420567769674,0.050839702938592,1.25140404050244
"horizon_only",5,"legere","beta[2,2]",0.0978001319243889,0.254618505729564,-0.361182877861445,0.045791493647142,0.686566262370024
"horizon_only",5,"legere","beta[3,2]",-0.0466213057299313,0.284948971787429,-0.675287909266897,-0.01523400727318,0.526179288525637
"horizon_only",5,"legere","beta[4,2]",-0.0951901567796659,0.325458235359103,-0.934207067981719,-0.0327197121713767,0.508504570875028
"horizon_only",5,"legere","beta[1,3]",-0.156347673086085,0.609577042047522,-1.36988169909326,-0.159633919502586,1.04921842833871
"horizon_only",5,"legere","beta[2,3]",0.904887194131223,0.438487428551104,0.169899559485706,0.871766812324145,1.88052764782479
"horizon_only",5,"legere","beta[3,3]",-0.382555852871381,0.668906997005347,-1.90807001276806,-0.314591771379824,0.785683381538274
"horizon_only",5,"legere","beta[4,3]",-0.183348629548882,0.666977098350757,-1.57340743555444,-0.139956681195917,1.12695530061205
"horizon_only",5,"legere","beta[1,4]",-0.00157614970173112,0.324101504069626,-0.733629241275138,-0.000168323444624849,0.670245893208207
"horizon_only",5,"legere","beta[2,4]",-0.103415035166278,0.249640976727114,-0.711960381828354,-0.051872963027272,0.325653071491031
"horizon_only",5,"legere","beta[3,4]",0.123495788913908,0.334490700010369,-0.410643028722445,0.0452005698269525,0.907659401468786
"horizon_only",5,"legere","beta[4,4]",-0.00531782394831545,0.317331711739116,-0.741425228222536,0.000238879716650671,0.673436591891712
"horizon_only",5,"legere","tau[1]",0.343648970283274,0.330108367654608,0.00913678768078917,0.246626181757419,1.27893065009433
"horizon_only",5,"legere","tau[2]",0.303694620934775,0.240552042887975,0.00768886535773178,0.246800593356191,0.90997021590857
"horizon_only",5,"legere","tau[3]",0.845148371528489,0.394962136439556,0.276004608352999,0.780922381839164,1.75781479766664
"horizon_only",5,"legere","tau[4]",0.286657707523123,0.231817520057014,0.0110235976340038,0.236096475385233,0.876090609164858
"horizon_only",6,"legere","alpha[1]",-0.822626398061851,1.15688445897188,-3.29619496093653,-0.748907091881867,1.25357507329972
"horizon_only",6,"legere","alpha[2]",0.825304688890794,0.471809472502682,-0.0634977248511276,0.795379360056666,1.8286758082714
"horizon_only",6,"legere","alpha[3]",0.913333056050654,0.646271308909353,-0.455362648095283,0.923026719964077,2.18819795084775
"horizon_only",6,"legere","alpha[4]",-1.05560246631561,1.01814810767629,-3.30088517179651,-0.987682649518188,0.763931102972238
"horizon_only",6,"legere","beta[1,1]",0.00161685241329299,0.493743227604916,-1.11176776400226,0.00855486256179975,1.05720631071066
"horizon_only",6,"legere","beta[2,1]",-0.255217059536885,0.412278259434455,-1.31204652108336,-0.144045106334454,0.32620870464994
"horizon_only",6,"legere","beta[3,1]",-0.333587877886093,0.515916685454339,-1.66133000145727,-0.174577740938399,0.301528488834197
"horizon_only",6,"legere","beta[4,1]",0.0122018162121977,0.514638706444778,-1.13913956582664,0.00514597313714072,1.14709976603779
"horizon_only",6,"legere","beta[1,2]",-0.170349423915705,0.454975066665117,-1.33825166574702,-0.0763423689721301,0.590001085639735
"horizon_only",6,"legere","beta[2,2]",-0.342737849088875,0.409823317956837,-1.29999810037671,-0.26510483627001,0.25739441185228
"horizon_only",6,"legere","beta[3,2]",0.134459523035023,0.355116052681899,-0.490654876032684,0.0799712201513518,0.96864305024273
"horizon_only",6,"legere","beta[4,2]",-0.0351487931365302,0.468415165171326,-1.1509110764166,-0.000102641020462323,0.857858540305184
"horizon_only",6,"legere","beta[1,3]",-0.416413576888718,0.74642984411375,-1.94912569295263,-0.380009532277846,1.04646526141315
"horizon_only",6,"legere","beta[2,3]",0.740841816225019,0.493545356250263,-0.103073933984409,0.690716726468152,1.84912126105457
"horizon_only",6,"legere","beta[3,3]",-0.708737251801909,0.669554771693231,-2.24834073506323,-0.626245013641382,0.363782549019698
"horizon_only",6,"legere","beta[4,3]",0.325413593233992,0.888286611064652,-1.38642837560363,0.246241200678389,2.25943456230914
"horizon_only",6,"legere","beta[1,4]",-0.04386305800312,0.33465096643211,-0.763042176665292,-0.0164399865724277,0.656949750201427
"horizon_only",6,"legere","beta[2,4]",0.179027859575382,0.288217469645735,-0.267784433902966,0.114753379555966,0.88373953962091
"horizon_only",6,"legere","beta[3,4]",-0.0637865978419744,0.331860453987806,-0.849451203456064,-0.0234394960917294,0.603192598125438
"horizon_only",6,"legere","beta[4,4]",-0.0379155057651204,0.409492827681722,-0.98076831315721,-0.0119214288257622,0.834645127912631
"horizon_only",6,"legere","tau[1]",0.507715841849646,0.441716692239321,0.0194803458228945,0.385171393989019,1.61928181107747
"horizon_only",6,"legere","tau[2]",0.420455408422097,0.281292046091158,0.0213257927464523,0.383331202793706,1.07682579853842
"horizon_only",6,"legere","tau[3]",0.921327787706169,0.438448941164425,0.309569271644191,0.836359801835255,1.95199416966002
"horizon_only",6,"legere","tau[4]",0.321105330642185,0.242387087431779,0.0143987354778033,0.267162917420942,0.921346881770566
"horizon_only",7,"legere","alpha[1]",-0.0962361773765118,1.10304178244192,-2.56560587564235,-0.000310360546280091,1.76919426864509
"horizon_only",7,"legere","alpha[2]",0.709619312415052,0.511455111637362,-0.19845212408844,0.668709376971204,1.774575664989
"horizon_only",7,"legere","alpha[3]",-0.00237388050248007,0.97279407064074,-2.15852350534183,0.0907230148387983,1.5858668909859
"horizon_only",7,"legere","alpha[4]",0.523258262824574,0.897593014161826,-1.37221566821545,0.570645434986527,2.16560585233685
"horizon_only",7,"legere","beta[1,1]",0.221615763003018,0.545436854511743,-0.797271105582669,0.119126155144684,1.5533276715318
"horizon_only",7,"legere","beta[2,1]",-0.165381484425638,0.355104778917307,-0.939612258805938,-0.112335794182062,0.501779615965234
"horizon_only",7,"legere","beta[3,1]",-0.317235631282825,0.57107004380151,-1.82238453356034,-0.188989431288745,0.552178742747074
"horizon_only",7,"legere","beta[4,1]",0.324719240144257,0.529528512057804,-0.409909295697556,0.193974740993665,1.68919485866916
"horizon_only",7,"legere","beta[1,2]",-0.0207535676806117,0.375098242672937,-0.852951323317695,-0.00468307475305254,0.795808550624437
"horizon_only",7,"legere","beta[2,2]",-0.0459198650775476,0.248925477453501,-0.605928280114655,-0.0150836877357046,0.443145453196659
"horizon_only",7,"legere","beta[3,2]",0.0325630796581761,0.301157781722074,-0.607080784059808,0.0066895540799913,0.763594037793808
"horizon_only",7,"legere","beta[4,2]",0.166002707383844,0.333210259339454,-0.340752261511134,0.0729297597928303,1.04508791436946
"horizon_only",7,"legere","beta[1,3]",-0.518389991382406,0.813556716000954,-2.30286161620585,-0.443707783483474,1.02397779622777
"horizon_only",7,"legere","beta[2,3]",0.923440602839569,0.605409161510093,-0.0250039229121581,0.831926630889273,2.3968044683389
"horizon_only",7,"legere","beta[3,3]",0.0546233894641923,0.726543207496243,-1.40623582668862,0.0349920969652268,1.60228196942191
"horizon_only",7,"legere","beta[4,3]",0.167517575733218,0.57656336257145,-0.954837080065018,0.126390710505754,1.34358922277489
"horizon_only",7,"legere","beta[1,4]",0.0425315811903878,0.315386958393442,-0.540441735909237,0.00977354297966286,0.768259914102369
"horizon_only",7,"legere","beta[2,4]",-0.0542254736540724,0.241665955114679,-0.57201778864301,-0.024335300953354,0.421116376374964
"horizon_only",7,"legere","beta[3,4]",0.0503094287544908,0.312751543335817,-0.573358402484978,0.0152748124612501,0.827325100059532
"horizon_only",7,"legere","beta[4,4]",0.0489875675357066,0.256644381162406,-0.430565145400163,0.0160463493864916,0.716243915825984
"horizon_only",7,"legere","tau[1]",0.559626289517653,0.423199465509665,0.0218157959488679,0.47176923258775,1.58408040305974
"horizon_only",7,"legere","tau[2]",0.288274702013378,0.241023977659255,0.00953991567791415,0.230272460516899,0.907202401775584
"horizon_only",7,"legere","tau[3]",0.873965337299755,0.470991924420021,0.163887858034612,0.794674140087102,1.97779268888713
"horizon_only",7,"legere","tau[4]",0.264540462012033,0.217364855648638,0.0112777693620804,0.20845865332214,0.819010154630562
"horizon_only",8,"legere","alpha[1]",-0.717728891903704,1.1591581738902,-3.15473759624326,-0.614912083983554,1.33138114241572
"horizon_only",8,"legere","alpha[2]",0.589943886131772,0.541665061725651,-0.383368038455592,0.562537883690904,1.73329895051575
"horizon_only",8,"legere","alpha[3]",0.734854621751991,0.782782905573765,-0.938010427367719,0.77991812342886,2.15662609575721
"horizon_only",8,"legere","alpha[4]",-0.349699260386128,1.01163115648017,-2.49471559473084,-0.280984590840186,1.43572637909018
"horizon_only",8,"legere","beta[1,1]",-0.11794747834022,0.688758378573292,-1.6961699203649,-0.0224478071589512,1.17597775353162
"horizon_only",8,"legere","beta[2,1]",-0.148117165282215,0.380442065035841,-1.04798076896475,-0.0890326238169795,0.553276171127623
"horizon_only",8,"legere","beta[3,1]",-0.274265370972138,0.527354570930842,-1.64705747965275,-0.137738016285823,0.578919068152834
"horizon_only",8,"legere","beta[4,1]",0.344743941049084,0.568001685474889,-0.487873344433573,0.194574552529306,1.74647725556354
"horizon_only",8,"legere","beta[1,2]",0.114651155449139,0.434371333010641,-0.718255233866995,0.0493405824813483,1.07079048686822
"horizon_only",8,"legere","beta[2,2]",-0.339193721342414,0.392391303167853,-1.29111704946698,-0.249844481340334,0.214913891899656
"horizon_only",8,"legere","beta[3,2]",0.0261824878151508,0.316135679608836,-0.628700746915708,0.0123949262403021,0.725614289571656
"horizon_only",8,"legere","beta[4,2]",0.0445222842318518,0.363290013899853,-0.769086141638935,0.0215742733245574,0.841037697467307
"horizon_only",8,"legere","beta[1,3]",-0.1083452294713,0.86111083846641,-1.84834662350484,-0.10597248098538,1.60443312654587
"horizon_only",8,"legere","beta[2,3]",1.29618164638495,0.507503204712318,0.364888847637747,1.26014543412236,2.38549068779353
"horizon_only",8,"legere","beta[3,3]",-0.67290373762412,0.656574601108561,-2.09787264316496,-0.623050270822606,0.492719275750795
"horizon_only",8,"legere","beta[4,3]",0.0988022664758463,0.608849010072753,-1.05346065934796,0.0487472999506508,1.35660082960617
"horizon_only",8,"legere","beta[1,4]",-0.03181383072569,0.387089012929564,-0.927832207441289,-0.0116711592819787,0.79970367869134
"horizon_only",8,"legere","beta[2,4]",-0.149784248962277,0.293621126357803,-0.888327147132972,-0.0854589982837681,0.340816218075413
"horizon_only",8,"legere","beta[3,4]",0.13015441049523,0.340677140569267,-0.462231416211151,0.0619976157583802,0.98614723689019
"horizon_only",8,"legere","beta[4,4]",0.0859507786884163,0.295706187509072,-0.471049050375456,0.036169287081786,0.7964348259758
"horizon_only",8,"legere","tau[1]",0.555369139813424,0.449441635896967,0.0159256238255435,0.446476476259317,1.68582186072607
"horizon_only",8,"legere","tau[2]",0.376859522078385,0.25866823778548,0.0153485661750777,0.344824475959096,0.971644273333656
"horizon_only",8,"legere","tau[3]",1.04680180028409,0.418373306537747,0.424592737070331,0.978017019178715,2.0046603453088
"horizon_only",8,"legere","tau[4]",0.317164760140056,0.240101408760818,0.0141926553238535,0.274558276059314,0.882652171649809
"horizon_only",9,"legere","alpha[1]",0.242211144501247,1.07167888170479,-2.10803383602627,0.391423435013904,2.08035907200103
"horizon_only",9,"legere","alpha[2]",0.836587506631417,0.511328862080748,-0.0827667641697342,0.807132423351751,1.93326310299805
"horizon_only",9,"legere","alpha[3]",0.24400365883004,0.979903476484376,-1.90178860453962,0.331320563345656,1.92544042699539
"horizon_only",9,"legere","alpha[4]",0.501769061524081,0.914599129401626,-1.56229891962807,0.552615940711851,2.1863730375918
"horizon_only",9,"legere","beta[1,1]",0.0968692047737955,0.540140679064604,-0.940746827139606,0.0362185330765166,1.32902061905918
"horizon_only",9,"legere","beta[2,1]",-0.12798563400222,0.360656597591048,-0.918727006528473,-0.0877904790032945,0.60278950643022
"horizon_only",9,"legere","beta[3,1]",-0.0605669741230807,0.51644288262731,-1.26134554578644,-0.0195366690749778,0.928082766264205
"horizon_only",9,"legere","beta[4,1]",0.358978950055392,0.518370150606185,-0.394658840953888,0.244055090038943,1.6667600346282
"horizon_only",9,"legere","beta[1,2]",0.0454069523252017,0.334449630841749,-0.610578211906899,0.00907968084352007,0.831393778045525
"horizon_only",9,"legere","beta[2,2]",0.0117022993091734,0.241235717701463,-0.486708048121682,0.00145477881068248,0.537159201947637
"horizon_only",9,"legere","beta[3,2]",0.014662448256249,0.287669844836974,-0.597721480967051,0.000705361042894678,0.677126061267492
"horizon_only",9,"legere","beta[4,2]",-0.0104821210917598,0.27608201022609,-0.634546472517175,-0.00202459281027832,0.595596496189137
"horizon_only",9,"legere","beta[1,3]",0.0955685002997233,0.713166461316031,-1.2539702179227,0.0472465183277462,1.80623465629951
"horizon_only",9,"legere","beta[2,3]",0.665207601868274,0.514182215795058,-0.12208296761004,0.597362801899782,1.87036696187104
"horizon_only",9,"legere","beta[3,3]",-0.524407263173942,0.742462462939682,-2.31639911191192,-0.414299262118957,0.73748285702025
"horizon_only",9,"legere","beta[4,3]",-0.0423694290761629,0.57283980287549,-1.22589819537824,-0.04911998559267,1.12417741848908
"horizon_only",9,"legere","beta[1,4]",-0.0836902409943244,0.330824443713387,-0.882486756487089,-0.0296672964542476,0.551131715794586
"horizon_only",9,"legere","beta[2,4]",0.129573057452561,0.262710686833675,-0.33756359404004,0.0819677367882287,0.745055783243199
"horizon_only",9,"legere","beta[3,4]",0.075890280885436,0.347481894187684,-0.569079809949107,0.0225565711493596,0.924148021868139
"horizon_only",9,"legere","beta[4,4]",-0.117360408089314,0.33007514355216,-0.943779392354324,-0.0472987184368241,0.459120969740779
"horizon_only",9,"legere","tau[1]",0.519899624777183,0.405829863719751,0.0195256150552353,0.428155943251045,1.53530694378716
"horizon_only",9,"legere","tau[2]",0.270304143029845,0.22067308677701,0.00789055031501782,0.213164556821235,0.84328078251834
"horizon_only",9,"legere","tau[3]",0.775348121048844,0.444595054856029,0.122568477070319,0.70564035727867,1.8284338953555
"horizon_only",9,"legere","tau[4]",0.311133793604634,0.245120853603097,0.0120870733021538,0.255578934300888,0.900141247468713
"horizon_only",10,"complete","alpha[1]",0.492887657279155,0.864951853660893,-1.45003857852724,0.557265409362185,2.01679584023989
"horizon_only",10,"complete","alpha[2]",0.382282700055461,0.44920526288093,-0.440412333262208,0.360346473090421,1.32253504675296
"horizon_only",10,"complete","alpha[3]",-0.831327164058715,0.988102551609244,-3.06910127419934,-0.717131996826124,0.789322036006093
"horizon_only",10,"complete","alpha[4]",-1.12094145038834,0.999680307417654,-3.3318250154785,-1.02573558418063,0.574581761625155
"horizon_only",10,"complete","beta[1,1]",0.0794856994893489,0.408017720762962,-0.665493600188471,0.026430457216215,1.0967163668593
"horizon_only",10,"complete","beta[2,1]",-0.117787575071981,0.283605931360394,-0.794385227178555,-0.0678350068644523,0.399534107392186
"horizon_only",10,"complete","beta[3,1]",0.0676908247664377,0.43337045178496,-0.804497035112306,0.0161649175158965,1.0922465220471
"horizon_only",10,"complete","beta[4,1]",0.0226881934510892,0.419937436596904,-0.864992439306839,0.00430632614953083,0.9489909508282
"horizon_only",10,"complete","beta[1,2]",0.0780692711027744,0.373739845161704,-0.648287723788127,0.0324731288835356,0.942189222040422
"horizon_only",10,"complete","beta[2,2]",-0.153824401383639,0.280391531650012,-0.805823354355019,-0.0931671991761902,0.335473653490186
"horizon_only",10,"complete","beta[3,2]",0.0950686975900674,0.398525279527032,-0.651597482926382,0.0347128821713734,1.00958932181547
"horizon_only",10,"complete","beta[4,2]",0.0101261515051162,0.386921351992015,-0.856822149330734,0.00309655227895276,0.833640158758377
"horizon_only",10,"complete","beta[1,3]",-0.0307215736108071,0.59065908791779,-1.18740176882286,-0.043007164411402,1.23684295209219
"horizon_only",10,"complete","beta[2,3]",0.675234869029294,0.443684743457056,-0.0285015009861901,0.638201060391633,1.65317431559198
"horizon_only",10,"complete","beta[3,3]",0.272335155796919,0.699237438072634,-0.952867236278468,0.151832268060205,1.92180830203119
"horizon_only",10,"complete","beta[4,3]",-0.205317470818597,0.558902795103658,-1.41069569865452,-0.161829596776596,0.878882468793348
"horizon_only",10,"complete","beta[1,4]",0.279409108972224,0.444417434041642,-0.404937726494673,0.187223859321188,1.31749813343693
"horizon_only",10,"complete","beta[2,4]",-0.16555572132458,0.286604951593803,-0.821102905296958,-0.11925028945714,0.335849844935962
"horizon_only",10,"complete","beta[3,4]",0.0630510345624694,0.444734529470961,-0.762425615780514,0.0204067764820161,1.11692865908005
"horizon_only",10,"complete","beta[4,4]",-0.103623317941183,0.349491075437322,-0.86560136639021,-0.0626165270066713,0.574685947036864
"horizon_only",10,"complete","tau[1]",0.406808833024462,0.351025028001328,0.0136805060636961,0.318514051494186,1.29947908952905
"horizon_only",10,"complete","tau[2]",0.33697741772196,0.251643690663087,0.0128387422281118,0.288631169575241,0.942861595172929
"horizon_only",10,"complete","tau[3]",0.71583761296798,0.423404454884836,0.104393913031224,0.636221725745278,1.78001376255789
"horizon_only",10,"complete","tau[4]",0.392265534045396,0.259314393868398,0.0188447429112221,0.35811819870632,0.987563033149724
"horizon_only",11,"legere","alpha[1]",-0.218248014406393,1.12642482473493,-2.64553420988664,-0.123704970814514,1.69056730464697
"horizon_only",11,"legere","alpha[2]",0.339344121758249,0.641794156966302,-1.03045635764214,0.361033782343938,1.50848544748584
"horizon_only",11,"legere","alpha[3]",1.35486962873885,0.651758723106177,-0.0832167927958996,1.38383759922875,2.57660507528937
"horizon_only",11,"legere","alpha[4]",-0.234285738678402,1.221468921099,-2.86935378531295,-0.148009065592425,1.86777903243486
"horizon_only",11,"legere","beta[1,1]",-0.0698600821731717,0.467873523174834,-1.22704025569181,-0.0144554369729825,0.811355766676486
"horizon_only",11,"legere","beta[2,1]",-0.0673468677136583,0.326618430886724,-0.83360169858279,-0.0213373307336751,0.590327933352347
"horizon_only",11,"legere","beta[3,1]",0.0510952970359004,0.342276414819628,-0.601411789457617,0.0151570164329809,0.852353366744172
"horizon_only",11,"legere","beta[4,1]",-0.10819923304763,0.459150667861818,-1.3184817780793,-0.0265201628610324,0.67572295540461
"horizon_only",11,"legere","beta[1,2]",0.0151572076538176,0.341810119299154,-0.686866272986678,0.0010015420273716,0.815252587060626
"horizon_only",11,"legere","beta[2,2]",-0.0916902360058345,0.271034579957134,-0.774153362663327,-0.0330278392524612,0.362331069771421
"horizon_only",11,"legere","beta[3,2]",-0.0394044378050743,0.282276106495784,-0.694916005703439,-0.00575082859045414,0.518933237610492
"horizon_only",11,"legere","beta[4,2]",-0.0547991377534499,0.355161604489561,-0.938486973146744,-0.0137203714478319,0.627366963622684
"horizon_only",11,"legere","beta[1,3]",-0.963133275206359,1.14899394716701,-3.42892916066132,-0.863354440673669,1.12880201105769
"horizon_only",11,"legere","beta[2,3]",1.46118585183542,0.681132644888583,0.349549017456502,1.40216775401545,2.95218764020823
"horizon_only",11,"legere","beta[3,3]",-0.673602797191869,0.784350494197017,-2.5535291174146,-0.57225032453693,0.648410439497432
"horizon_only",11,"legere","beta[4,3]",-0.546795075058016,0.834231105522905,-2.39878780230365,-0.514879651514752,0.93200148140449
"horizon_only",11,"legere","beta[1,4]",0.00506868248314993,0.334145202030628,-0.714160981616332,0.00017680830242211,0.728898160602717
"horizon_only",11,"legere","beta[2,4]",-0.0268730740023756,0.260692630122485,-0.623302223760067,-0.00517228312828411,0.495771844347517
"horizon_only",11,"legere","beta[3,4]",-0.0339913216995586,0.301116302333022,-0.793381319094062,-0.00941761605022334,0.587877761350667
"horizon_only",11,"legere","beta[4,4]",-0.0479815635805309,0.297427520678178,-0.814949575948997,-0.0145715191359559,0.507130566520212
"horizon_only",11,"legere","tau[1]",0.393356602610952,0.346546923087227,0.0132465150658628,0.305513288889573,1.27818626240658
"horizon_only",11,"legere","tau[2]",0.288502502211901,0.235846895377482,0.0106066315708203,0.231336862265628,0.875248313720996
"horizon_only",11,"legere","tau[3]",1.20614862657543,0.493840418267366,0.440905162216589,1.13533761721625,2.38729659995373
"horizon_only",11,"legere","tau[4]",0.279588930920152,0.227864535447581,0.011165526488398,0.223962144370383,0.84275007390146
"horizon_only",12,"complete","alpha[1]",1.1710887784377,0.902898045046621,-0.773982343504646,1.2202393307986,2.79060087823274
"horizon_only",12,"complete","alpha[2]",1.08570289420967,0.53394667983025,0.161072540005575,1.04810670207349,2.21671906522637
"horizon_only",12,"complete","alpha[3]",-0.327815765606729,1.1087846195095,-2.85218946721525,-0.204995752620629,1.53429302568645
"horizon_only",12,"complete","alpha[4]",-0.569711601360982,1.0137876996677,-2.64766640237984,-0.514361295925602,1.26515233749011
"horizon_only",12,"complete","beta[1,1]",-0.0427401411268739,0.360721820999853,-0.817758622735321,-0.0180485042514871,0.717903826511743
"horizon_only",12,"complete","beta[2,1]",0.0434750549243533,0.267816638271296,-0.487100265220912,0.0186389252525317,0.640417869246264
"horizon_only",12,"complete","beta[3,1]",-0.0459594986624941,0.420414374430591,-1.0303906712925,-0.011393218208658,0.805435337711279
"horizon_only",12,"complete","beta[4,1]",0.110338948989824,0.399348964750796,-0.580676057910439,0.034499309366023,1.13741655056114
"horizon_only",12,"complete","beta[1,2]",0.00142470788527566,0.294201596672941,-0.611117049234766,-0.00238046792474371,0.645788577116169
"horizon_only",12,"complete","beta[2,2]",0.119521872071602,0.258422866196557,-0.304919092841974,0.0633787415382986,0.750292647722949
"horizon_only",12,"complete","beta[3,2]",0.00231909722065596,0.333171417443443,-0.706350985051208,-0.000466750447376644,0.765825874819744
"horizon_only",12,"complete","beta[4,2]",0.0017281533195136,0.334236607283008,-0.701554436690211,-2.49671211712752e-05,0.744466319679964
"horizon_only",12,"complete","beta[1,3]",-0.447367544920229,0.542972350951452,-1.73753180273155,-0.355993100809345,0.361250286405269
"horizon_only",12,"complete","beta[2,3]",0.350306844759018,0.370610758526045,-0.264967251226989,0.321306547488317,1.17018753526954
"horizon_only",12,"complete","beta[3,3]",0.0178246798818761,0.531872444305867,-1.11304322947754,0.0139173318606501,1.1384660209221
"horizon_only",12,"complete","beta[4,3]",0.0475348126419183,0.475136299924139,-0.907879457563332,0.0274196578554221,1.07860989563859
"horizon_only",12,"complete","beta[1,4]",-0.0937554882135528,0.304446181436875,-0.851447128278543,-0.0303338612354519,0.421028115826135
"horizon_only",12,"complete","beta[2,4]",-0.137234049221073,0.260831263511746,-0.795811601720687,-0.0679836728987136,0.254575866215377
"horizon_only",12,"complete","beta[3,4]",6.7015723044443e-05,0.281613863428289,-0.637948433745325,0.0016347904447241,0.575069961440857
"horizon_only",12,"complete","beta[4,4]",0.0964069567982407,0.287887394877394,-0.431790092619645,0.0448560443169593,0.802959050297024
"horizon_only",12,"complete","tau[1]",0.366353102003474,0.334038126457847,0.0146815087937804,0.269556680689339,1.25949625473462
"horizon_only",12,"complete","tau[2]",0.284522080546344,0.228556430660214,0.0119068470151341,0.229976530127916,0.847143465766613
"horizon_only",12,"complete","tau[3]",0.607653799923291,0.384245357727304,0.0682799452250302,0.532159004410977,1.57784660062477
"horizon_only",12,"complete","tau[4]",0.273967749926052,0.21719628685248,0.00953305996274399,0.221630502063168,0.827497102253152
"horizon_only",13,"legere","alpha[1]",-1.33929008210062,1.0549876046654,-3.61078694733309,-1.26951942740312,0.50174982140409
"horizon_only",13,"legere","alpha[2]",0.62454554508392,0.437968818300714,-0.150161277103685,0.591642629579234,1.55783925522727
"horizon_only",13,"legere","alpha[3]",-0.269401275746466,0.867301833008583,-2.10070832025303,-0.22494899533701,1.28428978449556
"horizon_only",13,"legere","alpha[4]",-0.426552458931032,0.898381667369063,-2.48337101962378,-0.345783252016899,1.11014706852666
"horizon_only",13,"legere","beta[1,1]",-0.0873862961531395,0.678313916797235,-1.70533256051943,-0.0262427949877488,1.14722057961333
"horizon_only",13,"legere","beta[2,1]",-0.58829300168734,0.455387724915909,-1.60251592746503,-0.513820585044694,0.0603659490321007
"horizon_only",13,"legere","beta[3,1]",-0.347922260123495,0.601034914290018,-1.76906130178287,-0.233088822016578,0.670272463370785
"horizon_only",13,"legere","beta[4,1]",0.0749766397199902,0.542357944017256,-1.10251325581985,0.0754834384248751,1.16362359482538
"horizon_only",13,"legere","beta[1,2]",0.00810203708420887,0.400111475903916,-0.825097716216363,0.00704591080414355,0.857371326600934
"horizon_only",13,"legere","beta[2,2]",-0.337880571314064,0.343265949237655,-1.11967597816616,-0.276399843716707,0.159146489915778
"horizon_only",13,"legere","beta[3,2]",0.181851714845178,0.362765488785298,-0.434507877190705,0.107486185171611,1.01888659197706
"horizon_only",13,"legere","beta[4,2]",-0.0568619114859142,0.373235933726139,-0.933502063363507,-0.0130968519173231,0.654599858012702
"horizon_only",13,"legere","beta[1,3]",-0.0244609359837987,0.616195779168152,-1.27150614683792,-0.0177556680779403,1.23375184683701
"horizon_only",13,"legere","beta[2,3]",0.652551969955181,0.407241852505565,-0.0177062879064577,0.618525788770233,1.57745000676018
"horizon_only",13,"legere","beta[3,3]",-0.492632913186815,0.616943091648233,-1.87611094151231,-0.423345256423756,0.568072632168657
"horizon_only",13,"legere","beta[4,3]",0.0879577901535017,0.549486365384533,-0.939133539477838,0.0532308530710321,1.24516255422247
"horizon_only",13,"legere","beta[1,4]",0.0305587302896972,0.310295164287767,-0.645376414337848,0.00322851496866928,0.791773544053785
"horizon_only",13,"legere","beta[2,4]",-0.0226081635963504,0.210148122588276,-0.514856995457331,-0.00546726760673494,0.424697687121879
"horizon_only",13,"legere","beta[3,4]",-0.021164080025068,0.26376527931846,-0.60767291234402,-0.00969998408050516,0.53392743570624
"horizon_only",13,"legere","beta[4,4]",0.035520437499002,0.264072254605829,-0.468015233159266,0.00570400922620189,0.673960027073031
"horizon_only",13,"legere","tau[1]",0.6823607025147,0.446476897495022,0.0659316417580128,0.596025392179963,1.77910593482179
"horizon_only",13,"legere","tau[2]",0.392325427681907,0.24982823210205,0.0178855563748344,0.36832811502281,0.949980262690717
"horizon_only",13,"legere","tau[3]",0.755735986058305,0.405397863558959,0.139899498203192,0.690580090797734,1.73081635672268
"horizon_only",13,"legere","tau[4]",0.25067232820988,0.208204201799559,0.0102254870339617,0.197607888265838,0.774284618302076
"horizon_only",14,"legere","alpha[1]",-0.490089360944198,1.05348635233418,-2.78916130206812,-0.358125638027926,1.31159990497617
"horizon_only",14,"legere","alpha[2]",0.543914804324965,0.452055955755953,-0.323754132183575,0.523594645549647,1.47610575647525
"horizon_only",14,"legere","alpha[3]",0.121318693490013,0.828982893681997,-1.74594898430014,0.204208082319556,1.51578338758
"horizon_only",14,"legere","alpha[4]",-0.850272957605804,1.08089960083954,-3.14286898538709,-0.766290754271046,1.08597874520844
"horizon_only",14,"legere","beta[1,1]",0.115786331591824,0.553259084675041,-0.877672626897369,0.0364024681012234,1.41471398388636
"horizon_only",14,"legere","beta[2,1]",-0.122279324250713,0.329700425172207,-0.874098184189659,-0.0730597938050087,0.493107694451986
"horizon_only",14,"legere","beta[3,1]",0.209537444995976,0.544409707283162,-0.690590298713691,0.0978473130001571,1.53280049868588
"horizon_only",14,"legere","beta[4,1]",0.129619742226915,0.522472484201788,-0.823917842472965,0.0596066052607894,1.38820496295679
"horizon_only",14,"legere","beta[1,2]",0.195878705885289,0.49596146187297,-0.583270875151358,0.0815035787735734,1.46434793097689
"horizon_only",14,"legere","beta[2,2]",0.331012019880589,0.366464213804842,-0.21797615425145,0.264011441593555,1.15427420051094
"horizon_only",14,"legere","beta[3,2]",0.109059792356798,0.378743015537386,-0.592570599374461,0.0507429354595468,0.964717872991678
"horizon_only",14,"legere","beta[4,2]",-0.105447814073697,0.388653548507796,-1.01895061935084,-0.058788857507285,0.675745686407527
"horizon_only",14,"legere","beta[1,3]",-0.292109061322237,0.725266433531801,-1.827927055544,-0.271034383881522,1.17124760497707
"horizon_only",14,"legere","beta[2,3]",0.949584073380238,0.521464944098883,0.105706208525075,0.901901940407703,2.18137810206663
"horizon_only",14,"legere","beta[3,3]",-0.481417647987836,0.683033700558637,-2.04192858988306,-0.414880193233473,0.779128482115471
"horizon_only",14,"legere","beta[4,3]",0.152573472035982,0.780542420910587,-1.37595298435539,0.104621857960925,1.79351377779626
"horizon_only",14,"legere","beta[1,4]",0.0419724196007417,0.365394731243747,-0.678258260492825,0.00594171719586298,0.874069768916192
"horizon_only",14,"legere","beta[2,4]",0.10381484697072,0.260480121223073,-0.371582193259068,0.0563813327621691,0.693222559003698
"horizon_only",14,"legere","beta[3,4]",0.0754042016386325,0.332954396391361,-0.564480049872873,0.020929211920535,0.92261917581106
"horizon_only",14,"legere","beta[4,4]",-0.109066859148956,0.340059555238815,-0.94698592502099,-0.0445193700380503,0.506663726629322
"horizon_only",14,"legere","tau[1]",0.49172968956451,0.403026400834243,0.0170632386362712,0.400818317073199,1.50906469536403
"horizon_only",14,"legere","tau[2]",0.414262339556782,0.279683451577548,0.0222637115673534,0.371784505373103,1.04285390189748
"horizon_only",14,"legere","tau[3]",0.906522916215344,0.428592356306664,0.300124907740445,0.824039227357449,1.9651861767857
"horizon_only",14,"legere","tau[4]",0.30918973614169,0.232205972812803,0.0132035624252784,0.267116712912439,0.861467800757025
"horizon_only",15,"legere","alpha[1]",-0.657271101898735,0.994009615125121,-2.86441041840914,-0.563682078949112,1.06306133442124
"horizon_only",15,"legere","alpha[2]",0.382599028219122,0.381608620421167,-0.346863183743735,0.368543173557234,1.18197218158597
"horizon_only",15,"legere","alpha[3]",-0.249514225163595,0.733951179810148,-1.8340313002057,-0.195167072442737,1.05555307424213
"horizon_only",15,"legere","alpha[4]",-1.52025738984889,1.02968277171606,-3.67350449018434,-1.46002882184133,0.333149519901234
"horizon_only",15,"legere","beta[1,1]",0.129247491021794,0.488931454698148,-0.837227950529503,0.0463492494500791,1.29591067876682
"horizon_only",15,"legere","beta[2,1]",-0.217558421893631,0.323692002897351,-0.995495193188849,-0.13580805538728,0.289027221524136
"horizon_only",15,"legere","beta[3,1]",-0.0567126856452687,0.417893443028215,-1.01148373357962,-0.00646206238987218,0.744855315713925
"horizon_only",15,"legere","beta[4,1]",0.0321007644011798,0.420595929188448,-0.925173099133305,0.0138351752561442,0.92938128294198
"horizon_only",15,"legere","beta[1,2]",0.15434828383931,0.398058529780681,-0.492024135816061,0.0539829966115681,1.16081555419968
"horizon_only",15,"legere","beta[2,2]",-0.0059569075296356,0.248073132562139,-0.532238451868978,-0.00139416166606145,0.534040604414997
"horizon_only",15,"legere","beta[3,2]",0.0186241025407991,0.361229104591005,-0.711298409901678,0.00315369973785958,0.77330886860028
"horizon_only",15,"legere","beta[4,2]",-0.125294060038789,0.393296873778011,-1.11170651663974,-0.0405191281314918,0.554857522764102
"horizon_only",15,"legere","beta[1,3]",-0.154655510837869,0.619394151187991,-1.47305502684642,-0.131129413971693,1.04036694118627
"horizon_only",15,"legere","beta[2,3]",0.813228086862797,0.387329278744288,0.125738369870579,0.793185912212997,1.61577942450546
"horizon_only",15,"legere","beta[3,3]",-0.33401165406383,0.610178702645191,-1.70908722031124,-0.274286683052048,0.816406043349669
"horizon_only",15,"legere","beta[4,3]",-0.0830594622362042,0.517827882800383,-1.17877282584506,-0.0789586561232096,0.952637436114561
"horizon_only",15,"legere","beta[1,4]",0.0250607355353382,0.355705854149237,-0.702221971348478,0.0071654032364291,0.862245985738313
"horizon_only",15,"legere","beta[2,4]",-0.0751593330329432,0.236835370381299,-0.645669219695718,-0.032557188966941,0.364492075226663
"horizon_only",15,"legere","beta[3,4]",0.141455353250477,0.335319306432884,-0.442119648084185,0.0605540952669994,0.968450923521379
"horizon_only",15,"legere","beta[4,4]",-0.0875813704729462,0.294911362489732,-0.776670983882677,-0.0337648290093447,0.454247518325378
"horizon_only",15,"legere","tau[1]",0.447895488192094,0.373751308301428,0.0142688429545094,0.356721483259345,1.38701601914902
"horizon_only",15,"legere","tau[2]",0.315583968544069,0.245653002329124,0.0126660520611037,0.272673358773509,0.920824760598567
"horizon_only",15,"legere","tau[3]",0.775734603613522,0.379476901504899,0.214169588603113,0.709265289542142,1.68902977826215
"horizon_only",15,"legere","tau[4]",0.294025001829718,0.234861059150999,0.0125786055163252,0.243239648642086,0.892529950312049
"horizon_only",16,"legere","alpha[1]",-0.568456421002643,1.15380119018184,-3.07906945599469,-0.455369961793324,1.43497915470258
"horizon_only",16,"legere","alpha[2]",0.875071937511778,0.45973151236624,0.0662324184848438,0.849019483026036,1.8905582177223
"horizon_only",16,"legere","alpha[3]",0.368087601612372,0.754440558581544,-1.33588446220614,0.434336061859324,1.70354329276775
"horizon_only",16,"legere","alpha[4]",-0.523510116369685,0.971155493745477,-2.58679384550281,-0.445099745601148,1.21692793727894
"horizon_only",16,"legere","beta[1,1]",-0.131449482408691,0.559762126564847,-1.62573651847031,-0.0370339620362482,0.862984034071449
"horizon_only",16,"legere","beta[2,1]",-0.271188131137334,0.355864757977352,-1.10738425679688,-0.190806345826541,0.253835153804146
"horizon_only",16,"legere","beta[3,1]",-0.023741824793257,0.44079788868043,-0.9642965193603,-0.00171084429081511,0.848365646038611
"horizon_only",16,"legere","beta[4,1]",0.116986313393952,0.446067597636502,-0.762094977828899,0.0482648429232086,1.15880636480329
"horizon_only",16,"legere","beta[1,2]",-0.0757759813955161,0.420076624344268,-1.10570336722604,-0.0147650225648672,0.6420577779239
"horizon_only",16,"legere","beta[2,2]",-0.253206824812539,0.327551555052651,-1.05721520285339,-0.178353914450476,0.205107668297242
"horizon_only",16,"legere","beta[3,2]",0.0358156684319108,0.31485929471659,-0.639111440279641,0.0138748882488372,0.699914566902952
"horizon_only",16,"legere","beta[4,2]",-0.0732909064135735,0.35081683298166,-0.873648909368017,-0.0235920731885026,0.582923637222901
"horizon_only",16,"legere","beta[1,3]",0.0186244397064131,0.820022522871525,-1.50600105520077,-0.0378810834789027,1.79754691250614
"horizon_only",16,"legere","beta[2,3]",1.2526509812421,0.597995329592049,0.306177803981183,1.18692311439753,2.58077689446384
"horizon_only",16,"legere","beta[3,3]",-0.219384397294458,0.632148610775068,-1.60294069831414,-0.183162403062445,0.976089162494568
"horizon_only",16,"legere","beta[4,3]",0.662493689507332,0.785937061632152,-0.727986990418753,0.591402763743796,2.41643060873449
"horizon_only",16,"legere","beta[1,4]",-0.0120739781270243,0.354287168010901,-0.702827913901788,-0.00709343505115378,0.799965974371037
"horizon_only",16,"legere","beta[2,4]",0.112744979419541,0.29126681197842,-0.34903498707356,0.0378655880874829,0.872914680981447
"horizon_only",16,"legere","beta[3,4]",0.0141480812289367,0.285172810760493,-0.556992359909178,0.00200777552496857,0.656186141344398
"horizon_only",16,"legere","beta[4,4]",0.163649082466092,0.360219949027061,-0.394024753352195,0.0624454836853817,1.08490959889166
"horizon_only",16,"legere","tau[1]",0.473140439147363,0.381268291938625,0.0197903897968623,0.396326306056624,1.47687545555247
"horizon_only",16,"legere","tau[2]",0.348091362812168,0.251252855438618,0.0185186798799391,0.304076056418833,0.95626417054321
"horizon_only",16,"legere","tau[3]",1.00968662635325,0.463993391334629,0.347728996687342,0.933077966568256,2.17821805591458
"horizon_only",16,"legere","tau[4]",0.302397580675908,0.252711786521979,0.00989661203389468,0.242038089974973,0.933840334364999
"horizon_only",17,"legere","alpha[1]",0.215889883234994,1.1068344018758,-2.22918035329025,0.304302245200791,2.13485156227652
"horizon_only",17,"legere","alpha[2]",0.193673576285418,0.528688526145073,-0.769931815065386,0.154987329664971,1.34302127317639
"horizon_only",17,"legere","alpha[3]",0.0947915283975368,0.958713691726596,-2.28622557935525,0.23799872179907,1.5781897384695
"horizon_only",17,"legere","alpha[4]",-0.170360806692979,0.920318715190277,-2.18124859429123,-0.116450849542646,1.48148029548732
"horizon_only",17,"legere","beta[1,1]",-0.285422345382389,0.709344757893436,-1.99330008112254,-0.11130252206584,1.01055213829224
"horizon_only",17,"legere","beta[2,1]",0.0173366282857643,0.366047979417085,-0.792719819200184,0.015829535950758,0.782803141296992
"horizon_only",17,"legere","beta[3,1]",-0.206123754567804,0.524105904176911,-1.42021703067366,-0.111270915946943,0.802766511209208
"horizon_only",17,"legere","beta[4,1]",0.302658550917198,0.554849383186887,-0.581845809037801,0.168119833987961,1.62187675234069
"horizon_only",17,"legere","beta[1,2]",0.0914504634316523,0.353506296930313,-0.588810758160298,0.0365706010409468,0.946149040433494
"horizon_only",17,"legere","beta[2,2]",-0.0621336772503808,0.261922954552603,-0.667561348578064,-0.0210016633867183,0.41838929434149
"horizon_only",17,"legere","beta[3,2]",-0.155481464540197,0.353899799782793,-1.05696805478733,-0.064796277271366,0.393227524473667
"horizon_only",17,"legere","beta[4,2]",0.0488001894521837,0.305952572972814,-0.573560251838723,0.0184565442736934,0.709910683939277
"horizon_only",17,"legere","beta[1,3]",-0.279846461233886,0.607860765517627,-1.54453883540498,-0.261257620303336,0.900153780419568
"horizon_only",17,"legere","beta[2,3]",0.627508108211469,0.427842456464995,-0.100515779020716,0.587927297048035,1.54601074866248
"horizon_only",17,"legere","beta[3,3]",-0.625061484308828,0.717103625504773,-2.31395147862568,-0.557386128345806,0.674720373692439
"horizon_only",17,"legere","beta[4,3]",0.0699142536665449,0.516171082080998,-0.980760721617129,0.0705503738159173,1.17064440955223
"horizon_only",17,"legere","beta[1,4]",-0.0295234869412305,0.411837120867675,-0.892256332005221,-0.0134632023617588,0.845375929000365
"horizon_only",17,"legere","beta[2,4]",-0.455365487215035,0.401324687296701,-1.37817213960566,-0.397063891211366,0.122015246673676
"horizon_only",17,"legere","beta[3,4]",0.0949162417251417,0.406142826529673,-0.673999232959428,0.0516625682293239,1.00379250816858
"horizon_only",17,"legere","beta[4,4]",0.118200466977364,0.370196679403336,-0.60645459869534,0.0787836121485475,0.939011429901648
"horizon_only",17,"legere","tau[1]",0.579613983283076,0.446346851576367,0.0264427421805713,0.481528277951662,1.65995176408233
"horizon_only",17,"legere","tau[2]",0.310517766021323,0.235065144571079,0.0105783209134324,0.262769297146291,0.892068585042058
"horizon_only",17,"legere","tau[3]",0.810096630931475,0.42049411544812,0.215367747185997,0.72460091348554,1.78621969485992
"horizon_only",17,"legere","tau[4]",0.433408476751194,0.261119587278872,0.0296516524979504,0.40566720102897,1.04349414232055
"horizon_only",18,"legere","alpha[1]",0.444276715096581,1.12263520569341,-2.00564059128962,0.552071630257224,2.37951878058991
"horizon_only",18,"legere","alpha[2]",0.74795961512807,0.589605334207452,-0.452912831259799,0.7383860622998,1.96024394465298
"horizon_only",18,"legere","alpha[3]",0.959386244086942,0.892507337966501,-1.13315558743462,1.03866601126042,2.53141391297005
"horizon_only",18,"legere","alpha[4]",-0.354320512960554,1.16235150437581,-2.99696193810018,-0.292902560584789,1.70906586563466
"horizon_only",18,"legere","beta[1,1]",-0.288334929397254,0.74447881527357,-1.99094370509481,-0.181668223419873,1.07773190024016
"horizon_only",18,"legere","beta[2,1]",-0.342761134643373,0.570612544986526,-1.68458894815598,-0.238283691298972,0.560072620353959
"horizon_only",18,"legere","beta[3,1]",0.250654639058397,0.610418262558248,-0.849353023152297,0.158506612443405,1.7619857765797
"horizon_only",18,"legere","beta[4,1]",0.522292371953499,0.788275372511329,-0.674930681802249,0.357117648903924,2.41712793359896
"horizon_only",18,"legere","beta[1,2]",-0.168958289956339,0.45035065364947,-1.25354573357115,-0.0678566703566042,0.590885560690228
"horizon_only",18,"legere","beta[2,2]",-0.209242282299579,0.399521425175702,-1.21080278712135,-0.104763875743834,0.36507889091225
"horizon_only",18,"legere","beta[3,2]",0.0938999460375951,0.371308910856624,-0.721117695432003,0.0512952485442469,0.898004170113082
"horizon_only",18,"legere","beta[4,2]",0.0794180443326685,0.475282364790383,-0.866059960874141,0.0303673984510936,1.200208329864
"horizon_only",18,"legere","beta[1,3]",-1.28060061785629,1.21441572100511,-3.95008370401202,-1.15709270330715,0.74669631944143
"horizon_only",18,"legere","beta[2,3]",1.15131957926127,0.811622026483319,-0.204380537522468,1.05689766994788,3.00321874169759
"horizon_only",18,"legere","beta[3,3]",0.41320963322817,1.0011827335638,-1.46458089942409,0.314850898844192,2.58533125968797
"horizon_only",18,"legere","beta[4,3]",0.43971314270889,0.92434865890811,-1.46586588171951,0.405014802881305,2.36729527409789
"horizon_only",18,"legere","beta[1,4]",0.0761007716708217,0.429036259796067,-0.788245608329706,0.0261405501122743,1.0618147014646
"horizon_only",18,"legere","beta[2,4]",-0.099692425125946,0.348325792787502,-0.915059605336978,-0.0399839025921086,0.52360972799438
"horizon_only",18,"legere","beta[3,4]",-0.231260862842368,0.435497694657074,-1.31168646879401,-0.105208443461813,0.380527926079888
"horizon_only",18,"legere","beta[4,4]",0.00381187693356024,0.361710373195674,-0.745292237740091,-0.000277935739012003,0.791731701599825
"horizon_only",18,"legere","tau[1]",0.711367380020141,0.490339132200767,0.044654191633684,0.616186004193533,1.88119472288922
"horizon_only",18,"legere","tau[2]",0.374934395583121,0.275923167057404,0.0159334347224434,0.319420893150889,1.06029277839511
"horizon_only",18,"legere","tau[3]",1.23432357261487,0.528591264037121,0.408240938820137,1.16782474162161,2.4221427589771
"horizon_only",18,"legere","tau[4]",0.358016753100512,0.273849743697461,0.0120641737266199,0.303812380374513,1.01258240806957
"horizon_only",19,"legere","alpha[1]",-0.979570711033999,1.05555291951807,-3.17112399766158,-0.893111272846883,0.878440858591151
"horizon_only",19,"legere","alpha[2]",0.554885572974802,0.473436747421802,-0.315767465031193,0.526431875080061,1.54682693076119
"horizon_only",19,"legere","alpha[3]",0.198068954224182,0.753250352048901,-1.48516935681033,0.262529771247966,1.47329930040524
"horizon_only",19,"legere","alpha[4]",-0.27915249582198,1.06222253833909,-2.64590704815343,-0.198212562980087,1.55877436248943
"horizon_only",19,"legere","beta[1,1]",-0.101349769372491,0.520285350660709,-1.38408216707815,-0.0217277750513999,0.832026203951797
"horizon_only",19,"legere","beta[2,1]",0.0498013122957405,0.288027055591664,-0.569218662728221,0.0195435615875498,0.713478206607057
"horizon_only",19,"legere","beta[3,1]",0.142328376557971,0.44467514074863,-0.662305584307151,0.0512126453691248,1.30036216075088
"horizon_only",19,"legere","beta[4,1]",-0.0689310751592818,0.462250405339681,-1.15964509424927,-0.0227749776058643,0.865393452330604
"horizon_only",19,"legere","beta[1,2]",0.00164680413741906,0.375233195059427,-0.823668040428107,-0.00079696457188327,0.805808340277696
"horizon_only",19,"legere","beta[2,2]",-0.259824040874177,0.327291788529258,-1.03974097613556,-0.185370697477458,0.205305838305875
"horizon_only",19,"legere","beta[3,2]",0.120977138345949,0.327198361897119,-0.463714990923235,0.0715045813770166,0.858570845230692
"horizon_only",19,"legere","beta[4,2]",0.131029912273757,0.359188381848254,-0.530236556953655,0.0782521634278127,0.982862047752155
"horizon_only",19,"legere","beta[1,3]",-0.454090242117841,0.927572995569013,-2.39594993561845,-0.435284274328529,1.37985329882365
"horizon_only",19,"legere","beta[2,3]",1.57732841251791,0.624734778516097,0.586589520001951,1.48238057355306,3.15912811823584
"horizon_only",19,"legere","beta[3,3]",-0.8320850810372,0.779704005479228,-2.57235642882288,-0.770787175993097,0.592799125460791
"horizon_only",19,"legere","beta[4,3]",0.456486168133264,0.717483150239732,-0.905321191754725,0.427066623818259,1.9888087410169
"horizon_only",19,"legere","beta[1,4]",0.103521816232816,0.402972821997823,-0.633204428469362,0.0293801003905833,1.11909834646163
"horizon_only",19,"legere","beta[2,4]",0.0104578468471871,0.284180378147452,-0.629918368105767,0.00555454319439085,0.609545309256177
"horizon_only",19,"legere","beta[3,4]",-0.0731793039600388,0.34485998988726,-0.905259662425981,-0.0203946525748591,0.561245716767939
"horizon_only",19,"legere","beta[4,4]",-0.157204469378326,0.381095734124362,-1.07993682218817,-0.0551089711093519,0.425482129599763
"horizon_only",19,"legere","tau[1]",0.420298284108168,0.37845697697178,0.0103394878239845,0.322904789968591,1.44625399053834
"horizon_only",19,"legere","tau[2]",0.363555918923413,0.248720125155071,0.0237434228624234,0.324698451516685,0.935653156279984
"horizon_only",19,"legere","tau[3]",1.17807866900458,0.455236875860875,0.486745391827948,1.10640110037585,2.25272390905594
"horizon_only",19,"legere","tau[4]",0.315522694078628,0.245327131801401,0.0135546696024066,0.258401476189527,0.900368712355613
"horizon_only",20,"legere","alpha[1]",-0.431383072487935,0.98744424072194,-2.5431428971464,-0.319883618297103,1.27048465537565
"horizon_only",20,"legere","alpha[2]",0.528499829324857,0.383774479163039,-0.173012827004334,0.505319162201223,1.37632208482719
"horizon_only",20,"legere","alpha[3]",-0.367278056754586,0.887672878053665,-2.57407304943077,-0.234251889597242,1.0371420158108
"horizon_only",20,"legere","alpha[4]",-1.62429237819348,1.05110927697364,-3.84880814483572,-1.56066209029851,0.256194106481776
"horizon_only",20,"legere","beta[1,1]",-0.0472205907939753,0.423185477958651,-1.03711501932151,-0.0124063767633884,0.826564238805498
"horizon_only",20,"legere","beta[2,1]",0.0920002973811421,0.256555487136241,-0.40927729539709,0.0522194286178317,0.662992458785993
"horizon_only",20,"legere","beta[3,1]",0.0391407424340865,0.413532901753667,-0.781632945520942,0.00916403583293995,0.990553405825196
"horizon_only",20,"legere","beta[4,1]",-0.0777708428252011,0.437780480838241,-1.13141285782137,-0.0205588562307882,0.730643771935338
"horizon_only",20,"legere","beta[1,2]",-0.0452995026105038,0.320160049289186,-0.821439331637984,-0.0080184477676444,0.580191305539048
"horizon_only",20,"legere","beta[2,2]",-0.00360971335506639,0.218489508697073,-0.489078429872786,-0.00158162968883932,0.449896615997925
"horizon_only",20,"legere","beta[3,2]",0.0633528711185214,0.295146965677153,-0.441129463096195,0.0136775011981119,0.795722012519304
"horizon_only",20,"legere","beta[4,2]",-0.0121929306074952,0.350269970658017,-0.790569368555246,-0.000428529736489847,0.724141221273327
"horizon_only",20,"legere","beta[1,3]",-0.764244570114376,0.757943395269581,-2.32122325772001,-0.740314919974118,0.682869432740815
"horizon_only",20,"legere","beta[2,3]",1.03275367356856,0.429977806749801,0.244549796696404,1.01144751954031,1.91639786159368
"horizon_only",20,"legere","beta[3,3]",0.137865250188547,0.634256915917159,-1.22213210263204,0.145425072132013,1.40334464356894
"horizon_only",20,"legere","beta[4,3]",0.237977409920942,0.707001488554642,-1.12088058657246,0.230731626623682,1.6840999901989
"horizon_only",20,"legere","beta[1,4]",-0.0688033260249757,0.344035751797158,-0.938280089161347,-0.0167609585993317,0.529251921668337
"horizon_only",20,"legere","beta[2,4]",0.00928783578449489,0.207335572211631,-0.428927679067133,0.00250636139460386,0.411248469933344
"horizon_only",20,"legere","beta[3,4]",0.0881786984168648,0.333013400201653,-0.488451461065751,0.0224279392045761,0.914814637413521
"horizon_only",20,"legere","beta[4,4]",-0.0350111165375603,0.275233243237736,-0.702996318584598,-0.00754968162629958,0.537373772568044
"horizon_only",20,"legere","tau[1]",0.403428836303728,0.345296349110357,0.0168605244649572,0.310023835724437,1.29353583126538
"horizon_only",20,"legere","tau[2]",0.270922356794062,0.217641425758717,0.011253378726846,0.21473218803542,0.800844373458698
"horizon_only",20,"legere","tau[3]",0.976514207819311,0.396915285357095,0.407429214414834,0.916497829122732,1.93960247412638
"horizon_only",20,"legere","tau[4]",0.278740786695733,0.231473217597297,0.00892100747123234,0.225657732614188,0.855706953691194
"horizon_only",21,"legere","alpha[1]",-0.590104256191834,1.07783085456983,-2.87905544325268,-0.507771131030783,1.24962340236358
"horizon_only",21,"legere","alpha[2]",0.599228442391454,0.410659480592447,-0.106499865436293,0.574128512990734,1.450709937375
"horizon_only",21,"legere","alpha[3]",0.303452529229478,0.678108603785369,-1.27389535419253,0.352706500661661,1.52638586417793
"horizon_only",21,"legere","alpha[4]",-0.789552444435268,0.928420854016554,-2.86160084502326,-0.73420842401385,0.815161052441459
"horizon_only",21,"legere","beta[1,1]",0.0170665973502403,0.408243719645481,-0.941340075636859,0.00871021464979898,0.873809855543431
"horizon_only",21,"legere","beta[2,1]",-0.102747439270073,0.268951666802752,-0.735008062124963,-0.0617462999097279,0.40686900550329
"horizon_only",21,"legere","beta[3,1]",-0.06354453744172,0.376042055151043,-0.970439605249023,-0.0118993339238414,0.552170027115602
"horizon_only",21,"legere","beta[4,1]",0.104458374880502,0.391553234417441,-0.660425223039648,0.0417352423086408,1.01262315551068
"horizon_only",21,"legere","beta[1,2]",-0.114046423743673,0.390879128664942,-1.10323101855041,-0.0389188872456417,0.605338362263157
"horizon_only",21,"legere","beta[2,2]",-0.0833235231842194,0.282896525715217,-0.732668989942571,-0.0342543738742642,0.430485353836328
"horizon_only",21,"legere","beta[3,2]",0.279927770558153,0.410494185367349,-0.303169081992846,0.174182326210239,1.31566046571738
"horizon_only",21,"legere","beta[4,2]",0.0845276889228631,0.380373308426362,-0.615575144944081,0.0310721627169518,0.997549466348596
"horizon_only",21,"legere","beta[1,3]",-0.202867688131936,0.725197539407409,-1.68445797627654,-0.185818815271233,1.26570662508814
"horizon_only",21,"legere","beta[2,3]",0.844043199602704,0.417285599420104,0.10203986003242,0.815148848592105,1.73227172833323
"horizon_only",21,"legere","beta[3,3]",-0.261621706191009,0.554069847943909,-1.38845335577137,-0.254996011139434,0.819368220948245
"horizon_only",21,"legere","beta[4,3]",0.0773429314754026,0.647905945154276,-1.25082939658242,0.0550428538612437,1.51670444620116
"horizon_only",21,"legere","beta[1,4]",-0.0306602057927926,0.341250780432397,-0.782164833786744,-0.0129501105883207,0.645032634415312
"horizon_only",21,"legere","beta[2,4]",0.192579110697168,0.268998836382125,-0.216507313321052,0.132228943793502,0.83295709863078
"horizon_only",21,"legere","beta[3,4]",-0.0752003344739875,0.31154182860707,-0.832400740776378,-0.0343566820498773,0.540218325600776
"horizon_only",21,"legere","beta[4,4]",0.0498104537535149,0.351279378360419,-0.604123749435447,0.00419758529816193,0.897355872313724
"horizon_only",21,"legere","tau[1]",0.380971350339399,0.349254504907647,0.0138916562734324,0.282951224679909,1.3057929374645
"horizon_only",21,"legere","tau[2]",0.359092335214445,0.260744527764135,0.0154563634270689,0.305905366996474,0.987088268922501
"horizon_only",21,"legere","tau[3]",0.803323858616454,0.370863155986246,0.263727392821486,0.741250443651431,1.65880591166734
"horizon_only",21,"legere","tau[4]",0.319024656320026,0.235709210288946,0.0164263376425091,0.268083416422022,0.891292851391936
"horizon_only",22,"legere","alpha[1]",-0.00197056769212053,1.08075382367173,-2.42224881024199,0.112879179028998,1.80193560875174
"horizon_only",22,"legere","alpha[2]",0.266907758401422,0.463239886053771,-0.579030231723131,0.245626432153951,1.22456712292147
"horizon_only",22,"legere","alpha[3]",-0.865810510481308,0.924441561000707,-3.00541941366284,-0.793082705069651,0.724095298040366
"horizon_only",22,"legere","alpha[4]",-0.549273149417801,0.98333868575654,-2.74406883764225,-0.476872243907625,1.23893015646111
"horizon_only",22,"legere","beta[1,1]",0.0458771049868439,0.434920467299933,-0.860624842123004,0.0206060658899641,0.956287898405418
"horizon_only",22,"legere","beta[2,1]",-0.167563698845732,0.303739336217743,-0.888496035853433,-0.088347810731318,0.276732675948312
"horizon_only",22,"legere","beta[3,1]",-0.0456674547227565,0.42046319214974,-1.02913953380756,-0.0129675442010153,0.793442278278484
"horizon_only",22,"legere","beta[4,1]",-0.017722795160493,0.377904254752856,-0.850695370534969,-0.00223867462933247,0.733760392975818
"horizon_only",22,"legere","beta[1,2]",-0.0847557962777581,0.392828751853109,-1.07663523815888,-0.0176758527188287,0.599219478633947
"horizon_only",22,"legere","beta[2,2]",0.114391481004913,0.251166560227146,-0.339557776404148,0.0700076715344906,0.673341293558354
"horizon_only",22,"legere","beta[3,2]",0.00236215938302179,0.340613839419999,-0.721455023799029,0.000292129801551856,0.747117133468614
"horizon_only",22,"legere","beta[4,2]",-0.0858946494016228,0.325516988638718,-0.852074783600865,-0.0268144363628599,0.495046372234449
"horizon_only",22,"legere","beta[1,3]",0.152882445676975,0.778785014963476,-1.34703228690004,0.0775150051200112,1.89448806180609
"horizon_only",22,"legere","beta[2,3]",1.0762112521877,0.536312447449921,0.192309047630511,1.02236393782358,2.36651892286022
"horizon_only",22,"legere","beta[3,3]",-0.204526765692777,0.716427754954874,-1.73645744621607,-0.205634336839396,1.30074504757132
"horizon_only",22,"legere","beta[4,3]",0.0741408521734905,0.584704814750547,-1.08810104288712,0.0391425950969628,1.3408823447349
"horizon_only",22,"legere","beta[1,4]",0.263949129925857,0.428817202892926,-0.383561761304936,0.173484332900503,1.36467663690858
"horizon_only",22,"legere","beta[2,4]",-0.289684200718504,0.335277947815222,-1.0780559172293,-0.223226700841389,0.204195565596994
"horizon_only",22,"legere","beta[3,4]",0.103653140259298,0.412186359537075,-0.713659451091219,0.0518012844798646,1.05890818392743
"horizon_only",22,"legere","beta[4,4]",-0.0246329816740902,0.364483887823098,-0.825860666029474,-0.00821887185679138,0.731932119591094
"horizon_only",22,"legere","tau[1]",0.388678269797324,0.333520384365393,0.0143607660693383,0.300604151259672,1.20941761627183
"horizon_only",22,"legere","tau[2]",0.30485250495122,0.24141414709439,0.0115421648466195,0.245857488866006,0.905587062707368
"horizon_only",22,"legere","tau[3]",0.88949815959131,0.423353122686651,0.272698375940159,0.815593875755188,1.90276127587053
"horizon_only",22,"legere","tau[4]",0.393861772974345,0.259166759635138,0.0193724583295718,0.356722594523317,0.978221297514878
"horizon_only",23,"legere","alpha[1]",-0.547215053220355,1.03939506248034,-2.86403798095847,-0.461168014496642,1.20844447419415
"horizon_only",23,"legere","alpha[2]",0.477124696961738,0.451848936167888,-0.352359465446125,0.460825821986013,1.43741782723346
"horizon_only",23,"legere","alpha[3]",0.281442777608344,0.773108155866534,-1.49737801247463,0.354444562006924,1.63058113442577
"horizon_only",23,"legere","alpha[4]",-0.32211151110894,1.0349635129699,-2.72257053847745,-0.218918739668191,1.36712452565971
"horizon_only",23,"legere","beta[1,1]",0.123298722168318,0.509577291957182,-0.7272183938881,0.0243594276461588,1.41490944534991
"horizon_only",23,"legere","beta[2,1]",0.00642036935994363,0.300365736528019,-0.635430717885387,0.000609361647557151,0.64551313227013
"horizon_only",23,"legere","beta[3,1]",-0.205930593948041,0.406892330148822,-1.28146482608552,-0.0947429746259854,0.367488633820881
"horizon_only",23,"legere","beta[4,1]",0.104948167381596,0.453985866086446,-0.749969488567003,0.0352654782206335,1.22335449293788
"horizon_only",23,"legere","beta[1,2]",0.125188689225923,0.38805937598089,-0.614079279575372,0.0686577073715358,1.00718660643036
"horizon_only",23,"legere","beta[2,2]",-0.227983262232726,0.302356412478529,-0.933845394239404,-0.172660429072124,0.243798475641565
"horizon_only",23,"legere","beta[3,2]",-0.0787297284174411,0.320012165773638,-0.81825141262759,-0.041254097432149,0.528905495080754
"horizon_only",23,"legere","beta[4,2]",0.0840409203391377,0.365055679962701,-0.650868765693986,0.0426354984647583,0.913507797021406
"horizon_only",23,"legere","beta[1,3]",-0.469336363932122,0.777298549992226,-2.03496344964352,-0.444227394868341,1.0208834113505
"horizon_only",23,"legere","beta[2,3]",0.956581359453115,0.56938016061898,0.031150951588899,0.887951869386804,2.21151196971179
"horizon_only",23,"legere","beta[3,3]",-1.13760388132346,0.761924642085075,-2.94528572854995,-1.04050106378605,0.0647641541295878
"horizon_only",23,"legere","beta[4,3]",0.456579580539159,0.706619409820187,-0.898825724914084,0.441525878961693,1.92873605271179
"horizon_only",23,"legere","beta[1,4]",-0.0510746079511361,0.316658327063693,-0.795470541175593,-0.0154085538823539,0.554534694476124
"horizon_only",23,"legere","beta[2,4]",-0.0909956314625275,0.242572008701923,-0.673357997390304,-0.0411552152586999,0.313970011594686
"horizon_only",23,"legere","beta[3,4]",0.105254823235695,0.304183774313387,-0.403931828596902,0.0423097486245126,0.84097818800145
"horizon_only",23,"legere","beta[4,4]",-0.0244826908469854,0.257567882250814,-0.63896099355476,-0.00344686912436326,0.478758353674491
"horizon_only",23,"legere","tau[1]",0.413009480791477,0.381693483285088,0.0114692637648984,0.303607163001884,1.36101897021062
"horizon_only",23,"legere","tau[2]",0.352923780239385,0.240117052779887,0.017297159099887,0.320102542689358,0.906989484550566
"horizon_only",23,"legere","tau[3]",1.0663805749548,0.464949446665473,0.367329681951034,0.997993972908511,2.12787946628433
"horizon_only",23,"legere","tau[4]",0.263602422495589,0.219520854496914,0.011501176301684,0.211206143824332,0.848740528819288
"horizon_only",24,"legere","alpha[1]",-0.938590128935404,1.03309950235072,-3.2335387985225,-0.861841303611451,0.865439883565051
"horizon_only",24,"legere","alpha[2]",0.433685513557497,0.418544100917118,-0.419772054038021,0.430789627834234,1.30069415220435
"horizon_only",24,"legere","alpha[3]",0.122482627528248,0.721942086780002,-1.47206807455335,0.159056509669155,1.37783982569789
"horizon_only",24,"legere","alpha[4]",-0.932211004918077,1.02538855523051,-3.07785187306159,-0.860999713171299,0.883332039305266
"horizon_only",24,"legere","beta[1,1]",-0.12725875461008,0.504489405332187,-1.43302083376741,-0.0302469085125329,0.725188684451408
"horizon_only",24,"legere","beta[2,1]",-0.0585998167707063,0.296458055012753,-0.782872175472504,-0.0181278621342766,0.458381057314471
"horizon_only",24,"legere","beta[3,1]",0.0628226751647564,0.385132250552922,-0.717921930948996,0.0150996302372451,0.955551392141037
"horizon_only",24,"legere","beta[4,1]",-0.128951689803919,0.478039180985037,-1.27456801038246,-0.028428814195848,0.702734925268981
"horizon_only",24,"legere","beta[1,2]",0.00373916716507881,0.341515305990518,-0.719838573237271,0.000525151375869615,0.69977838401605
"horizon_only",24,"legere","beta[2,2]",-0.0756993114697984,0.243645805266548,-0.669166025064855,-0.0273503687203484,0.353176743625931
"horizon_only",24,"legere","beta[3,2]",-0.0230377776559652,0.278746904499364,-0.664897232433447,-0.00416912021807947,0.532975931622636
"horizon_only",24,"legere","beta[4,2]",-0.100545642886727,0.375554783950392,-1.08456184122049,-0.0260419363943682,0.567162935061235
"horizon_only",24,"legere","beta[1,3]",-0.405526845832064,0.939787004817506,-2.33367686433453,-0.351577842568936,1.44030233686383
"horizon_only",24,"legere","beta[2,3]",1.24689088175521,0.515460431146223,0.394700480547535,1.19670943146412,2.42247566508419
"horizon_only",24,"legere","beta[3,3]",-0.159144143747226,0.633703724448192,-1.51177118978047,-0.138624644362353,1.11839183648888
"horizon_only",24,"legere","beta[4,3]",0.0190116292558631,0.652086153508516,-1.27013593256249,0.0424905040806595,1.31491852350079
"horizon_only",24,"legere","beta[1,4]",0.0143664090124409,0.343940837934544,-0.729578201303729,0.00241574176213135,0.753990657723819
"horizon_only",24,"legere","beta[2,4]",0.0704844633085557,0.231687463246289,-0.37590852760954,0.0366103478371784,0.615289610223077
"horizon_only",24,"legere","beta[3,4]",-0.0593004566785625,0.278042714229304,-0.7287247540779,-0.0210851930933722,0.498937652969906
"horizon_only",24,"legere","beta[4,4]",-0.0214313783665597,0.281224903655246,-0.643495814252935,-0.00854160314817157,0.571962867771589
"horizon_only",24,"legere","tau[1]",0.410691326877401,0.374435116677079,0.0131060054708738,0.305028107349287,1.40299335814829
"horizon_only",24,"legere","tau[2]",0.287924368116279,0.236873607112218,0.00986220614338769,0.232775616909351,0.884434534673758
"horizon_only",24,"legere","tau[3]",1.00653498804441,0.430137569762638,0.392654666760231,0.933180159527902,2.01687012667982
"horizon_only",24,"legere","tau[4]",0.275836504933547,0.216817534525116,0.0121528886906179,0.227558484003729,0.797952661024117
"horizon_only",25,"legere","alpha[1]",-0.263305654940621,1.12487479336592,-2.65429337352533,-0.190041270208797,1.68863093483572
"horizon_only",25,"legere","alpha[2]",0.521513847131573,0.522028279386489,-0.444919026855869,0.502080378811611,1.62399774904112
"horizon_only",25,"legere","alpha[3]",0.123192672261589,0.837683100106521,-1.74357910877216,0.181213750907477,1.60409402186247
"horizon_only",25,"legere","alpha[4]",-0.0304298943198387,1.11587869846503,-2.4553154874728,0.0692656989308877,1.96147686480186
"horizon_only",25,"legere","beta[1,1]",-0.0886986463041597,0.409579133023396,-1.16296510439268,-0.0218096238786155,0.649263972759457
"horizon_only",25,"legere","beta[2,1]",-0.00198413294125513,0.270426446526773,-0.550510177975807,0.00111172228541096,0.57593093714639
"horizon_only",25,"legere","beta[3,1]",-0.0390175858418873,0.351000697377017,-0.83445537793283,-0.00727671777359021,0.618721437467754
"horizon_only",25,"legere","beta[4,1]",0.0585248750835038,0.39069191373444,-0.701451571318068,0.0114337287467792,1.01064765302524
"horizon_only",25,"legere","beta[1,2]",-0.177831311997534,0.445546382345799,-1.29215245335983,-0.0666628936001573,0.443346510123921
"horizon_only",25,"legere","beta[2,2]",-0.0514175236972288,0.27210813875123,-0.718107676061849,-0.0153808379007316,0.439668187569826
"horizon_only",25,"legere","beta[3,2]",-0.0205756117270932,0.314082840096098,-0.768037460820625,-0.00494473734243316,0.632172663161541
"horizon_only",25,"legere","beta[4,2]",-0.0268914282011014,0.362143810388092,-0.842499620596873,-0.00933859533336773,0.707166030340429
"horizon_only",25,"legere","beta[1,3]",0.567451664966524,1.18780453184137,-1.7659864265835,0.494065611233449,2.98881129211906
"horizon_only",25,"legere","beta[2,3]",1.07680840127492,0.623913649484222,0.00827902110702157,0.999086052505164,2.52985742324279
"horizon_only",25,"legere","beta[3,3]",-1.68609521973984,0.988069585417878,-3.89204358594806,-1.57688706900085,-0.0294932806607693
"horizon_only",25,"legere","beta[4,3]",0.285995390219389,0.770897317588382,-1.2466127197816,0.255672263090757,1.81501231074327
"horizon_only",25,"legere","beta[1,4]",0.0102753546901932,0.302198786565229,-0.643815478998655,0.000235710661297509,0.684830576858926
"horizon_only",25,"legere","beta[2,4]",0.0299885459725064,0.238367383306783,-0.480869929134081,0.0121099363731008,0.568146190792263
"horizon_only",25,"legere","beta[3,4]",0.00359135219528123,0.278705775164438,-0.678614067758273,-0.00106887510413274,0.594333179446262
"horizon_only",25,"legere","beta[4,4]",-0.060669489089172,0.273307144562206,-0.745972927498963,-0.0156558301704313,0.430174261461989
"horizon_only",25,"legere","tau[1]",0.354055489638523,0.323189707673345,0.010771148619383,0.255530017049273,1.193512526752
"horizon_only",25,"legere","tau[2]",0.316139062811493,0.252854766909849,0.0110155004632647,0.257682650908294,0.940037678636331
"horizon_only",25,"legere","tau[3]",1.28160640414795,0.520823848458211,0.475892353540803,1.21298163420617,2.48938067687089
"horizon_only",25,"legere","tau[4]",0.265017082905469,0.214569728545123,0.010409894798264,0.210970377348142,0.797729962702187
"horizon_only",26,"legere","alpha[1]",0.192043938926906,0.972312206588434,-2.05100425140122,0.311490438960098,1.82246108075141
"horizon_only",26,"legere","alpha[2]",0.415760508383592,0.497378095566018,-0.605479816243329,0.401241048163728,1.42927689127918
"horizon_only",26,"legere","alpha[3]",-0.601870247884067,0.970196668020216,-2.78779032411434,-0.493562940758548,0.950836602523633
"horizon_only",26,"legere","alpha[4]",-1.02388820361606,1.01343278447975,-3.21684051650182,-0.957595414746251,0.742771226995384
"horizon_only",26,"legere","beta[1,1]",0.0595703796592257,0.457168864998705,-0.842736793789619,0.0117820473621858,1.1897465262805
"horizon_only",26,"legere","beta[2,1]",0.0534894993802171,0.298289618004419,-0.54596676417089,0.0263392653591379,0.724853311572095
"horizon_only",26,"legere","beta[3,1]",0.108349454634069,0.479396534671338,-0.724332517873987,0.0292497325988695,1.34553310475901
"horizon_only",26,"legere","beta[4,1]",0.0316317041653538,0.421529115366313,-0.906122755540151,0.0101704040941315,0.988135640014921
"horizon_only",26,"legere","beta[1,2]",0.186298461536443,0.40257671019565,-0.372806248583706,0.0656711463291663,1.24036411064408
"horizon_only",26,"legere","beta[2,2]",0.087374401487895,0.265556514265136,-0.394554188752223,0.0384716716828335,0.736750764744889
"horizon_only",26,"legere","beta[3,2]",0.0899426490171771,0.373300089430804,-0.57189408181093,0.0238203685923834,1.03937246061064
"horizon_only",26,"legere","beta[4,2]",0.00036526928458628,0.336994455609607,-0.736716559918387,-0.000383900206978374,0.738913406746597
"horizon_only",26,"legere","beta[1,3]",-0.421200538872461,0.817474305952928,-2.27355894113017,-0.342519161202513,1.03569337123628
"horizon_only",26,"legere","beta[2,3]",1.16008965023895,0.571436394382727,0.203911516896419,1.09958417137579,2.46196623619297
"horizon_only",26,"legere","beta[3,3]",0.0981226286669686,0.696418686166354,-1.24534299436809,0.0779918739403077,1.51261824276637
"horizon_only",26,"legere","beta[4,3]",-0.387382704306909,0.676270172101312,-1.93877507800892,-0.326581927807518,0.841701609055467
"horizon_only",26,"legere","beta[1,4]",-0.0762726037007186,0.367570771625843,-0.930999616780093,-0.027226232863155,0.662995756378392
"horizon_only",26,"legere","beta[2,4]",0.198003768125623,0.310912216415392,-0.24124336049095,0.114508116374827,0.988744356482534
"horizon_only",26,"legere","beta[3,4]",-0.000295906535473616,0.331959741513356,-0.715241984753685,0.000769881588440367,0.735099235229604
"horizon_only",26,"legere","beta[4,4]",-0.0635735960007258,0.312080338791521,-0.824531221911983,-0.0241898944719482,0.517096489379803
"horizon_only",26,"legere","tau[1]",0.41520288629596,0.371942396414214,0.0178392889512399,0.302276819591519,1.34051989015422
"horizon_only",26,"legere","tau[2]",0.31185204962214,0.251062710107925,0.0108097424285413,0.251813042575877,0.939543315381786
"horizon_only",26,"legere","tau[3]",0.956511833350619,0.446382299556427,0.285592989105399,0.888736936734003,2.04312600202002
"horizon_only",26,"legere","tau[4]",0.313988751823511,0.237490517919391,0.0107556821822631,0.268314142401502,0.874012707760334
"horizon_only",27,"legere","alpha[1]",-0.626970992488876,1.120970370654,-3.09955441651269,-0.507840293981485,1.36963294307888
"horizon_only",27,"legere","alpha[2]",0.763387451505148,0.427633566533129,0.0176945309091085,0.726947801884893,1.74168088109842
"horizon_only",27,"legere","alpha[3]",-0.427312810075127,0.904450372999878,-2.63382285250039,-0.300896241796825,0.99161997759887
"horizon_only",27,"legere","alpha[4]",-0.0887233552340976,0.862225174659107,-1.92583470842271,-0.00335161448365086,1.40809652880095
"horizon_only",27,"legere","beta[1,1]",0.00385631989142035,0.395727681253743,-0.942844866298475,0.00132615860187519,0.898038316799589
"horizon_only",27,"legere","beta[2,1]",0.00127507476341491,0.242738683351961,-0.513231726199786,0.00176911496805657,0.514002282211789
"horizon_only",27,"legere","beta[3,1]",-0.239433594414181,0.470594413764955,-1.56573282794597,-0.0985581406550988,0.389289452401711
"horizon_only",27,"legere","beta[4,1]",0.034629297227494,0.362825640895893,-0.703244148808762,0.00702830479177895,0.86110426659501
"horizon_only",27,"legere","beta[1,2]",-0.112564299633804,0.349606644911222,-0.992352434432444,-0.0310781626644554,0.40815495809726
"horizon_only",27,"legere","beta[2,2]",-0.0194286701021323,0.209422561955225,-0.499084997078347,-0.00902954098556752,0.420216587100818
"horizon_only",27,"legere","beta[3,2]",0.0572007280336628,0.313756512314446,-0.533354324033011,0.0184654380138842,0.746817605032245
"horizon_only",27,"legere","beta[4,2]",0.0379989622219513,0.270726689566089,-0.503614525492822,0.0124455811961684,0.706226482359767
"horizon_only",27,"legere","beta[1,3]",-0.495964750883059,0.758394168099173,-2.0280164471563,-0.478926840135475,1.05607651951145
"horizon_only",27,"legere","beta[2,3]",0.921955330775254,0.40327520036598,0.241620512504824,0.891320728077768,1.80624185542852
"horizon_only",27,"legere","beta[3,3]",-0.51425261509741,0.697049813158396,-2.00377399396624,-0.479759171741924,0.838746416092397
"horizon_only",27,"legere","beta[4,3]",0.307214989875425,0.566523209288573,-0.796171003161468,0.292479520311238,1.5428294615457
"horizon_only",27,"legere","beta[1,4]",0.101259232570593,0.323647829409514,-0.490747796382193,0.0416355453548183,0.85937326793665
"horizon_only",27,"legere","beta[2,4]",-0.0780106719072058,0.235460623357861,-0.64132926401681,-0.0312298515341655,0.332316279209323
"horizon_only",27,"legere","beta[3,4]",0.0894709525832174,0.335579673373397,-0.499915115675795,0.0254086358011838,0.938167648074719
"horizon_only",27,"legere","beta[4,4]",-0.0750376474514106,0.288343788316319,-0.756291825170896,-0.0276307388605196,0.46592950790142
"horizon_only",27,"legere","tau[1]",0.37543106127686,0.357166728491094,0.0084736955260287,0.266896174796456,1.35092616543584
"horizon_only",27,"legere","tau[2]",0.272894315051707,0.22312062993993,0.0134643575208407,0.218089832698754,0.830480281881801
"horizon_only",27,"legere","tau[3]",0.943202013652179,0.413950961463186,0.33653441744078,0.872701694177492,1.90736987239753
"horizon_only",27,"legere","tau[4]",0.287804109448679,0.231223662898659,0.00849219334318006,0.23012280358769,0.847591986330789
"horizon_only",28,"legere","alpha[1]",-0.895950455979464,1.13475922440491,-3.26702455091632,-0.78582528840402,1.04546848436177
"horizon_only",28,"legere","alpha[2]",-0.444723268369602,0.557952116104869,-1.59549809716221,-0.409997344814035,0.584804833231881
"horizon_only",28,"legere","alpha[3]",0.329370414042809,0.634197802531643,-1.00503389300846,0.367073209584926,1.46637095304062
"horizon_only",28,"legere","alpha[4]",-0.439149749277302,0.958743032695285,-2.44166544720255,-0.36030926146967,1.2675871922535
"horizon_only",28,"legere","beta[1,1]",-0.0247592735801381,0.467083004439944,-1.10050537693467,-0.0046938644546078,0.949318073072216
"horizon_only",28,"legere","beta[2,1]",-0.095251045155188,0.334972098841021,-0.862013171872507,-0.0554772951968288,0.542144295353938
"horizon_only",28,"legere","beta[3,1]",0.260924334867557,0.381129003934997,-0.336185232881151,0.174109086196458,1.19321389425535
"horizon_only",28,"legere","beta[4,1]",-0.164458111072877,0.462676031773446,-1.39278311471988,-0.0595688335883149,0.601636963795787
"horizon_only",28,"legere","beta[1,2]",0.0186031319836139,0.314337632751637,-0.621208061175691,0.00380214866914241,0.741537224594401
"horizon_only",28,"legere","beta[2,2]",0.0560504171215645,0.259630376485018,-0.450084056750847,0.0142046803695384,0.677721937567549
"horizon_only",28,"legere","beta[3,2]",0.0450054291291341,0.266349568836938,-0.440385817822006,0.0123645413120836,0.668993352621855
"horizon_only",28,"legere","beta[4,2]",0.0505774489838206,0.278793439759292,-0.496072480032997,0.0142737519768616,0.716815456966863
"horizon_only",28,"legere","beta[1,3]",-0.461781903465851,1.12003281841103,-2.80575608073547,-0.432306654937538,1.708301702169
"horizon_only",28,"legere","beta[2,3]",1.9832280833841,0.74385695693873,0.823105933846218,1.88603361779281,3.69470694302143
"horizon_only",28,"legere","beta[3,3]",-0.713504537798713,0.737834709393801,-2.41721779034232,-0.648810431177025,0.596659975087033
"horizon_only",28,"legere","beta[4,3]",-0.304321521552023,0.878026149311086,-2.07855914536262,-0.291983573740212,1.45674313101012
"horizon_only",28,"legere","beta[1,4]",-0.12247037096536,0.396234608872357,-1.22050791285586,-0.0344287306191057,0.562240693469802
"horizon_only",28,"legere","beta[2,4]",0.0595523542631996,0.287648598390398,-0.482473678704207,0.0166987515154623,0.777400702804253
"horizon_only",28,"legere","beta[3,4]",0.0344291340266147,0.282835694873253,-0.535671631314912,0.011899174490589,0.67992273111701
"horizon_only",28,"legere","beta[4,4]",0.119575121945441,0.331135155774668,-0.415609200855597,0.0433808371071059,0.976747416458336
"horizon_only",28,"legere","tau[1]",0.4552764000891,0.375847524837231,0.0134500138957155,0.361420887012545,1.39429115981771
"horizon_only",28,"legere","tau[2]",0.262704058993392,0.229334890563078,0.00776011124375808,0.202705128099641,0.845974670613126
"horizon_only",28,"legere","tau[3]",1.3169758894161,0.446158310184739,0.613991569051332,1.25599663764871,2.33381922620505
"horizon_only",28,"legere","tau[4]",0.305795387893957,0.244141545237848,0.0137876283163947,0.245150791343127,0.900602890366939
"horizon_only",29,"legere","alpha[1]",-0.817127424530493,1.15646928170859,-3.18571402929286,-0.769000871651173,1.21670841876357
"horizon_only",29,"legere","alpha[2]",0.253850934072495,0.438793474708162,-0.555923365778284,0.254201289110441,1.18606687537773
"horizon_only",29,"legere","alpha[3]",0.168462197243963,0.774611234711294,-1.58185785843593,0.238203182640098,1.49615122046857
"horizon_only",29,"legere","alpha[4]",-1.31433922840285,1.12423840836734,-3.60024852984244,-1.22190374363105,0.683713955676254
"horizon_only",29,"legere","beta[1,1]",-0.231794124799241,0.573521353135577,-1.78650795335805,-0.0744428887682165,0.629934508932995
"horizon_only",29,"legere","beta[2,1]",0.167237353516494,0.311281854758371,-0.396354267013968,0.115278284875214,0.890192339717006
"horizon_only",29,"legere","beta[3,1]",-0.100515804059604,0.422737347235331,-1.07546074813833,-0.0467849982439418,0.714230348775651
"horizon_only",29,"legere","beta[4,1]",0.0990899862205747,0.515913432933277,-0.871563434734774,0.0334722372759843,1.35978436115028
"horizon_only",29,"legere","beta[1,2]",-0.0392289591186065,0.320237611891292,-0.796126437632453,-0.00799057305741743,0.61987167317162
"horizon_only",29,"legere","beta[2,2]",-0.0526577447089014,0.241945817322348,-0.650081528430302,-0.0113004005681364,0.384363174525966
"horizon_only",29,"legere","beta[3,2]",0.0815353782303126,0.285557750791571,-0.431291614638398,0.0312279040371285,0.808403929484912
"horizon_only",29,"legere","beta[4,2]",-0.0797777759771212,0.336174940890638,-0.890537983960359,-0.0216987839191468,0.535264112134334
"horizon_only",29,"legere","beta[1,3]",-0.0918535316851523,0.914649393075637,-2.06228130045504,-0.0640612490878567,1.71891311039821
"horizon_only",29,"legere","beta[2,3]",1.2242674018769,0.516246022673396,0.343397603309191,1.16375123043188,2.38251563664681
"horizon_only",29,"legere","beta[3,3]",-1.01190758642826,0.79928650985335,-2.87468394810333,-0.912507393151372,0.311576101248409
"horizon_only",29,"legere","beta[4,3]",0.0547302908505875,0.83738052543944,-1.67111554745295,0.0384747782000975,1.7196504594846
"horizon_only",29,"legere","beta[1,4]",0.0170445436889324,0.344511082737983,-0.702311317335692,-0.00106638675153595,0.803606301618545
"horizon_only",29,"legere","beta[2,4]",0.117089510133368,0.246864133490636,-0.323788231967811,0.0740286881489614,0.674991479150718
"horizon_only",29,"legere","beta[3,4]",-0.0243046018362574,0.341572754172031,-0.730567454822863,-0.00888477380959698,0.72211749195096
"horizon_only",29,"legere","beta[4,4]",-0.160393522586039,0.360115659845293,-1.07708162899776,-0.0756256135907547,0.443340264810537
"horizon_only",29,"legere","tau[1]",0.46072068596893,0.392577815997273,0.0208650653049124,0.356038973133135,1.51072159041474
"horizon_only",29,"legere","tau[2]",0.281831523217108,0.230184562353799,0.0107294606555672,0.228366158895903,0.835150311707587
"horizon_only",29,"legere","tau[3]",1.10487380718349,0.430185306118867,0.45699393156853,1.02952975852409,2.10861909911792
"horizon_only",29,"legere","tau[4]",0.316544893956055,0.235286941876229,0.0142403112172228,0.270603822288676,0.886111143406375
"horizon_only",30,"legere","alpha[1]",-0.594882637464476,1.11783999170766,-2.92835265094655,-0.53539314352557,1.4197292988521
"horizon_only",30,"legere","alpha[2]",-0.0406455804615661,0.537124131733063,-1.16412143327855,-0.0208317011929953,0.972474364829749
"horizon_only",30,"legere","alpha[3]",0.0469581840770227,0.707976023793981,-1.48814667848269,0.100341329638624,1.3465747901352
"horizon_only",30,"legere","alpha[4]",-1.10323694858834,1.05512668398917,-3.41773516412761,-0.993632050177986,0.681646665708603
"horizon_only",30,"legere","beta[1,1]",-0.484931255837978,0.917299865138619,-2.91543125579773,-0.220418694503322,0.815713155808763
"horizon_only",30,"legere","beta[2,1]",-0.294272135336885,0.460989345384114,-1.42590670456439,-0.20116580668418,0.402974719716328
"horizon_only",30,"legere","beta[3,1]",0.53738405876744,0.619572250161571,-0.313824989026988,0.398526289325725,2.05527744384159
"horizon_only",30,"legere","beta[4,1]",0.0154334428647837,0.636347678623575,-1.45073211797024,0.0220919947725807,1.2583748794673
"horizon_only",30,"legere","beta[1,2]",0.125495129046225,0.453105819608229,-0.570153037076984,0.0298820864647177,1.35589667882904
"horizon_only",30,"legere","beta[2,2]",-0.0293754796622449,0.302236290486023,-0.739697633451101,-0.00724541388084378,0.578566068295075
"horizon_only",30,"legere","beta[3,2]",0.153589267660889,0.3231665706269,-0.349691718556771,0.0758471729043932,0.962176448201124
"horizon_only",30,"legere","beta[4,2]",-0.00214989955245712,0.336999546709818,-0.754009860037733,0.00167851214741756,0.708583581387219
"horizon_only",30,"legere","beta[1,3]",-0.229444502384224,0.887296961724072,-2.07098360128924,-0.231489353207538,1.59046612539786
"horizon_only",30,"legere","beta[2,3]",1.37632801340951,0.566318326291239,0.473386265077595,1.31070616396723,2.60055886621718
"horizon_only",30,"legere","beta[3,3]",-0.437376747112968,0.674341836174888,-1.87694372334351,-0.408892496903865,0.851163065841197
"horizon_only",30,"legere","beta[4,3]",-0.157929057940241,0.722535895198922,-1.61680987711498,-0.13071372303982,1.32455722006465
"horizon_only",30,"legere","beta[1,4]",-0.0496585454976484,0.349255964523039,-0.811777556486478,-0.0122990025788433,0.602810677241438
"horizon_only",30,"legere","beta[2,4]",-0.0892081310714473,0.276965542206875,-0.770394983711932,-0.0373877570631983,0.403815597519047
"horizon_only",30,"legere","beta[3,4]",0.0205009701999425,0.314706700939166,-0.648397805946261,0.00728847640259319,0.714217462503322
"horizon_only",30,"legere","beta[4,4]",0.0280003592934066,0.307908409350506,-0.612276746585852,0.00724386937081366,0.698618442991981
"horizon_only",30,"legere","tau[1]",0.69806929779126,0.4906244254087,0.0380913835213583,0.617116990821716,1.87972985747507
"horizon_only",30,"legere","tau[2]",0.319560458114227,0.245713406973137,0.0161829619771747,0.264978614197818,0.909591114641961
"horizon_only",30,"legere","tau[3]",1.05426045988346,0.431357154945851,0.424841033416815,0.976941436451453,2.09703210039542
"horizon_only",30,"legere","tau[4]",0.292019340436203,0.238567936408963,0.0104454508453748,0.229187426759481,0.889536193335579
"age_horizon",1,"legere","alpha[1]",-1.11066734151188,1.11251244831263,-3.52012134220764,-0.998631206049927,0.766481383805062
"age_horizon",1,"legere","alpha[2]",0.460319231679651,0.429176660507504,-0.326173685180476,0.435296278516514,1.39288359672301
"age_horizon",1,"legere","alpha[3]",-0.177551552500578,0.866116682722374,-2.12574304110331,-0.0858911037757216,1.27191857043162
"age_horizon",1,"legere","alpha[4]",-0.730268468760981,1.02102588875461,-2.89452387322686,-0.613023232800126,0.997342105839312
"age_horizon",1,"legere","beta[1,1]",-0.370653844099967,0.83258325930086,-2.52135676376514,-0.153328897066007,0.828595826849773
"age_horizon",1,"legere","beta[2,1]",-0.291334540172247,0.386876802703156,-1.22464455402088,-0.212474673852706,0.265627496831948
"age_horizon",1,"legere","beta[3,1]",-0.0890874842567389,0.498255090655931,-1.29080484060577,-0.0252194247015396,0.87986702568914
"age_horizon",1,"legere","beta[4,1]",0.189773421510822,0.540380965157631,-0.91677079358965,0.13749939352755,1.34239559519442
"age_horizon",1,"legere","beta[1,2]",0.019434591808875,0.33063829000839,-0.630943643206609,0.00136223786291812,0.770786753817634
"age_horizon",1,"legere","beta[2,2]",-0.0911275858791653,0.259974606675032,-0.715675344973059,-0.0384276682408493,0.375287309462503
"age_horizon",1,"legere","beta[3,2]",-0.136084044836815,0.306226248180865,-0.887362052200156,-0.0521010679577866,0.369562887095759
"age_horizon",1,"legere","beta[4,2]",-0.0429005227410522,0.371148872161469,-0.817423425556987,-0.0141687134646228,0.680453365356299
"age_horizon",1,"legere","beta[1,3]",-0.155592997933501,0.648776817308874,-1.57389661001575,-0.113317900315297,1.12515239988395
"age_horizon",1,"legere","beta[2,3]",0.4456413573757,0.425701876665426,-0.232822757128684,0.402925729763614,1.34759433175985
"age_horizon",1,"legere","beta[3,3]",-0.671167653387025,0.813707435127824,-2.51784878654403,-0.571932654878887,0.7297563408848
"age_horizon",1,"legere","beta[4,3]",-0.309130540369062,0.73889655140108,-1.90965749718986,-0.243291536130452,1.11366552555315
"age_horizon",1,"legere","beta[1,4]",0.068721765606182,0.453626097421799,-0.84336466742908,0.0328331915767509,1.11544159033134
"age_horizon",1,"legere","beta[2,4]",0.156871678383497,0.292981404169038,-0.371521753773592,0.113387999965092,0.836443371764789
"age_horizon",1,"legere","beta[3,4]",-0.147083263499567,0.427725676070767,-1.19029491828359,-0.0696190683826708,0.684264089934152
"age_horizon",1,"legere","beta[4,4]",-0.271523067533555,0.468277540328642,-1.42697486108373,-0.153024003881219,0.470391687489841
"age_horizon",1,"legere","tau[1]",0.584912727911504,0.452008691982334,0.0298890953617709,0.48277004872161,1.70191266163333
"age_horizon",1,"legere","tau[2]",0.296430472824511,0.236294293115525,0.00796629295329428,0.239143517526549,0.870212018348913
"age_horizon",1,"legere","tau[3]",0.790108648435381,0.459604733216448,0.0957237401753306,0.716284882618254,1.83643065287044
"age_horizon",1,"legere","tau[4]",0.404604733398851,0.276554639860841,0.022562481841886,0.369277060747442,1.04306702210754
"age_horizon",2,"legere","alpha[1]",-0.320117956407058,1.2122573411906,-2.91229648701154,-0.207883918658624,1.77414587140855
"age_horizon",2,"legere","alpha[2]",0.734873817218824,0.531419954497069,-0.242017242415706,0.703245941647652,1.86255709065093
"age_horizon",2,"legere","alpha[3]",0.365128096016028,0.982346437839145,-1.69559264237603,0.40068307536886,2.05037482175903
"age_horizon",2,"legere","alpha[4]",-0.133550296022627,1.05221807539646,-2.31025635801701,-0.0562284200662339,1.71809599961175
"age_horizon",2,"legere","beta[1,1]",-0.0460576915671934,0.772443291954241,-1.7132279991632,-0.00747209768112465,1.5447744697154
"age_horizon",2,"legere","beta[2,1]",0.501513883592729,0.50458388431902,-0.290460714919155,0.439106151498988,1.60008291227
"age_horizon",2,"legere","beta[3,1]",-0.556784903710269,0.7463610141607,-2.27081756519688,-0.412976956244717,0.587814641056253
"age_horizon",2,"legere","beta[4,1]",0.671683968371836,0.875343028676287,-0.655793257693519,0.495387646214475,2.65933995907272
"age_horizon",2,"legere","beta[1,2]",-0.0391670516947532,0.386032928289742,-0.98929548585122,-0.00770114277064161,0.716405008035987
"age_horizon",2,"legere","beta[2,2]",-0.0455389508051993,0.281973821819531,-0.717106461130929,-0.0108911653914147,0.486531541414771
"age_horizon",2,"legere","beta[3,2]",0.081243492972293,0.365304311487599,-0.588412587062187,0.0172611815372004,1.0122087379924
"age_horizon",2,"legere","beta[4,2]",0.0575014549291058,0.383236724109106,-0.727890126209266,0.0110373077188481,0.975499500804579
"age_horizon",2,"legere","beta[1,3]",0.192405394553866,0.919454904677265,-1.68712175429323,0.163759252323775,2.11235081781909
"age_horizon",2,"legere","beta[2,3]",0.881285552654235,0.564392879533869,-0.0423207365131727,0.821408866135774,2.13602316634548
"age_horizon",2,"legere","beta[3,3]",-0.799927736394226,1.07807155123968,-3.2192730084471,-0.682344924492513,1.14613145874407
"age_horizon",2,"legere","beta[4,3]",-0.375831681864315,0.950714111842875,-2.15427064892421,-0.389963924439771,1.50365982287615
"age_horizon",2,"legere","beta[1,4]",0.15277910326534,0.544771637635108,-0.915456701722991,0.0653113894170105,1.38697827210553
"age_horizon",2,"legere","beta[2,4]",0.164734321121047,0.378456559368071,-0.560262725966061,0.111526681015861,1.00802876766686
"age_horizon",2,"legere","beta[3,4]",0.20728538396886,0.577063105692058,-0.852315678852569,0.0991954799727967,1.54539749700728
"age_horizon",2,"legere","beta[4,4]",-0.526956564699057,0.574128270542595,-1.84930217762395,-0.411735330933257,0.290779781546255
"age_horizon",2,"legere","tau[1]",0.83598275233076,0.527878033296009,0.0530574995706219,0.774889154453996,2.06491856214325
"age_horizon",2,"legere","tau[2]",0.308556656425566,0.254305911310099,0.00962140878849349,0.245987716980997,0.937212692580319
"age_horizon",2,"legere","tau[3]",1.06777916056996,0.494397094529769,0.321067292304255,0.990723659560357,2.24624016141469
"age_horizon",2,"legere","tau[4]",0.504321904791186,0.306163524390139,0.0216687736119451,0.480738987004903,1.15200686359507
"age_horizon",3,"legere","alpha[1]",0.260501180749709,1.05838309638205,-2.26295013893814,0.363694120308751,2.03678451484234
"age_horizon",3,"legere","alpha[2]",0.740977209919274,0.467656344087231,-0.107913026089453,0.7189733003431,1.75086875343687
"age_horizon",3,"legere","alpha[3]",-0.00105766249200787,0.922626364216693,-2.16205768334873,0.11358228985962,1.49818684738955
"age_horizon",3,"legere","alpha[4]",-0.65129522190369,1.06176898668616,-2.95739390511579,-0.532207334411873,1.23600803444906
"age_horizon",3,"legere","beta[1,1]",-0.0582469879373634,0.471287304956672,-1.20874135817797,-0.00866278775824747,0.905328817979568
"age_horizon",3,"legere","beta[2,1]",0.100116612396488,0.297426217475593,-0.457577304958887,0.0509004657738072,0.804988065661027
"age_horizon",3,"legere","beta[3,1]",-0.00715495048826595,0.410196408246282,-0.893387263557779,-0.00128673605649366,0.861488660408438
"age_horizon",3,"legere","beta[4,1]",0.115946548675949,0.495161643524713,-0.789057504259235,0.0190324052265328,1.3783221405853
"age_horizon",3,"legere","beta[1,2]",-0.00429328748185096,0.32480404812421,-0.688665751048791,-0.000671781123638875,0.697247551600968
"age_horizon",3,"legere","beta[2,2]",0.00841787605249328,0.251270278006605,-0.541857401695578,0.002109381645949,0.555229799919705
"age_horizon",3,"legere","beta[3,2]",0.0203307133849203,0.30987230723306,-0.631618321117791,0.00486100400741164,0.723511560836461
"age_horizon",3,"legere","beta[4,2]",0.0441516714230004,0.3337367538619,-0.610470714418749,0.00971374624900743,0.808521353677019
"age_horizon",3,"legere","beta[1,3]",0.305139902758804,0.779808058289144,-1.16254018316948,0.195231855806694,2.02109649283335
"age_horizon",3,"legere","beta[2,3]",0.684201851745499,0.497389996737012,-0.0801331972172988,0.626241226566446,1.79907126096408
"age_horizon",3,"legere","beta[3,3]",-0.744638208059235,0.938240941228895,-2.94970820119801,-0.582124062827924,0.7029977083345
"age_horizon",3,"legere","beta[4,3]",0.042219259702523,0.666937199195155,-1.29741359666972,0.014029252362336,1.38285085487915
"age_horizon",3,"legere","beta[1,4]",0.14632726379958,0.412427793086047,-0.497318576381499,0.0506413249661096,1.14711180384588
"age_horizon",3,"legere","beta[2,4]",0.022322302747427,0.279848868984536,-0.587686381104292,0.00936337043112325,0.614515916340031
"age_horizon",3,"legere","beta[3,4]",-0.0465642749856052,0.427763200679885,-1.03658449995891,-0.00973621324072448,0.790074832373301
"age_horizon",3,"legere","beta[4,4]",-0.154269661432254,0.366762240458476,-1.0679937686741,-0.0688889580449914,0.469142623371702
"age_horizon",3,"legere","tau[1]",0.411217453783221,0.365831576244571,0.0117172292898894,0.310596913179421,1.32533759121074
"age_horizon",3,"legere","tau[2]",0.276528400667216,0.229749818843138,0.00802795858583443,0.224715940766096,0.824366298560875
"age_horizon",3,"legere","tau[3]",0.874615529500606,0.492652190018729,0.126577087346449,0.813087604946987,2.00649442717569
"age_horizon",3,"legere","tau[4]",0.336168692015899,0.258431733427965,0.0141981064816425,0.281941508297969,0.961360797986375
"age_horizon",4,"legere","alpha[1]",-0.599853259870186,1.12828387195156,-2.99649577769505,-0.477539758565732,1.29060136484101
"age_horizon",4,"legere","alpha[2]",-0.0377033759624746,0.496245283146565,-1.00875310559051,-0.0305766470596263,0.945418489802014
"age_horizon",4,"legere","alpha[3]",-0.0651506976688756,0.795927658833869,-1.98687507666477,0.0414542126288464,1.20749503781325
"age_horizon",4,"legere","alpha[4]",-0.700231820649277,1.09462456345154,-3.02169573261142,-0.595692697958646,1.2000575965439
"age_horizon",4,"legere","beta[1,1]",-0.230252980110647,0.620687263686618,-1.67463685024451,-0.102382233616519,0.864490367467402
"age_horizon",4,"legere","beta[2,1]",-0.0976084621661077,0.397905757606497,-0.987239721718822,-0.0560376617327099,0.686360774703059
"age_horizon",4,"legere","beta[3,1]",0.358303807994265,0.510058186710741,-0.390029933872896,0.247606890974391,1.59538076763998
"age_horizon",4,"legere","beta[4,1]",0.0514184862296616,0.588823152357483,-1.2963928357908,0.0238999691628686,1.3069571007622
"age_horizon",4,"legere","beta[1,2]",-0.0620295070898531,0.343370259911533,-0.895567552134667,-0.0101387786905273,0.596382654934238
"age_horizon",4,"legere","beta[2,2]",-0.0657164849207174,0.256570612852969,-0.691171535328399,-0.0264560021669337,0.407753084914766
"age_horizon",4,"legere","beta[3,2]",0.0507204785804942,0.307286499800703,-0.563538879234624,0.0121544580401343,0.778733552309657
"age_horizon",4,"legere","beta[4,2]",0.0324587192491026,0.322920491322171,-0.589111459986911,0.00934324412348263,0.759534841018371
"age_horizon",4,"legere","beta[1,3]",-0.375912599155344,0.902130352463963,-2.38054945653768,-0.281655355729385,1.4016620616866
"age_horizon",4,"legere","beta[2,3]",0.806419234924985,0.563979590402946,-0.0911408882267564,0.745841767267621,2.11929295351706
"age_horizon",4,"legere","beta[3,3]",-0.845267055512938,0.866105673241008,-2.93945321585384,-0.695229026244598,0.486323931283914
"age_horizon",4,"legere","beta[4,3]",0.266842472267638,0.775379797714161,-1.24892880919095,0.217421043230169,1.8966739728465
"age_horizon",4,"legere","beta[1,4]",0.189941186319111,0.518142753890936,-0.745842974675302,0.103143947604466,1.36132827197888
"age_horizon",4,"legere","beta[2,4]",0.197608010170386,0.36811272647915,-0.539875196971505,0.163944271343416,0.986240179485387
"age_horizon",4,"legere","beta[3,4]",-0.4012765728618,0.53828378804216,-1.63457362734175,-0.304296803089192,0.411801093303016
"age_horizon",4,"legere","beta[4,4]",-0.22751707054089,0.457870488111505,-1.29242576567078,-0.15215361186984,0.596643983918327
"age_horizon",4,"legere","tau[1]",0.574727195727531,0.432545088431009,0.0274066701580335,0.490712920984613,1.61449995057683
"age_horizon",4,"legere","tau[2]",0.289944057518658,0.231717581124553,0.0111882866789307,0.239363043789764,0.846920462268658
"age_horizon",4,"legere","tau[3]",0.97294822833941,0.497912502975003,0.236043860904445,0.899816061304428,2.15390148741064
"age_horizon",4,"legere","tau[4]",0.481322775926354,0.289182888538467,0.0245633205321461,0.46040666065611,1.12905696142971
"age_horizon",5,"legere","alpha[1]",0.495962949983031,1.06014303636284,-1.81660268091221,0.58446948300709,2.3989783879549
"age_horizon",5,"legere","alpha[2]",0.241064149007228,0.653903828036935,-1.16774542004275,0.263217162816466,1.46900411125214
"age_horizon",5,"legere","alpha[3]",0.117589599334044,1.00963100149833,-2.24627400105444,0.221741116553815,1.80959355561894
"age_horizon",5,"legere","alpha[4]",-0.428627175375592,1.17852781916812,-2.9805376133833,-0.29941553962015,1.56270777525803
"age_horizon",5,"legere","beta[1,1]",-0.116992008890611,0.825816149082538,-1.80558842213768,-0.100783964976712,1.57229097550835
"age_horizon",5,"legere","beta[2,1]",-0.609139229873373,0.666467982540533,-2.15081698378971,-0.514652310325031,0.40204480220396
"age_horizon",5,"legere","beta[3,1]",0.657056478219085,0.740679027354757,-0.626632666794467,0.590171394228335,2.26639413311709
"age_horizon",5,"legere","beta[4,1]",0.458745947288434,0.872743050151345,-1.17695357218878,0.361806150932392,2.28080098625324
"age_horizon",5,"legere","beta[1,2]",-0.125173884307959,0.443917907679527,-1.25471192969341,-0.0440001086912813,0.643603920546214
"age_horizon",5,"legere","beta[2,2]",0.0808387339918551,0.362077819315433,-0.658015664937964,0.0385714355746733,0.889114271179963
"age_horizon",5,"legere","beta[3,2]",-0.0979499206848138,0.388547827014248,-1.01631831756856,-0.0401206809076454,0.632710851325083
"age_horizon",5,"legere","beta[4,2]",-0.0854301532286826,0.426323336419407,-1.11106449448223,-0.0295974270743905,0.76879383295594
"age_horizon",5,"legere","beta[1,3]",-0.0244183704475453,0.756072522854625,-1.67847828641786,-0.00917005141015555,1.68372729294546
"age_horizon",5,"legere","beta[2,3]",0.131245549910281,0.487952849964959,-0.805590738835547,0.0685354515486631,1.20537245710383
"age_horizon",5,"legere","beta[3,3]",-0.263878829841715,0.867905121831851,-2.38898494607819,-0.0922522640231208,1.28936744198573
"age_horizon",5,"legere","beta[4,3]",-0.0814176337190859,0.677272032779473,-1.66318956545244,-0.0261005591838585,1.25192040448173
"age_horizon",5,"legere","beta[1,4]",0.0991461335975013,0.579600018386834,-1.01779881395117,0.055708009461755,1.38346456400609
"age_horizon",5,"legere","beta[2,4]",0.412438009289229,0.484340395574354,-0.392034371719713,0.348383491245516,1.47901171210396
"age_horizon",5,"legere","beta[3,4]",-0.270461594336009,0.623965837591875,-1.71032254349508,-0.180401471354949,0.923311904415831
"age_horizon",5,"legere","beta[4,4]",-0.421882449971348,0.572716672105222,-1.7252137310258,-0.332760884303434,0.538231191538475
"age_horizon",5,"legere","tau[1]",0.880125939188112,0.490998307575654,0.098928243258548,0.816226752087403,2.07294344790785
"age_horizon",5,"legere","tau[2]",0.36997719963834,0.274160021181131,0.0158951115213836,0.320773946775654,1.02121076889487
"age_horizon",5,"legere","tau[3]",0.608204815531857,0.491736571994515,0.0160329858538515,0.484034965508772,1.81434661786302
"age_horizon",5,"legere","tau[4]",0.561799552384242,0.310497385523856,0.0454197319246447,0.541475621052676,1.2478166660903
"age_horizon",6,"legere","alpha[1]",-1.27812128873566,1.03614929238109,-3.53549044815073,-1.22586274667125,0.569466252963791
"age_horizon",6,"legere","alpha[2]",0.0732690383747075,0.391623473223876,-0.684361774422796,0.0745765919748324,0.901338779666195
"age_horizon",6,"legere","alpha[3]",-0.989859574251795,0.926968915874734,-3.04806756905983,-0.877522317585408,0.608792369169365
"age_horizon",6,"legere","alpha[4]",-0.621415229840546,0.921341215922385,-2.75786647300812,-0.546466912364192,0.926081985373753
"age_horizon",6,"legere","beta[1,1]",-0.0670905407993465,0.556559923588688,-1.28796881754528,-0.0213456824671401,1.08692268741338
"age_horizon",6,"legere","beta[2,1]",-0.27368740317013,0.34446764158849,-1.06242629806551,-0.221487317973785,0.294662891047421
"age_horizon",6,"legere","beta[3,1]",-0.215482109312092,0.54027579132181,-1.57147344869023,-0.109474360094828,0.67685777712889
"age_horizon",6,"legere","beta[4,1]",0.271231873190409,0.466087233959297,-0.534851554558609,0.179585499904764,1.36539910148354
"age_horizon",6,"legere","beta[1,2]",-0.00288870282408222,0.381439983925099,-0.798853335491357,-0.00137488256626573,0.797068553643682
"age_horizon",6,"legere","beta[2,2]",0.170497980199964,0.266035199843434,-0.217677414355572,0.111388416417399,0.861424486234024
"age_horizon",6,"legere","beta[3,2]",0.0526871591176879,0.371853633208762,-0.622834602166573,0.0151150894647277,0.938105518967427
"age_horizon",6,"legere","beta[4,2]",-0.0845140101037439,0.324804633069265,-0.843125113246671,-0.0364470016543149,0.553193958092115
"age_horizon",6,"legere","beta[1,3]",-0.256474796587553,0.697158233859531,-1.70297856995479,-0.208359492233137,1.08701528516647
"age_horizon",6,"legere","beta[2,3]",0.721051861138255,0.401199572574669,0.0210133665575563,0.696517599000597,1.61560270872558
"age_horizon",6,"legere","beta[3,3]",-0.474941580745589,0.800827179435246,-2.26774295019437,-0.376579304799212,0.951404299305751
"age_horizon",6,"legere","beta[4,3]",-0.325726281691679,0.599331961053509,-1.6656615218934,-0.273701340153304,0.71180601086053
"age_horizon",6,"legere","beta[1,4]",0.0620551750698193,0.504535946952459,-0.955173274522865,0.0277259910100455,1.14505852745434
"age_horizon",6,"legere","beta[2,4]",0.351513592940036,0.333323823256906,-0.214493185511677,0.328845864111235,1.04268502064091
"age_horizon",6,"legere","beta[3,4]",0.0512264332509364,0.52261393130313,-0.971379974293614,0.0213588886348598,1.16824294790109
"age_horizon",6,"legere","beta[4,4]",-0.542911996072407,0.467561494397878,-1.51399818225512,-0.489301768404172,0.214947960950302
"age_horizon",6,"legere","tau[1]",0.56325723967181,0.396824038611885,0.0406210222068152,0.487490339279431,1.57826818096627
"age_horizon",6,"legere","tau[2]",0.324277517944704,0.245978521064176,0.0176292641899687,0.271383269843986,0.916791694505334
"age_horizon",6,"legere","tau[3]",0.817908308053282,0.409559048253442,0.1783285631571,0.761452364908813,1.76727379744804
"age_horizon",6,"legere","tau[4]",0.526513865422979,0.265507971609288,0.0658506168946309,0.50894012135006,1.10994409288625
"age_horizon",7,"legere","alpha[1]",-0.163567864602872,1.1737598750336,-2.65291935295456,-0.0665650412459145,1.92071800197956
"age_horizon",7,"legere","alpha[2]",0.548302922057904,0.590552352626322,-0.612423683581696,0.544444914048427,1.76094299997085
"age_horizon",7,"legere","alpha[3]",0.589844477113584,1.0417591681148,-1.90825615162604,0.751606073406037,2.27659852009206
"age_horizon",7,"legere","alpha[4]",-0.300750742965732,1.17537380031322,-2.87184384116632,-0.207309685064794,1.72176973639518
"age_horizon",7,"legere","beta[1,1]",0.121209796507773,0.661355194441228,-1.00289651350269,0.0150835504824481,1.60226348708747
"age_horizon",7,"legere","beta[2,1]",0.263468805971307,0.526448734055269,-0.549692292503001,0.131640862692747,1.59615984212713
"age_horizon",7,"legere","beta[3,1]",-0.166130738750539,0.596230216251022,-1.50942802695313,-0.0956016326308882,0.982981759697405
"age_horizon",7,"legere","beta[4,1]",0.326147422793723,0.677627228237913,-0.700022594832672,0.124678589555104,2.08343732721074
"age_horizon",7,"legere","beta[1,2]",0.0379282772693618,0.401992677295326,-0.855085758102903,0.0112102594942813,0.960165483893271
"age_horizon",7,"legere","beta[2,2]",-0.156688406155148,0.302071761647989,-0.873114310449414,-0.0902171080207388,0.325667838435374
"age_horizon",7,"legere","beta[3,2]",-0.132703687699532,0.411257439932259,-1.16110408005547,-0.0494467206702173,0.587010895411639
"age_horizon",7,"legere","beta[4,2]",-0.00821548465968167,0.438994753069368,-0.965060890382118,0.00142564765470832,0.94273729232585
"age_horizon",7,"legere","beta[1,3]",-0.361407606925325,0.740643393422843,-2.08881045527287,-0.29853529983121,0.982338480914886
"age_horizon",7,"legere","beta[2,3]",0.960118620422342,0.557271284769378,0.0649399611820731,0.88934505775506,2.28656881318566
"age_horizon",7,"legere","beta[3,3]",-0.310236615573361,0.786165230829322,-2.03744524412877,-0.259560574312729,1.25865117439929
"age_horizon",7,"legere","beta[4,3]",-0.0649902933591157,0.707940106690945,-1.48352019076351,-0.0631953566634772,1.44091670907064
"age_horizon",7,"legere","beta[1,4]",0.015818356679098,0.502194978396318,-1.0108708958826,0.00977864245539554,1.05553899518896
"age_horizon",7,"legere","beta[2,4]",0.452466347422998,0.413892942951549,-0.203963808703129,0.411510834712085,1.35195735019435
"age_horizon",7,"legere","beta[3,4]",-0.154050573326049,0.487178886411397,-1.23472362222338,-0.0916756465534996,0.812429650693428
"age_horizon",7,"legere","beta[4,4]",-0.280798472670763,0.497204703786882,-1.41906133445096,-0.210651316752793,0.615729489257888
"age_horizon",7,"legere","tau[1]",0.608340722418475,0.48873901514291,0.0240650807690977,0.488843459999315,1.79107750057496
"age_horizon",7,"legere","tau[2]",0.35211270051723,0.26258467038741,0.0193161159954147,0.299237195653545,0.96788270021799
"age_horizon",7,"legere","tau[3]",0.89410618790975,0.443370622903254,0.237628380712343,0.825401744554393,1.97548837269608
"age_horizon",7,"legere","tau[4]",0.505916055746323,0.270609874499774,0.0481576759244228,0.483952969978437,1.1233491010892
"age_horizon",8,"legere","alpha[1]",-0.724536567429606,1.01945787512787,-2.98700982745812,-0.649040599958551,1.07829321335772
"age_horizon",8,"legere","alpha[2]",0.505723291561552,0.443731264216158,-0.328924513144473,0.501529192505345,1.41985809996457
"age_horizon",8,"legere","alpha[3]",0.767743681783422,0.624547462539579,-0.548472905032288,0.802300742086556,1.96030615915022
"age_horizon",8,"legere","alpha[4]",-0.934428351809368,1.05724529143142,-3.1914492159689,-0.871439835000436,0.906710102351964
"age_horizon",8,"legere","beta[1,1]",0.0150687051444529,0.445724340483101,-0.952394398345526,0.00302415520631714,0.957272738700187
"age_horizon",8,"legere","beta[2,1]",-0.0620909319926375,0.281503154684277,-0.745663133387886,-0.0170530578940624,0.462797230379073
"age_horizon",8,"legere","beta[3,1]",-0.0744942042352795,0.325362911187216,-0.864150816304414,-0.02151225066402,0.568585211155453
"age_horizon",8,"legere","beta[4,1]",-0.0393710482787996,0.398065123961379,-0.987768832740712,-0.0069253028032925,0.785087765194445
"age_horizon",8,"legere","beta[1,2]",0.0398909569909799,0.337705413041136,-0.647226002344499,0.00965614973929643,0.814149108946415
"age_horizon",8,"legere","beta[2,2]",-0.0569570331327457,0.248064276091084,-0.668501620988952,-0.0146298826831259,0.426586351301488
"age_horizon",8,"legere","beta[3,2]",-0.14851463190843,0.300902364184226,-0.868568310034884,-0.0697570056806655,0.333741253144471
"age_horizon",8,"legere","beta[4,2]",-0.0596779072149178,0.329050177600444,-0.844131274372153,-0.019114261220526,0.561798133193666
"age_horizon",8,"legere","beta[1,3]",0.11797961567386,0.857024991122901,-1.55388920492015,0.0842513421852182,2.01812870377621
"age_horizon",8,"legere","beta[2,3]",0.488178899686738,0.427417241949302,-0.273883264946071,0.454421813079764,1.42292138575321
"age_horizon",8,"legere","beta[3,3]",-0.773269028659916,0.680079437022043,-2.33532720884815,-0.651453593294161,0.206244677078743
"age_horizon",8,"legere","beta[4,3]",-0.380618711024434,0.716205247817585,-2.02737739765141,-0.30937900049267,0.900184762813663
"age_horizon",8,"legere","beta[1,4]",0.00483211714573737,0.325488124163773,-0.665550097322262,-0.000286594932124969,0.704663739051557
"age_horizon",8,"legere","beta[2,4]",0.0268471096284408,0.230379375217759,-0.447641460093814,0.00997603724260396,0.5378378022748
"age_horizon",8,"legere","beta[3,4]",0.0247443185804258,0.269614088624803,-0.518813255500151,0.00532723684248669,0.606320373308264
"age_horizon",8,"legere","beta[4,4]",-0.021515627267557,0.269180265703438,-0.607310908089439,-0.0079599196687666,0.559904199562426
"age_horizon",8,"legere","tau[1]",0.365058236438523,0.328480860763145,0.0110084232632186,0.274630560408771,1.23497702347393
"age_horizon",8,"legere","tau[2]",0.297458971450587,0.242112515934397,0.0127772132182342,0.239401477190355,0.90671928664334
"age_horizon",8,"legere","tau[3]",0.844315983775154,0.455547997326956,0.196941972998907,0.766110457015862,2.01346945274706
"age_horizon",8,"legere","tau[4]",0.254882738058578,0.210871600610516,0.00759152888891698,0.208687094724724,0.791450308284819
"age_horizon",9,"complete","alpha[1]",-0.696151555713403,1.1521849318688,-3.17398082236917,-0.610121095990513,1.38115248016899
"age_horizon",9,"complete","alpha[2]",0.299140110130412,0.419626671790067,-0.502338290221332,0.282885249574904,1.18857487746597
"age_horizon",9,"complete","alpha[3]",0.402594304353012,0.752096297614585,-1.33112020313539,0.486972094563458,1.63730929133595
"age_horizon",9,"complete","alpha[4]",-1.13691898599166,1.06990617725216,-3.40720004386012,-1.05577118220648,0.771289479992261
"age_horizon",9,"complete","beta[1,1]",-0.316284414841882,0.618188065905266,-1.98987288982779,-0.118921537932399,0.490277740182185
"age_horizon",9,"complete","beta[2,1]",0.0326364178842057,0.31522438416063,-0.697202576433464,0.0234676396522597,0.668894154066074
"age_horizon",9,"complete","beta[3,1]",0.000159180466887918,0.386490767472036,-0.831372069906956,0.00212178422815724,0.825433689509225
"age_horizon",9,"complete","beta[4,1]",-0.101057608785837,0.50230105769137,-1.38892224392502,-0.0251437989617034,0.835072592931765
"age_horizon",9,"complete","beta[1,2]",-0.144349062904533,0.366557428795361,-1.11665125301102,-0.0432691319453481,0.398643709517474
"age_horizon",9,"complete","beta[2,2]",-0.00687332869811181,0.250374811298375,-0.603073710390259,-8.04224913357304e-05,0.493893056318887
"age_horizon",9,"complete","beta[3,2]",-0.0326370816758496,0.288371737369942,-0.664024030665293,-0.0107705325911028,0.565601144514306
"age_horizon",9,"complete","beta[4,2]",-0.00540490719909668,0.343837967545944,-0.786428897580765,-0.000570585478758327,0.747187915360011
"age_horizon",9,"complete","beta[1,3]",-0.230046743230084,0.877644641904223,-2.2184167721251,-0.168704012650671,1.51942610333224
"age_horizon",9,"complete","beta[2,3]",0.795738287923746,0.452623149966431,0.0248859463391428,0.75743534575818,1.80567245043994
"age_horizon",9,"complete","beta[3,3]",-0.0193000923790192,0.67288130996128,-1.37007554773348,-0.0309820519518049,1.40335161240254
"age_horizon",9,"complete","beta[4,3]",-0.0961737796874569,0.637767561853607,-1.45853682952658,-0.0639860897743115,1.13087897151934
"age_horizon",9,"complete","beta[1,4]",0.0422813923535499,0.359439545817852,-0.664003040565415,0.00943747434265349,0.877029572156491
"age_horizon",9,"complete","beta[2,4]",-0.023493184594706,0.245986481119974,-0.613261798969469,-0.00181730930119797,0.447551995567178
"age_horizon",9,"complete","beta[3,4]",-0.0382820196874389,0.308809102223573,-0.717030725536427,-0.0138863315711676,0.630803402281616
"age_horizon",9,"complete","beta[4,4]",-0.105779452671798,0.315865232182017,-0.892191404892541,-0.0405114820846323,0.425452826809197
"age_horizon",9,"complete","tau[1]",0.453396682644688,0.400531664203773,0.0159121878999524,0.340294813961943,1.5186131444139
"age_horizon",9,"complete","tau[2]",0.292106833051941,0.235526168817243,0.014937824371009,0.231616955184827,0.897189179770972
"age_horizon",9,"complete","tau[3]",0.812410423825124,0.449787870498277,0.155718636229848,0.741036554373457,1.9206093958737
"age_horizon",9,"complete","tau[4]",0.290423457495076,0.230981450894532,0.0131130378321346,0.234765082141231,0.876782671301781
"age_horizon",10,"legere","alpha[1]",0.188848720199454,0.980484480930066,-2.10887025016573,0.27629098527599,1.8671507420555
"age_horizon",10,"legere","alpha[2]",0.497105295803871,0.481334889693077,-0.416863787159883,0.47596528202242,1.49801740994935
"age_horizon",10,"legere","alpha[3]",0.0081663808976677,0.915413833054038,-2.04184343151757,0.118922202082847,1.49081637673135
"age_horizon",10,"legere","alpha[4]",-0.837095204233988,0.964470823575622,-2.94349760674054,-0.786736268130761,0.832916537691169
"age_horizon",10,"legere","beta[1,1]",0.419576105183318,0.636631532466781,-0.57867829662684,0.267144824951791,2.01589200167607
"age_horizon",10,"legere","beta[2,1]",-0.00135523848843174,0.384309244852207,-0.818242959052465,0.00121833441927863,0.783416555680237
"age_horizon",10,"legere","beta[3,1]",0.0190115289392864,0.524341429994637,-1.06506854626885,0.0062116419144992,1.17100627140685
"age_horizon",10,"legere","beta[4,1]",-0.572375333983084,0.753235318744453,-2.45647709024846,-0.358531918485759,0.44926295182286
"age_horizon",10,"legere","beta[1,2]",0.0374980352023748,0.345767324239758,-0.707537602691455,0.0168929136832631,0.848422888044695
"age_horizon",10,"legere","beta[2,2]",-0.150663326834133,0.331587738315175,-0.994551821978823,-0.0754110696381528,0.366462222137083
"age_horizon",10,"legere","beta[3,2]",-0.071119570456308,0.319769715736619,-0.814135926492585,-0.0332115256331243,0.56054827296792
"age_horizon",10,"legere","beta[4,2]",0.150514188892854,0.394336612214193,-0.503734214509094,0.0699279914674548,1.15416914247229
"age_horizon",10,"legere","beta[1,3]",0.450491419628193,0.860546089220893,-0.986018998055093,0.30443813169176,2.44041779851429
"age_horizon",10,"legere","beta[2,3]",0.84602402077538,0.527775419519921,-0.00174963920511701,0.783795425077445,2.01398778801597
"age_horizon",10,"legere","beta[3,3]",-0.234215905283703,0.707923635137857,-1.81574782206363,-0.172852750508654,1.13037434285791
"age_horizon",10,"legere","beta[4,3]",0.469442297316407,0.699151221339066,-0.687746093442517,0.389072800563905,2.064551275096
"age_horizon",10,"legere","beta[1,4]",0.32699966370135,0.583800895002156,-0.389707093297583,0.140150590793276,2.03417869550563
"age_horizon",10,"legere","beta[2,4]",0.132329703540776,0.326565541135614,-0.42125334955781,0.0658808404442287,0.939311409795488
"age_horizon",10,"legere","beta[3,4]",0.0736202202332608,0.368005758966686,-0.574107620810801,0.01955383430944,0.952147167485563
"age_horizon",10,"legere","beta[4,4]",-0.142986024932478,0.390728514970927,-1.02933344368445,-0.0774619887555722,0.572117691987633
"age_horizon",10,"legere","tau[1]",0.666459069170907,0.497403884371623,0.0310566532603594,0.573919043569645,1.80375309209888
"age_horizon",10,"legere","tau[2]",0.341126440504471,0.251150311670438,0.0181671309514083,0.288641039947048,0.932226686998747
"age_horizon",10,"legere","tau[3]",0.8786479069177,0.48760038040563,0.145657850368826,0.79981715233048,2.0674191787028
"age_horizon",10,"legere","tau[4]",0.388015072994639,0.290352671745061,0.0141201294417465,0.327691908400406,1.08742923539787
"age_horizon",11,"legere","alpha[1]",0.59318144017743,1.05555581560804,-1.59744772625762,0.638023534288141,2.47176836106846
"age_horizon",11,"legere","alpha[2]",0.841091880962336,0.587773810111704,-0.198344866178376,0.810147819381515,2.05721954151205
"age_horizon",11,"legere","alpha[3]",0.600035387638119,1.0640746854569,-1.89117158182378,0.714180733269772,2.41190326916462
"age_horizon",11,"legere","alpha[4]",-0.707048509444501,1.20629547049168,-3.22665560562865,-0.660833411453988,1.45546370393892
"age_horizon",11,"legere","beta[1,1]",-0.679261797118399,1.1082315125439,-3.58916678307502,-0.278536151713671,0.635851481264603
"age_horizon",11,"legere","beta[2,1]",0.0550100269156171,0.439249449588749,-0.882268462094207,0.026188424006861,1.05038491696547
"age_horizon",11,"legere","beta[3,1]",0.170476363494961,0.654477201978071,-1.12876268903716,0.0765284320034507,1.69858999347873
"age_horizon",11,"legere","beta[4,1]",0.394543730177647,0.787370954619197,-0.955505214514725,0.186345242699686,2.19501050435484
"age_horizon",11,"legere","beta[1,2]",0.158936362410866,0.418345795526676,-0.563350591045922,0.0703501958640955,1.21728109688234
"age_horizon",11,"legere","beta[2,2]",-0.128697620380374,0.35878171650261,-1.00829755672807,-0.0526303948801088,0.511933234887733
"age_horizon",11,"legere","beta[3,2]",-0.0420254680027793,0.355667591982153,-0.847437637335336,-0.0155808127864484,0.666388325444978
"age_horizon",11,"legere","beta[4,2]",-0.0694665342496481,0.408122329141326,-0.998814224393072,-0.0277960114162657,0.736209500963827
"age_horizon",11,"legere","beta[1,3]",0.622904252338199,0.980756993651626,-0.917495477263635,0.460328739048145,2.99095734032435
"age_horizon",11,"legere","beta[2,3]",0.692242409263033,0.602407770290125,-0.269505361088642,0.625046979573811,2.05875530394046
"age_horizon",11,"legere","beta[3,3]",-0.834789264066715,1.05643415622749,-3.06682545963708,-0.713993631179847,1.08121424491446
"age_horizon",11,"legere","beta[4,3]",-0.25137951500249,0.875135180333505,-2.0728701786938,-0.189354648386959,1.51137768506705
"age_horizon",11,"legere","beta[1,4]",-0.032415462802804,0.514425959535895,-1.21509384474183,-0.006767123615611,1.02186154672482
"age_horizon",11,"legere","beta[2,4]",0.303515072694534,0.406107325022714,-0.347596618814254,0.233823920336763,1.24642698103565
"age_horizon",11,"legere","beta[3,4]",-0.0566142029083193,0.488735884674334,-1.1036617923655,-0.0389338546513565,0.970872189838375
"age_horizon",11,"legere","beta[4,4]",-0.240683696794925,0.526633534988896,-1.44103266622308,-0.133607613478048,0.651973474228746
"age_horizon",11,"legere","tau[1]",0.71718449509161,0.564806306164137,0.025788886725198,0.606788136505359,2.01701178393593
"age_horizon",11,"legere","tau[2]",0.352072783890165,0.261585841716503,0.0149057597817936,0.293752490481839,0.979670267489549
"age_horizon",11,"legere","tau[3]",0.98601054783598,0.526104739977453,0.142825901851607,0.906122228560229,2.16867765159757
"age_horizon",11,"legere","tau[4]",0.457112626517802,0.289782897936642,0.0368508904138118,0.422319705841453,1.1177420140317
"age_horizon",12,"legere","alpha[1]",-0.434872952958869,1.16781061894146,-2.99710811139428,-0.327579495445281,1.53688733287803
"age_horizon",12,"legere","alpha[2]",0.103449705722325,0.542696796622947,-0.948369998650655,0.113956378236534,1.18292638659717
"age_horizon",12,"legere","alpha[3]",0.922311037319013,0.741877190840487,-0.86535578777996,0.981420654589292,2.19545928828251
"age_horizon",12,"legere","alpha[4]",-0.0923799720019557,0.923748605891434,-2.11545741533353,-0.015896337958737,1.51551286813935
"age_horizon",12,"legere","beta[1,1]",-0.05363810904423,0.438735806192266,-1.12405029800902,-0.0137153155068792,0.806748130042213
"age_horizon",12,"legere","beta[2,1]",0.0143924365303674,0.347878725280149,-0.781226139386414,0.00826080903047863,0.734626993856178
"age_horizon",12,"legere","beta[3,1]",0.0364599949434774,0.355720363273841,-0.653003703343084,0.00782796476074807,0.831562761373211
"age_horizon",12,"legere","beta[4,1]",-0.0234384925087172,0.455258548675244,-1.09507539571416,-0.000756120036545944,0.858380213138085
"age_horizon",12,"legere","beta[1,2]",-0.0374473184390675,0.407237329848147,-1.01750414286196,-0.00652084312071056,0.822266598982967
"age_horizon",12,"legere","beta[2,2]",-0.0452570621565151,0.305839349651164,-0.757968615499158,-0.0081114886152788,0.53302893477525
"age_horizon",12,"legere","beta[3,2]",-0.165839459700189,0.332232589684024,-0.956672786887514,-0.089026779893163,0.377745354744466
"age_horizon",12,"legere","beta[4,2]",0.18967370429189,0.392332334987132,-0.411076674483631,0.093880845747735,1.21557337342907
"age_horizon",12,"legere","beta[1,3]",-0.19171012949434,0.821966848176448,-1.84409091977862,-0.145411174635419,1.3955994263468
"age_horizon",12,"legere","beta[2,3]",0.943511632057407,0.52511114822838,0.0177360793698033,0.897948099425924,2.07608339936485
"age_horizon",12,"legere","beta[3,3]",-0.269697700235055,0.74580303027056,-1.71951249057358,-0.267318644730706,1.20069867957256
"age_horizon",12,"legere","beta[4,3]",-0.481224439258095,0.827814233084751,-2.32218906562613,-0.395052897384126,1.00871669495018
"age_horizon",12,"legere","beta[1,4]",-0.0574438201252722,0.37770266650118,-0.938205728821817,-0.0162243592791301,0.613335894050872
"age_horizon",12,"legere","beta[2,4]",0.0506837967311145,0.297507066706851,-0.556212111794399,0.0267439992758716,0.705871326832627
"age_horizon",12,"legere","beta[3,4]",-0.17003507717229,0.366114770639479,-1.08891134340576,-0.0813767143861953,0.376504004156768
"age_horizon",12,"legere","beta[4,4]",0.0622138248159728,0.394901827698348,-0.624326937650074,0.0108974568851212,1.08601997425959
"age_horizon",12,"legere","tau[1]",0.393825222308338,0.356740578091536,0.0114411660866981,0.296534895173414,1.30633903168691
"age_horizon",12,"legere","tau[2]",0.335829120536943,0.253895287174023,0.0119648350774554,0.276634113482543,0.943363651265667
"age_horizon",12,"legere","tau[3]",0.947674667023158,0.464336653185521,0.309404507986175,0.864284543047851,2.08000405364458
"age_horizon",12,"legere","tau[4]",0.330670220617788,0.253015824996186,0.0141847829018451,0.276098010036048,0.953972644706571
"age_horizon",13,"legere","alpha[1]",0.556888913032089,1.05266086705856,-1.81659151243204,0.661325440959937,2.31256632796737
"age_horizon",13,"legere","alpha[2]",0.387210648391848,0.555293232354857,-0.684608540161742,0.371975909812278,1.49211326614459
"age_horizon",13,"legere","alpha[3]",-0.587197715255046,1.16784864886334,-3.11432225142706,-0.470810266528033,1.42008263686809
"age_horizon",13,"legere","alpha[4]",0.254620816035074,0.970641879848004,-1.74955002963506,0.310828761704358,1.93866487758916
"age_horizon",13,"legere","beta[1,1]",-0.236865125617017,0.537038271786287,-1.60230627668733,-0.114474967204568,0.617643367511735
"age_horizon",13,"legere","beta[2,1]",0.0656826671140805,0.377903587564432,-0.687567147982788,0.0207515795975638,0.947356688569071
"age_horizon",13,"legere","beta[3,1]",0.0592812353539745,0.508248839278662,-0.992828384961121,0.0190377272080008,1.14522928017766
"age_horizon",13,"legere","beta[4,1]",0.375147703330239,0.610467164403219,-0.453624334395044,0.210633653817298,2.01946214986838
"age_horizon",13,"legere","beta[1,2]",-0.25960712825851,0.510607098821899,-1.5082941303259,-0.135129204505334,0.547145877623005
"age_horizon",13,"legere","beta[2,2]",0.0514563043662093,0.354794721561354,-0.635562999203123,0.0217794747796477,0.865195255363109
"age_horizon",13,"legere","beta[3,2]",-0.222046323983523,0.52437312307451,-1.54905612854329,-0.103355613759513,0.664419783090008
"age_horizon",13,"legere","beta[4,2]",0.43434441731272,0.599318835862924,-0.358424086916936,0.273036460000236,1.90807269478752
"age_horizon",13,"legere","beta[1,3]",-0.891288840945851,0.913664782813115,-2.92606018495648,-0.779452077582629,0.689413089471377
"age_horizon",13,"legere","beta[2,3]",1.15935723953003,0.573177093907398,0.235677463948666,1.10939559508487,2.4693595307266
"age_horizon",13,"legere","beta[3,3]",-0.388054177247742,0.97131231417937,-2.41388283631277,-0.32325889790679,1.50752258379868
"age_horizon",13,"legere","beta[4,3]",-0.368890564914263,0.728462304638369,-1.89853357305407,-0.345326268100732,1.06038300432755
"age_horizon",13,"legere","beta[1,4]",0.240017232772025,0.439245592135364,-0.498554595385801,0.149002861111202,1.31703701598692
"age_horizon",13,"legere","beta[2,4]",0.0614913755792969,0.312680485510954,-0.582872053056958,0.035049733350201,0.73191343358569
"age_horizon",13,"legere","beta[3,4]",-0.132531939645908,0.481704051671124,-1.22338779496049,-0.0529593585835249,0.733299543151709
"age_horizon",13,"legere","beta[4,4]",-0.257148171377686,0.403067610973342,-1.22435747954935,-0.175173458141986,0.408432254471565
"age_horizon",13,"legere","tau[1]",0.531834978383605,0.428751097381955,0.0233703929163674,0.435034736245354,1.59573489739342
"age_horizon",13,"legere","tau[2]",0.456054277617289,0.324049098056143,0.0208252462087166,0.40074410141998,1.21295200048421
"age_horizon",13,"legere","tau[3]",1.10589632107845,0.467690044565106,0.404407817123921,1.02111251565595,2.22726198051585
"age_horizon",13,"legere","tau[4]",0.409748076018014,0.275396003480844,0.0134309978871294,0.365382715046666,1.0316956940628
"age_horizon",14,"legere","alpha[1]",-0.336180054859124,1.15727639176783,-2.82868174223984,-0.280896875300121,1.7846147304934
"age_horizon",14,"legere","alpha[2]",0.665365176949266,0.524383117552228,-0.264792399097029,0.628303947588421,1.82093992315464
"age_horizon",14,"legere","alpha[3]",0.624694710748109,0.91853564201117,-1.49738469917611,0.747767496351931,2.0873899164762
"age_horizon",14,"legere","alpha[4]",-0.226845668704205,0.983693361855908,-2.41885847988901,-0.168633492105876,1.57321334962292
"age_horizon",14,"legere","beta[1,1]",-0.157665413427456,0.622979952917639,-1.55538863338046,-0.071201447589091,1.10676554850449
"age_horizon",14,"legere","beta[2,1]",0.295718899172835,0.442327748276366,-0.394342022603909,0.185553956758598,1.34836007628038
"age_horizon",14,"legere","beta[3,1]",0.423076184881987,0.645055868282698,-0.445190168076007,0.220001860640402,2.02389619579947
"age_horizon",14,"legere","beta[4,1]",0.415206462836064,0.652154442479075,-0.446262172827019,0.218667534433742,2.01084054003891
"age_horizon",14,"legere","beta[1,2]",-0.017495357252445,0.338116057694168,-0.748788048635337,-0.00373381684135942,0.644514154219079
"age_horizon",14,"legere","beta[2,2]",0.172086787452979,0.320892446900315,-0.324597844184317,0.0964892872060812,0.959214704541441
"age_horizon",14,"legere","beta[3,2]",-0.00991081632326572,0.310048101899075,-0.703526344483842,-0.00625084256969395,0.65633556662241
"age_horizon",14,"legere","beta[4,2]",0.0581390496017694,0.336218684274058,-0.584926677917639,0.0131230950231186,0.861120270211503
"age_horizon",14,"legere","beta[1,3]",-0.149351868710801,0.586832480027541,-1.59372563486075,-0.0575306411056198,0.981535910067017
"age_horizon",14,"legere","beta[2,3]",0.124629837436398,0.398692037818833,-0.666489934910253,0.0814348285436247,1.00196686121259
"age_horizon",14,"legere","beta[3,3]",-0.406580847417126,0.609212280595583,-1.93701017840411,-0.256201310140909,0.45750766350289
"age_horizon",14,"legere","beta[4,3]",0.350782315052537,0.609335588133176,-0.626896574663559,0.194882557887843,1.83052937142449
"age_horizon",14,"legere","beta[1,4]",0.0897005896944537,0.317792658369433,-0.452727849608839,0.0307497269148949,0.888594243239119
"age_horizon",14,"legere","beta[2,4]",0.0136444092478128,0.231513125829337,-0.469062331362865,0.00311053600660926,0.509785210090602
"age_horizon",14,"legere","beta[3,4]",-0.0815251851550628,0.300175718459751,-0.756144948361808,-0.0266879624641896,0.451297832103359
"age_horizon",14,"legere","beta[4,4]",0.0103578261853296,0.323896497293578,-0.63172607332478,0.000728564659967489,0.740554333386624
"age_horizon",14,"legere","tau[1]",0.621335345137902,0.4914252972555,0.0247166951777969,0.512013536813285,1.76959111079995
"age_horizon",14,"legere","tau[2]",0.314052494372012,0.233775378161914,0.0184268246474866,0.261912057131446,0.876809759444012
"age_horizon",14,"legere","tau[3]",0.607960153309292,0.447236260656935,0.0387351819684724,0.505120093339477,1.72701042055184
"age_horizon",14,"legere","tau[4]",0.270903589042585,0.226057967882613,0.0083022174671018,0.211843392884799,0.847851622167036
"age_horizon",15,"legere","alpha[1]",-0.95800343331466,1.15025496831328,-3.36274350447191,-0.886080350931119,1.05753939746516
"age_horizon",15,"legere","alpha[2]",0.143867359923331,0.5287160575991,-0.894206073536723,0.148377407845477,1.18621091427922
"age_horizon",15,"legere","alpha[3]",0.602321202660122,0.694644493536864,-0.902583278135376,0.658352181482245,1.85176161657387
"age_horizon",15,"legere","alpha[4]",-0.594099510818394,1.18971329627114,-3.23030205077749,-0.485468153852883,1.51065900985406
"age_horizon",15,"legere","beta[1,1]",-0.126815504943787,0.566475984629741,-1.58302357984033,-0.0367449053973755,0.903081119816714
"age_horizon",15,"legere","beta[2,1]",0.0248550666581249,0.369468662047077,-0.749014225095557,0.00914636791223004,0.767794116303844
"age_horizon",15,"legere","beta[3,1]",0.244141119559599,0.445530294166304,-0.450976780625389,0.131168340337025,1.36128450224968
"age_horizon",15,"legere","beta[4,1]",0.013566193086588,0.543432506813873,-1.18773642271031,0.0038313490948116,1.14492071733923
"age_horizon",15,"legere","beta[1,2]",0.0581205645559103,0.348972674368792,-0.642248744250736,0.0212478710870317,0.821184854779082
"age_horizon",15,"legere","beta[2,2]",0.0778082577083421,0.260837588365627,-0.442113088207325,0.0366741637734177,0.691472505272367
"age_horizon",15,"legere","beta[3,2]",-0.141868349670807,0.309269763171854,-0.94527839684942,-0.0637003582930582,0.325124770829472
"age_horizon",15,"legere","beta[4,2]",0.0309009019697921,0.32007714963273,-0.608311079620229,0.00698903194193722,0.733164890261363
"age_horizon",15,"legere","beta[1,3]",-0.653129027147388,1.18262823781484,-3.34265805176721,-0.54058654625358,1.47049868252306
"age_horizon",15,"legere","beta[2,3]",0.74923570016837,0.583210858219219,-0.273536148992192,0.699771947198517,2.08491723194863
"age_horizon",15,"legere","beta[3,3]",-1.65268194499509,1.01095114063886,-4.07505935600634,-1.50723288830752,-0.124145909314339
"age_horizon",15,"legere","beta[4,3]",-0.501657365589372,1.05496042874189,-2.73317777243284,-0.435198130934209,1.61477916161816
"age_horizon",15,"legere","beta[1,4]",0.0458307588640808,0.486870746140143,-0.991414004694867,0.0133912885471203,1.16185736006337
"age_horizon",15,"legere","beta[2,4]",0.307581302346945,0.383128373654842,-0.302423017358127,0.240207567988019,1.23379075746017
"age_horizon",15,"legere","beta[3,4]",-0.15470816029042,0.426019539802196,-1.13636744723284,-0.0823991160061476,0.630318782170558
"age_horizon",15,"legere","beta[4,4]",-0.136261501811707,0.447146752033203,-1.17542763465246,-0.0675659873814097,0.730572623630575
"age_horizon",15,"legere","tau[1]",0.495166368344753,0.411239552087067,0.0164221496470741,0.386567401801229,1.51102098140895
"age_horizon",15,"legere","tau[2]",0.30014569269921,0.234001874654194,0.0107904094138533,0.249295631465837,0.884642394663486
"age_horizon",15,"legere","tau[3]",1.23968669548118,0.535671501145778,0.419176979518501,1.15841954893951,2.49192886703249
"age_horizon",15,"legere","tau[4]",0.426092141697368,0.279327949051273,0.0156667537126161,0.381107113852053,1.05848385871828
"age_horizon",16,"complete","alpha[1]",0.200089409123605,1.05534976476017,-2.26316935332092,0.308981713023526,2.04140915410027
"age_horizon",16,"complete","alpha[2]",0.474687534145213,0.47810964641096,-0.417695399474611,0.456022615467301,1.46535531683565
"age_horizon",16,"complete","alpha[3]",0.853550534803632,0.674303212504095,-0.634955882820362,0.903259903753744,2.04549609371384
"age_horizon",16,"complete","alpha[4]",-1.09492487191265,1.01946577089209,-3.34519160064147,-1.0375991653001,0.684736038306164
"age_horizon",16,"complete","beta[1,1]",-0.0128633824392387,0.408045115838679,-0.913416971159288,-0.00339249655298892,0.837628726650697
"age_horizon",16,"complete","beta[2,1]",-0.105165037245529,0.311025892292913,-0.902762358797303,-0.0396025437852534,0.428410415406853
"age_horizon",16,"complete","beta[3,1]",-0.0219593671454707,0.34037560885744,-0.782202704817572,-0.00123728461260155,0.652000187549161
"age_horizon",16,"complete","beta[4,1]",0.0524853939311975,0.405160658386914,-0.80516586002279,0.0153489674803828,0.988725681823
"age_horizon",16,"complete","beta[1,2]",-0.0796067177977228,0.404060394062723,-0.974687465411811,-0.0397800055154744,0.71184738898238
"age_horizon",16,"complete","beta[2,2]",0.360241358341974,0.385393139481325,-0.183110304770551,0.284474027690497,1.27586666947775
"age_horizon",16,"complete","beta[3,2]",-0.1089880920579,0.39426336596047,-1.02145935801156,-0.0529016299870047,0.653350251232942
"age_horizon",16,"complete","beta[4,2]",-0.0126578542304087,0.458317421407795,-0.992882362818467,-0.00116742777104561,0.900942216456211
"age_horizon",16,"complete","beta[1,3]",0.188472557086348,0.642119568818814,-0.962894061977253,0.0895213769270385,1.70082686477385
"age_horizon",16,"complete","beta[2,3]",0.52147054495359,0.434962349360319,-0.133171116265936,0.477695625655143,1.4882638088416
"age_horizon",16,"complete","beta[3,3]",-0.315095103292211,0.522422770658596,-1.50860149292993,-0.246852901208261,0.59326134945286
"age_horizon",16,"complete","beta[4,3]",-0.115564300252416,0.546430015650226,-1.3145892527904,-0.0688423978329265,0.937803175413104
"age_horizon",16,"complete","beta[1,4]",-0.00547149949517495,0.289123872062209,-0.650991777148211,-0.000174809373998824,0.61740980104139
"age_horizon",16,"complete","beta[2,4]",-0.00470702641850784,0.23664486564722,-0.55555838531116,0.000615869661961681,0.482351411003371
"age_horizon",16,"complete","beta[3,4]",-0.0025571251899736,0.24149938770225,-0.51901341444174,-0.000334779985933573,0.516251460623187
"age_horizon",16,"complete","beta[4,4]",-0.00466029857102404,0.29293374277202,-0.627539273008966,-0.000743196638957035,0.676156708939845
"age_horizon",16,"complete","tau[1]",0.377125181145366,0.34198396523067,0.00991295661199357,0.286902601423466,1.22795185092838
"age_horizon",16,"complete","tau[2]",0.407153594011261,0.270360051823353,0.0189949060369233,0.368874402744947,1.02798236238991
"age_horizon",16,"complete","tau[3]",0.664557989645568,0.419973739842892,0.0537474582158887,0.592594693256701,1.68545710161368
"age_horizon",16,"complete","tau[4]",0.254870770170137,0.215099776124179,0.0108887585144302,0.199418605767232,0.818936014074401
"age_horizon",17,"complete","alpha[1]",-0.209563371122434,1.01456565657817,-2.46651191102875,-0.104033515753209,1.49849913328618
"age_horizon",17,"complete","alpha[2]",0.173364272657426,0.396824461248007,-0.564104483018276,0.163513944467841,0.98990584885842
"age_horizon",17,"complete","alpha[3]",-0.206357184173374,0.782412830628521,-2.06289526143822,-0.110711644567617,1.08978359196627
"age_horizon",17,"complete","alpha[4]",-1.43187772868283,1.05749174760416,-3.72005878738734,-1.34606014943833,0.447361291251397
"age_horizon",17,"complete","beta[1,1]",-0.0423756440492183,0.509691691034261,-1.18342355380798,-0.012985084114542,1.02474267883096
"age_horizon",17,"complete","beta[2,1]",-0.101696316988259,0.275318731294377,-0.734617896012066,-0.0559639501353731,0.395773389177261
"age_horizon",17,"complete","beta[3,1]",0.140770761336663,0.387012280893211,-0.533705318991277,0.0687571974247194,1.06772234592134
"age_horizon",17,"complete","beta[4,1]",0.0643412236476807,0.44646996249789,-0.857074844447253,0.0227341563483484,1.07933953698104
"age_horizon",17,"complete","beta[1,2]",0.112246117429886,0.379015201182143,-0.592959546180223,0.0419094025917818,1.06602246430853
"age_horizon",17,"complete","beta[2,2]",-0.00316170113059291,0.273888817673994,-0.619491149340277,0.000260078873507078,0.571985342711236
"age_horizon",17,"complete","beta[3,2]",-0.125895902732031,0.302850430911583,-0.852267816666246,-0.0619251078285932,0.397128957210672
"age_horizon",17,"complete","beta[4,2]",-0.0714665316476412,0.35050058374354,-0.949617334452893,-0.0247757030030638,0.565244913815409
"age_horizon",17,"complete","beta[1,3]",-0.199083730415581,0.638219077438764,-1.65162590910888,-0.119643232590917,0.986197932226503
"age_horizon",17,"complete","beta[2,3]",0.292289330613746,0.359377097983705,-0.410946211390277,0.271961625531014,1.0431220245946
"age_horizon",17,"complete","beta[3,3]",-0.779389697427071,0.73862297620877,-2.50089769028409,-0.664285339616928,0.283922209612743
"age_horizon",17,"complete","beta[4,3]",-0.230186151951658,0.649177675830955,-1.697182095166,-0.153201524838725,0.97064145043161
"age_horizon",17,"complete","beta[1,4]",0.32927456591823,0.517826232427449,-0.342974285494833,0.181087449180677,1.65371704307185
"age_horizon",17,"complete","beta[2,4]",0.0725821937369895,0.280245633821817,-0.473021684557905,0.0418482193022099,0.69427665606447
"age_horizon",17,"complete","beta[3,4]",-0.0974251239374863,0.38186458262883,-0.964760826636095,-0.0497814664603033,0.683988597865686
"age_horizon",17,"complete","beta[4,4]",-0.149018801326806,0.39338725566744,-1.06855908310834,-0.0740111992480409,0.565767371094233
"age_horizon",17,"complete","tau[1]",0.430723482242362,0.366645968967797,0.0150652538202553,0.340897525871393,1.38205818898892
"age_horizon",17,"complete","tau[2]",0.30725597090037,0.240763098247612,0.0138729045568919,0.251322454916422,0.895013118935212
"age_horizon",17,"complete","tau[3]",0.753626404343863,0.450461283191308,0.0822044556612582,0.683134904494984,1.81770277826443
"age_horizon",17,"complete","tau[4]",0.387854717434325,0.274722712197667,0.015454668680371,0.344371355019526,1.03679854357295
"age_horizon",18,"legere","alpha[1]",-0.634025703938096,0.991343851003896,-2.8202200942475,-0.526325229293062,1.05631101427973
"age_horizon",18,"legere","alpha[2]",0.150516168242678,0.398320109267762,-0.598299569358496,0.141349374258334,0.956720298659198
"age_horizon",18,"legere","alpha[3]",-0.989101859236931,0.886406694799847,-3.07210585663756,-0.874325611611938,0.426830422472339
"age_horizon",18,"legere","alpha[4]",-0.90258150342225,0.932550959447195,-2.92562858288687,-0.821253616529447,0.739834680665392
"age_horizon",18,"legere","beta[1,1]",-0.100319148605012,0.524031851693632,-1.30394608890747,-0.0358938996035191,0.916206571022365
"age_horizon",18,"legere","beta[2,1]",0.0273948528382885,0.290607477486648,-0.59449320918706,0.00988221001335998,0.637339726806103
"age_horizon",18,"legere","beta[3,1]",0.249429015882617,0.466243607401737,-0.542602912524387,0.14970761487543,1.32627204305195
"age_horizon",18,"legere","beta[4,1]",0.202065527489493,0.545471487802791,-0.767131034986772,0.0820236760485299,1.61181297005321
"age_horizon",18,"legere","beta[1,2]",0.0386049541705165,0.327630228193529,-0.617540561347227,0.00873180614495344,0.787522610450236
"age_horizon",18,"legere","beta[2,2]",0.0561265012997332,0.244041917408524,-0.436386533758158,0.018552823134362,0.617346425289544
"age_horizon",18,"legere","beta[3,2]",-0.0486444121165657,0.303084030206944,-0.744732589681093,-0.0132027687148227,0.517245990867636
"age_horizon",18,"legere","beta[4,2]",0.104695276201989,0.352449615496219,-0.492131591539552,0.0327502276470285,0.972075025523777
"age_horizon",18,"legere","beta[1,3]",-0.648168253532435,0.990662344064495,-2.93400902792073,-0.507552441247151,0.941199238345125
"age_horizon",18,"legere","beta[2,3]",0.42255717849565,0.408511797503772,-0.356048254728586,0.420621810476118,1.28072582959134
"age_horizon",18,"legere","beta[3,3]",-1.0955680876331,0.956847509517092,-3.2566636342287,-1.00927409172444,0.518277854792601
"age_horizon",18,"legere","beta[4,3]",-0.421640709635877,0.902400804463179,-2.58131462996157,-0.333817386199592,1.22705763617669
"age_horizon",18,"legere","beta[1,4]",0.0139318978631653,0.354166889293505,-0.756108068233461,0.00271821126032344,0.752173891174417
"age_horizon",18,"legere","beta[2,4]",0.202068806974032,0.282207217803216,-0.261759729412236,0.152609098582073,0.851781170446242
"age_horizon",18,"legere","beta[3,4]",-0.143907759780501,0.386869358014389,-1.11256328427055,-0.070358467632827,0.539657998419157
"age_horizon",18,"legere","beta[4,4]",-0.0314729151640466,0.395298465451191,-0.876331446124649,-0.0097976935342475,0.82173513241779
"age_horizon",18,"legere","tau[1]",0.499835791521645,0.391971759122979,0.0252622731337242,0.409531127625659,1.48791747967276
"age_horizon",18,"legere","tau[2]",0.290124862388929,0.236229231575731,0.0104180996635392,0.234490954938667,0.887913518457688
"age_horizon",18,"legere","tau[3]",1.04568000431259,0.514651257904983,0.284961181472353,0.974212828781015,2.28474643185289
"age_horizon",18,"legere","tau[4]",0.354045288674307,0.255078104620427,0.0129513899190825,0.305981806132306,0.951694876335565
"age_horizon",19,"complete","alpha[1]",-0.104224571225045,1.08871528881709,-2.59232890624128,0.0060971285750691,1.75164880958514
"age_horizon",19,"complete","alpha[2]",0.368888808204971,0.498834984013711,-0.604776750675237,0.35450320166006,1.38536808216821
"age_horizon",19,"complete","alpha[3]",-0.942526381544296,1.07445847271677,-3.33351990422832,-0.854406708283769,0.900273286503824
"age_horizon",19,"complete","alpha[4]",0.165051979575005,0.893416175883278,-1.92930506152756,0.241516007263883,1.71036547554471
"age_horizon",19,"complete","beta[1,1]",0.254564375925855,0.657249223405188,-0.732793023424847,0.0920376320957192,1.96288347860877
"age_horizon",19,"complete","beta[2,1]",-0.0541861123712125,0.357204974245381,-0.810707414839043,-0.0330997070593819,0.690975208271896
"age_horizon",19,"complete","beta[3,1]",0.0853840033191625,0.479660456196986,-0.831338813645732,0.0221887596837773,1.2729580161247
"age_horizon",19,"complete","beta[4,1]",0.0741503325753198,0.497405422130937,-0.892530502782816,0.0134354615134164,1.27847879556285
"age_horizon",19,"complete","beta[1,2]",0.105796857662046,0.389611137635779,-0.591437542555569,0.033198987366652,1.0948479816048
"age_horizon",19,"complete","beta[2,2]",-0.0133371671594984,0.263139723949539,-0.611955617100887,-0.00310608502622966,0.531492705321221
"age_horizon",19,"complete","beta[3,2]",-0.0724017803533444,0.375769852509141,-0.992358524393855,-0.0233579187989208,0.666770677743667
"age_horizon",19,"complete","beta[4,2]",-0.187917526192065,0.374039322629095,-1.14127406473095,-0.0866042580193775,0.38045201278014
"age_horizon",19,"complete","beta[1,3]",0.0475182541441292,0.675043306685962,-1.40261848197198,0.0317690072987303,1.41698196843718
"age_horizon",19,"complete","beta[2,3]",0.705425243391055,0.480688871821959,-0.101597549624748,0.667433450629862,1.7660206379796
"age_horizon",19,"complete","beta[3,3]",-0.180379500364089,0.753467298897302,-1.81502632138155,-0.14709201493734,1.33330405834793
"age_horizon",19,"complete","beta[4,3]",-0.603782331193444,0.617491281800286,-2.0537395910839,-0.531246454320709,0.410368187876511
"age_horizon",19,"complete","beta[1,4]",0.447979579032662,0.628660685486982,-0.538395615227274,0.334416188596719,1.90749066441541
"age_horizon",19,"complete","beta[2,4]",0.267827505999328,0.393098776067214,-0.44990415047606,0.227321899191569,1.12496416075828
"age_horizon",19,"complete","beta[3,4]",-0.0220101029257156,0.535978764704663,-1.14441055927246,-0.0125069957763919,1.10649442660242
"age_horizon",19,"complete","beta[4,4]",-0.369383485224555,0.436642146667221,-1.32142080895207,-0.331333921337591,0.477676445609588
"age_horizon",19,"complete","tau[1]",0.486309965694593,0.419755088316316,0.0147498726943532,0.372057065492555,1.54452133534788
"age_horizon",19,"complete","tau[2]",0.325914719397016,0.25359429870783,0.0104154680240233,0.269845287243015,0.949347009779831
"age_horizon",19,"complete","tau[3]",0.836460247253841,0.430299510049629,0.177684103057864,0.776336315459418,1.83320246447481
"age_horizon",19,"complete","tau[4]",0.534694154312594,0.286901836628547,0.0540442013189478,0.51533016807658,1.164709779362
"age_horizon",20,"legere","alpha[1]",-1.23435771245758,1.07149551256035,-3.45301001944482,-1.17810571739874,0.678349995440944
"age_horizon",20,"legere","alpha[2]",-0.269183746564157,0.550970542461888,-1.42711097114637,-0.237575292651171,0.725505357012587
"age_horizon",20,"legere","alpha[3]",-0.727139587403845,0.964354687273274,-3.0295546397312,-0.612351019603041,0.793126867166848
"age_horizon",20,"legere","alpha[4]",-1.1081892422014,0.989841393216248,-3.2156740173526,-1.01684660016398,0.580841614033018
"age_horizon",20,"legere","beta[1,1]",-0.684633028406444,0.982345783985461,-3.16090770203229,-0.463749889497726,0.807425722273487
"age_horizon",20,"legere","beta[2,1]",0.399229030084421,0.400670936459834,-0.355621212494358,0.377274597315555,1.21509698327198
"age_horizon",20,"legere","beta[3,1]",-0.281788978285753,0.714068761383408,-1.93460487300566,-0.177768895254898,1.07816523593676
"age_horizon",20,"legere","beta[4,1]",0.352686768018177,0.687522801706323,-0.815085099802297,0.263609101755283,1.9052928584754
"age_horizon",20,"legere","beta[1,2]",0.0213025746997984,0.308944594874126,-0.569381297068699,0.00302177792843502,0.716821459561857
"age_horizon",20,"legere","beta[2,2]",-0.0333435378659214,0.221777585151694,-0.556517935064347,-0.00866497085636264,0.405804914051171
"age_horizon",20,"legere","beta[3,2]",0.00229737019004393,0.286210285099723,-0.662113763378005,0.00131591843892639,0.594239892028903
"age_horizon",20,"legere","beta[4,2]",-0.0335608945880561,0.299316106260047,-0.72622811166998,-0.00812579163272924,0.587997217181855
"age_horizon",20,"legere","beta[1,3]",-0.703040477730815,1.04400446453457,-2.98070493002319,-0.605656920969026,1.15290834941714
"age_horizon",20,"legere","beta[2,3]",0.839910190692949,0.509497213596542,-0.0115984858935992,0.798405457501324,1.96496279274144
"age_horizon",20,"legere","beta[3,3]",-1.26622834692224,1.15114108755445,-3.79022654016256,-1.18043967922964,0.724886800119865
"age_horizon",20,"legere","beta[4,3]",-0.94205080167639,0.948188920924122,-3.06213276614276,-0.875891916576842,0.801502136640023
"age_horizon",20,"legere","beta[1,4]",0.183458056194349,0.512478797353855,-0.729962293936924,0.0864306233450454,1.40268644596676
"age_horizon",20,"legere","beta[2,4]",0.210204442292638,0.337236754346692,-0.38728200565633,0.152659659114849,0.972691243644362
"age_horizon",20,"legere","beta[3,4]",-0.0481576720079501,0.495348825316562,-1.12558813604276,-0.0293460754879069,0.964657949557789
"age_horizon",20,"legere","beta[4,4]",-0.314946273948021,0.49760047099149,-1.52316440740841,-0.204785981871486,0.49053602819753
"age_horizon",20,"legere","tau[1]",0.799351010733356,0.503073842653474,0.075609122874292,0.717830234052316,1.98610810591488
"age_horizon",20,"legere","tau[2]",0.264767743355288,0.214217185045021,0.00856335443682947,0.211863483295092,0.781516900889744
"age_horizon",20,"legere","tau[3]",1.22548362077946,0.528322031337938,0.38244912504951,1.18370371705548,2.45893564266555
"age_horizon",20,"legere","tau[4]",0.433955471063553,0.28625880168824,0.0201713046947265,0.398576321979873,1.08175173018046
"age_horizon",21,"legere","alpha[1]",-1.09485866154624,1.1866038668149,-3.59453297823597,-1.05345296717651,1.04954592559932
"age_horizon",21,"legere","alpha[2]",0.0904545290140034,0.457256832548673,-0.783072334160116,0.0785378806050597,1.03048850699606
"age_horizon",21,"legere","alpha[3]",-0.104222324600477,0.985641639284551,-2.48785418439457,0.05382124548374,1.37046754412009
"age_horizon",21,"legere","alpha[4]",-0.144898246211222,0.940273417445685,-2.27073722207458,-0.0531017419044348,1.47106964309883
"age_horizon",21,"legere","beta[1,1]",-0.165239058117686,0.584194212065638,-1.63165474811885,-0.0403017275536427,0.841266822841298
"age_horizon",21,"legere","beta[2,1]",0.112859265622573,0.332075807488501,-0.489352740626925,0.0538897813753748,0.872514079568451
"age_horizon",21,"legere","beta[3,1]",-0.0182655840164255,0.439293053252113,-1.02495497091483,-0.00241557500555944,0.938386096163016
"age_horizon",21,"legere","beta[4,1]",0.0553217071225735,0.505482535537518,-0.994640153018076,0.00859909704545602,1.20374459256621
"age_horizon",21,"legere","beta[1,2]",-0.0526960785633928,0.366888036523971,-0.974586365967331,-0.0118205572830904,0.642624526596958
"age_horizon",21,"legere","beta[2,2]",-0.0487222042907824,0.257961767342755,-0.651229944104877,-0.0175509074669848,0.45401944365976
"age_horizon",21,"legere","beta[3,2]",-0.104390668027316,0.310476459493196,-0.826824709740216,-0.0489608657249519,0.425038397087464
"age_horizon",21,"legere","beta[4,2]",0.0797212822661159,0.341346309768397,-0.570314134870806,0.0184760264854315,0.928260293979465
"age_horizon",21,"legere","beta[1,3]",-0.347846523085077,0.91153297951817,-2.3124035055786,-0.310546225717066,1.32523895661441
"age_horizon",21,"legere","beta[2,3]",0.640563180783585,0.497778826043994,-0.208006737268087,0.596876411882339,1.7267463924298
"age_horizon",21,"legere","beta[3,3]",-1.15739784893202,0.927103733613223,-3.13503132473992,-1.102056402069,0.439278408269798
"age_horizon",21,"legere","beta[4,3]",-0.0708282386427116,0.793351375992682,-1.68461609798154,-0.0760843879788795,1.57993956307992
"age_horizon",21,"legere","beta[1,4]",0.243070884755847,0.530270868341156,-0.652088787196091,0.123341913287033,1.53745013345893
"age_horizon",21,"legere","beta[2,4]",-0.0227749158141594,0.357521669820594,-0.873547648985467,0.00707222725433519,0.668679412845571
"age_horizon",21,"legere","beta[3,4]",-0.000818138042532715,0.479068204602207,-1.02799949783365,-0.000327706269235944,1.01107280931069
"age_horizon",21,"legere","beta[4,4]",-0.497485301162053,0.575017840102041,-1.85850995405133,-0.358404597662307,0.279123583511729
"age_horizon",21,"legere","tau[1]",0.467237820562371,0.400717090901668,0.0150984881839445,0.365607854110386,1.44998829940288
"age_horizon",21,"legere","tau[2]",0.296545470970344,0.234085274600415,0.0129574333228486,0.252416298187481,0.875521183304896
"age_horizon",21,"legere","tau[3]",1.02415724847945,0.491272895067022,0.258257401076036,0.957527732546212,2.20847248151371
"age_horizon",21,"legere","tau[4]",0.463920765835404,0.303763679193097,0.0265437494194333,0.41988610485787,1.1286262418376
"age_horizon",22,"legere","alpha[1]",0.522253667336982,1.16520863890607,-1.95732555085564,0.61040443284838,2.53682939810227
"age_horizon",22,"legere","alpha[2]",0.250874759025155,0.643902783875576,-0.994986373195768,0.246224675611287,1.54380214757189
"age_horizon",22,"legere","alpha[3]",0.157556868519283,1.19815244773767,-2.5721616988491,0.295967146059159,2.13187692117643
"age_horizon",22,"legere","alpha[4]",0.199520254785054,0.957342229042435,-1.93096927800175,0.264005860934533,1.8985359165236
"age_horizon",22,"legere","beta[1,1]",-0.544940488362823,0.866802364003605,-2.49836741538906,-0.387966902912749,0.946078013542973
"age_horizon",22,"legere","beta[2,1]",0.569009686288347,0.66160891574919,-0.474190575353085,0.461995221113724,2.06198187737191
"age_horizon",22,"legere","beta[3,1]",0.477996937930751,0.758527876493798,-0.911432165778112,0.3751435886877,2.18345979364786
"age_horizon",22,"legere","beta[4,1]",0.595100900979927,0.809714141455046,-0.804124733275486,0.475583686331845,2.38804828709468
"age_horizon",22,"legere","beta[1,2]",-0.0284743132642903,0.366068839938919,-0.860647190366177,-0.00579231282478025,0.744376873985846
"age_horizon",22,"legere","beta[2,2]",0.0456973474955516,0.32742608940754,-0.647858910788485,0.016889956968486,0.773849405205076
"age_horizon",22,"legere","beta[3,2]",-0.114378902012655,0.376544104944669,-1.08212720269064,-0.0349160673744452,0.562252954350632
"age_horizon",22,"legere","beta[4,2]",0.0967635255756032,0.374614145629586,-0.55155013767941,0.0306020446945349,1.04745939493313
"age_horizon",22,"legere","beta[1,3]",-0.0648108688869934,0.720285877562576,-1.59865474122453,-0.0472804428661131,1.43513746478744
"age_horizon",22,"legere","beta[2,3]",0.656890311627993,0.548946772827109,-0.235075586073362,0.590043377934836,1.8652617506649
"age_horizon",22,"legere","beta[3,3]",-0.00975392383652154,0.845984561070716,-1.73754064976596,-0.00970383264657813,1.88261183028721
"age_horizon",22,"legere","beta[4,3]",-0.619214323643358,0.736533979861492,-2.34322066753687,-0.514447568084786,0.549702628384066
"age_horizon",22,"legere","beta[1,4]",0.119643141248433,0.441132491747082,-0.731573689091171,0.0593113305079395,1.14714599010422
"age_horizon",22,"legere","beta[2,4]",0.193971185554094,0.373480958059825,-0.423358777147306,0.116490945403792,1.09279687463662
"age_horizon",22,"legere","beta[3,4]",-0.221729151350518,0.480527068085469,-1.37624429203794,-0.114400088435336,0.598462525003587
"age_horizon",22,"legere","beta[4,4]",-0.0876025788879389,0.417863830521304,-1.07116987475816,-0.0409737950833092,0.766989688712665
"age_horizon",22,"legere","tau[1]",0.872229970904699,0.544992290603146,0.0394911236537884,0.810578632548289,2.08380089190601
"age_horizon",22,"legere","tau[2]",0.322703655242341,0.254747705003066,0.00984201830340627,0.272702758209791,0.935149537444984
"age_horizon",22,"legere","tau[3]",0.856214831086117,0.472785688615254,0.108877508973035,0.790339432822469,1.9132162797571
"age_horizon",22,"legere","tau[4]",0.400995133004177,0.278948961492714,0.0186913898716973,0.358254695299452,1.09770822513887
"age_horizon",23,"legere","alpha[1]",-0.760212928841682,1.06440609762226,-3.11854075389976,-0.658027258112796,1.16544686928045
"age_horizon",23,"legere","alpha[2]",0.192775328159501,0.469649234467171,-0.734103927416393,0.189779809804351,1.13205433223805
"age_horizon",23,"legere","alpha[3]",0.812127731844518,0.683739015518477,-0.728386312112307,0.870857804942807,2.00634686966745
"age_horizon",23,"legere","alpha[4]",-1.14100739922194,0.96686706591304,-3.17802973664837,-1.11646278988934,0.646484657109274
"age_horizon",23,"legere","beta[1,1]",-0.237991810824862,0.592050449195338,-1.78410692873327,-0.0849426525428712,0.620134172810741
"age_horizon",23,"legere","beta[2,1]",0.185509171911243,0.365071206955351,-0.47015932961114,0.119104396779505,1.04013001909887
"age_horizon",23,"legere","beta[3,1]",-0.161970851356163,0.434428300562419,-1.2591176484824,-0.0679561085213996,0.504123623022982
"age_horizon",23,"legere","beta[4,1]",0.234694964148873,0.53213350505162,-0.597527597596275,0.0812504545635199,1.66528209923509
"age_horizon",23,"legere","beta[1,2]",0.00982093180759905,0.37180725927473,-0.745048683800588,0.000233829290473307,0.868857925220503
"age_horizon",23,"legere","beta[2,2]",0.0185002062826828,0.287978626824671,-0.63797089178224,0.00478667661597881,0.655372738840601
"age_horizon",23,"legere","beta[3,2]",0.216486050457299,0.360572552147437,-0.26642275605801,0.104675089596702,1.17791414849133
"age_horizon",23,"legere","beta[4,2]",0.042551453239508,0.360325563248334,-0.673189216905116,0.0105106530102918,0.910619447138074
"age_horizon",23,"legere","beta[1,3]",0.288935729950354,0.854871982584683,-1.20097588658448,0.213135621303355,2.2043993000883
"age_horizon",23,"legere","beta[2,3]",0.929156014332669,0.536537550645555,0.083517438516803,0.861394723866445,2.26768321455339
"age_horizon",23,"legere","beta[3,3]",-0.813675403836284,0.811883335354061,-2.84750686020969,-0.686096398464519,0.418110549545966
"age_horizon",23,"legere","beta[4,3]",0.325939024334669,0.762711648821968,-1.12403536827453,0.264020800726218,1.95420833982537
"age_horizon",23,"legere","beta[1,4]",-0.13331324254845,0.38329661200277,-1.06759563284291,-0.0453242985565982,0.544481966195298
"age_horizon",23,"legere","beta[2,4]",0.114785951815111,0.290349797500987,-0.398731937774664,0.0611656574631483,0.777048563633531
"age_horizon",23,"legere","beta[3,4]",0.0543107343978252,0.330262305359403,-0.575351251233419,0.00867979016641936,0.838869408845132
"age_horizon",23,"legere","beta[4,4]",-0.0281735384348392,0.34328311224773,-0.800363544493877,-0.0131240512408532,0.704308450022311
"age_horizon",23,"legere","tau[1]",0.496739709682035,0.421004405910989,0.0160153460569753,0.386232565810356,1.53016097877292
"age_horizon",23,"legere","tau[2]",0.323646369366303,0.24856538753922,0.0130853532506026,0.264392026786885,0.934991173483598
"age_horizon",23,"legere","tau[3]",0.961241557010215,0.441392591477729,0.288227050201231,0.894508810534017,1.99606074693472
"age_horizon",23,"legere","tau[4]",0.311711792451007,0.239985928652129,0.0125819387144452,0.25620500487336,0.893712585462881
"age_horizon",24,"complete","alpha[1]",-1.40714555058151,1.05278379094579,-3.70775961507309,-1.31299371888399,0.413760146084234
"age_horizon",24,"complete","alpha[2]",-0.247174598634297,0.445704614462271,-1.11892262908748,-0.251588264021904,0.622180619266264
"age_horizon",24,"complete","alpha[3]",-0.411297106656095,0.8667093700858,-2.35542365831847,-0.337588279686064,1.12355351992708
"age_horizon",24,"complete","alpha[4]",-1.01735867446475,0.96681737121838,-3.16234689354669,-0.933189515962589,0.668047961955325
"age_horizon",24,"complete","beta[1,1]",-0.171773040117173,0.531866594243509,-1.52722283758109,-0.0564420050935561,0.694493459419231
"age_horizon",24,"complete","beta[2,1]",-0.0835676380976731,0.346372869888191,-0.959262283576781,-0.023038263175646,0.507444688671764
"age_horizon",24,"complete","beta[3,1]",-0.238072000033545,0.479138861832393,-1.51152834272229,-0.0980422332908752,0.456775702237367
"age_horizon",24,"complete","beta[4,1]",-0.140359093110464,0.523889825232656,-1.44912727843945,-0.0364791756788599,0.790966285531741
"age_horizon",24,"complete","beta[1,2]",-0.128167021152655,0.404004180896617,-1.16616784929227,-0.0383793135522491,0.527208015393767
"age_horizon",24,"complete","beta[2,2]",-0.198918825708348,0.315545659784821,-0.973175732151255,-0.108195216450161,0.260648197749853
"age_horizon",24,"complete","beta[3,2]",-0.0776193786596242,0.353273982184883,-0.900566439020763,-0.0270577972988768,0.577682420163283
"age_horizon",24,"complete","beta[4,2]",-0.0140738090859791,0.374888369067878,-0.849545052295479,0.00162629145773332,0.737636136196755
"age_horizon",24,"complete","beta[1,3]",0.135427839749388,0.712075899264106,-1.32217380656989,0.105974492199573,1.67278134781283
"age_horizon",24,"complete","beta[2,3]",0.715667607747344,0.572652363667264,-0.110661225489004,0.618717985923901,2.10016783841821
"age_horizon",24,"complete","beta[3,3]",-1.49380915509615,1.06783000819306,-3.80906024587946,-1.36063190469498,0.182294364067947
"age_horizon",24,"complete","beta[4,3]",0.15889387938401,0.870561716380899,-1.47274900776344,0.0591431774055646,2.08693697401073
"age_horizon",24,"complete","beta[1,4]",0.122778720081579,0.505312948763189,-0.854097100793047,0.057930695465735,1.2640467555815
"age_horizon",24,"complete","beta[2,4]",0.129453034491863,0.354495048907274,-0.600014267759867,0.101068224514327,0.895896600534566
"age_horizon",24,"complete","beta[3,4]",0.0281243966182703,0.535126775089667,-1.07370068178207,0.00226015095048884,1.26287900098772
"age_horizon",24,"complete","beta[4,4]",-0.610784539864248,0.695071089890799,-2.23674959587112,-0.443603925558017,0.363021134009665
"age_horizon",24,"complete","tau[1]",0.473257686691059,0.415074527054715,0.0193597086992355,0.362679387623444,1.51041394103212
"age_horizon",24,"complete","tau[2]",0.33446819694865,0.258104549043379,0.0117486731908427,0.281477558789783,0.947429367093173
"age_horizon",24,"complete","tau[3]",1.06593934066387,0.524562632790079,0.210263686905684,1.0172737455293,2.21719174074536
"age_horizon",24,"complete","tau[4]",0.507882997754541,0.313936567826487,0.0297641970153241,0.475537801132903,1.18526312788963
"age_horizon",25,"legere","alpha[1]",-1.09999304989674,1.08999556740593,-3.55866006230396,-1.0197799454046,0.826762841274919
"age_horizon",25,"legere","alpha[2]",0.389903346123043,0.461445128634751,-0.46154872279534,0.360317391209845,1.35903577002966
"age_horizon",25,"legere","alpha[3]",0.44370932860017,0.790622101508665,-1.39521747651054,0.502211206043433,1.823604755792
"age_horizon",25,"legere","alpha[4]",-0.679839870357246,1.08142422171009,-2.98460875520539,-0.592034840676413,1.25617908589272
"age_horizon",25,"legere","beta[1,1]",-0.237450396332241,0.651870133221494,-1.88130639906535,-0.0995891791785792,0.901604990918516
"age_horizon",25,"legere","beta[2,1]",0.213645338106753,0.386415121577326,-0.512396785755909,0.161316901799622,1.05568479675666
"age_horizon",25,"legere","beta[3,1]",-0.413960295186453,0.599784519277895,-1.89845269856714,-0.287809297941277,0.484665932764488
"age_horizon",25,"legere","beta[4,1]",0.409043328791859,0.727824789216363,-0.774946079283344,0.235446072016304,2.10972757766921
"age_horizon",25,"legere","beta[1,2]",-0.0148966895437711,0.334758164092458,-0.737167709860286,-0.00570506321686045,0.724312386565834
"age_horizon",25,"legere","beta[2,2]",-0.0498631480686133,0.253199181227822,-0.652602267649559,-0.0145647567563928,0.443842407419069
"age_horizon",25,"legere","beta[3,2]",-0.0219416602695813,0.290740363740942,-0.655903034142103,-0.00416514006866811,0.587131277349837
"age_horizon",25,"legere","beta[4,2]",0.0385563157192316,0.341798466220221,-0.659473470147672,0.0110831676664161,0.805489045641996
"age_horizon",25,"legere","beta[1,3]",-0.179977846443123,0.866880859093478,-2.07267193824457,-0.115451924056749,1.45338116757507
"age_horizon",25,"legere","beta[2,3]",0.684683551864045,0.451021751792088,-0.122735901578856,0.657106377824429,1.64581974108891
"age_horizon",25,"legere","beta[3,3]",-0.941271886279592,0.827400497468486,-2.93517939481513,-0.823108036590032,0.41654335604361
"age_horizon",25,"legere","beta[4,3]",-0.235282880244224,0.662737549810376,-1.6221065466298,-0.196341043565952,1.06572080178186
"age_horizon",25,"legere","beta[1,4]",-0.0551544484190154,0.447018149250652,-1.11363198419381,-0.0146895928047201,0.82645992013219
"age_horizon",25,"legere","beta[2,4]",0.186156764593183,0.301215254042107,-0.369522564396828,0.133774593733858,0.880294632597126
"age_horizon",25,"legere","beta[3,4]",-0.133057242643712,0.42059596825385,-1.11609369946273,-0.0647632123148351,0.699676948960848
"age_horizon",25,"legere","beta[4,4]",-0.237698334401289,0.433246660060569,-1.31565511043029,-0.139434568559232,0.450962754035917
"age_horizon",25,"legere","tau[1]",0.660646251379641,0.476100932263914,0.0251020936563418,0.572598066679813,1.80133773596837
"age_horizon",25,"legere","tau[2]",0.283353509574435,0.221311738367815,0.0112095511920834,0.23432151384018,0.819689678932362
"age_horizon",25,"legere","tau[3]",0.939465319774953,0.462626626731805,0.258042586674726,0.865128544341182,2.02014401756897
"age_horizon",25,"legere","tau[4]",0.39554323189232,0.27251920309047,0.0211107022865644,0.346155991238035,1.04035331142057
"age_horizon",26,"legere","alpha[1]",0.323625223383595,1.13723437632761,-2.2032788687828,0.472150092344402,2.29663210590185
"age_horizon",26,"legere","alpha[2]",-0.0193007466112625,0.638019113013404,-1.27483104131529,-0.0208462316071575,1.2652038100149
"age_horizon",26,"legere","alpha[3]",0.616321795423793,0.865964002740074,-1.31605460491989,0.70174271813657,2.14021745857604
"age_horizon",26,"legere","alpha[4]",-0.126865266597424,1.06077528987191,-2.40554627459075,-0.0583182905342932,1.77368094216332
"age_horizon",26,"legere","beta[1,1]",-0.0108819497223895,0.573117192116509,-1.26034155577866,-0.00253916249748931,1.15622143240063
"age_horizon",26,"legere","beta[2,1]",-0.145308910229699,0.440367518526107,-1.15613845371103,-0.0510711152144444,0.64289683157545
"age_horizon",26,"legere","beta[3,1]",-0.113193526241867,0.435432227073358,-1.16615129415845,-0.033424648913381,0.677598918281159
"age_horizon",26,"legere","beta[4,1]",0.188205752280675,0.516770652645833,-0.615978785705354,0.0681580333721139,1.4466176573142
"age_horizon",26,"legere","beta[1,2]",-0.0773346794905002,0.478524997749155,-1.13945025770959,-0.0275040265709374,0.82560295858101
"age_horizon",26,"legere","beta[2,2]",-0.157279542224548,0.419181781271457,-1.17781170144034,-0.0916934769404488,0.594334309820432
"age_horizon",26,"legere","beta[3,2]",-0.652429918732247,0.612720468425445,-2.06525790135016,-0.5392318763085,0.157204198981027
"age_horizon",26,"legere","beta[4,2]",0.145136285799092,0.52073350425089,-0.818311434049581,0.0774000916218293,1.33928590615093
"age_horizon",26,"legere","beta[1,3]",0.092493629172008,0.665745992203166,-1.18148469991752,0.02869980021353,1.59286203438644
"age_horizon",26,"legere","beta[2,3]",0.645760164543583,0.705189765373706,-0.369124101613346,0.503066702434545,2.34435225588508
"age_horizon",26,"legere","beta[3,3]",-0.85126800677209,0.912596009025297,-3.02169003422906,-0.65167345392649,0.393869848053104
"age_horizon",26,"legere","beta[4,3]",0.204862502912514,0.668262705127446,-0.92717251303202,0.109055069004208,1.8194160240889
"age_horizon",26,"legere","beta[1,4]",0.0184129702330049,0.378962305468695,-0.779865466422487,0.0138698060659139,0.80385708440984
"age_horizon",26,"legere","beta[2,4]",0.275768646353144,0.456486988635263,-0.480405018169907,0.181497714413105,1.3523480773536
"age_horizon",26,"legere","beta[3,4]",-0.0529864798264263,0.39018637318013,-0.912161027014018,-0.0290883775235883,0.782693643199478
"age_horizon",26,"legere","beta[4,4]",-0.245654252423391,0.420499301851601,-1.27153193379398,-0.15774000630043,0.400324513543655
"age_horizon",26,"legere","tau[1]",0.466165433543302,0.397833623412373,0.0154512927037339,0.368636905102659,1.47917985058301
"age_horizon",26,"legere","tau[2]",0.51445331492305,0.307883415801793,0.0420083597971467,0.486853255599169,1.18935882095471
"age_horizon",26,"legere","tau[3]",0.844966935645444,0.532355133750813,0.0651962728075407,0.770932042907451,2.02421411579892
"age_horizon",26,"legere","tau[4]",0.405709225454955,0.262577147139015,0.0205681813316452,0.369439263175507,1.00108864887745
"age_horizon",27,"legere","alpha[1]",-0.393867954240802,1.03011345780879,-2.65551358117953,-0.291666617128271,1.44976531292064
"age_horizon",27,"legere","alpha[2]",0.247355983078629,0.429820303094185,-0.514659243357557,0.212747761309761,1.18836738426087
"age_horizon",27,"legere","alpha[3]",0.206570568765995,0.821135285718405,-1.75475492815177,0.292900916024905,1.53920838789063
"age_horizon",27,"legere","alpha[4]",-1.30860422130177,1.02145323794354,-3.42617029995887,-1.21131100657295,0.449896977614173
"age_horizon",27,"legere","beta[1,1]",-0.112342377276217,0.588410552928937,-1.66711246596159,-0.0245086978075333,0.888130230007399
"age_horizon",27,"legere","beta[2,1]",0.0334824783088294,0.314209571845465,-0.704392826539804,0.018699390972693,0.670016550576441
"age_horizon",27,"legere","beta[3,1]",-0.0763622562827656,0.397927977599592,-1.06482742905304,-0.020135496302033,0.627020384428207
"age_horizon",27,"legere","beta[4,1]",0.000378194605577884,0.469464611108944,-1.07955988201742,-0.00089041840127723,1.03594921543347
"age_horizon",27,"legere","beta[1,2]",0.17370989632659,0.491822036647088,-0.77055382528237,0.121108785129824,1.27459352051689
"age_horizon",27,"legere","beta[2,2]",-0.442387739763728,0.443328023678253,-1.45159108364296,-0.375557427202543,0.210424761919334
"age_horizon",27,"legere","beta[3,2]",-0.448840702705256,0.460554103188311,-1.47725919474736,-0.39333369964352,0.245002079905769
"age_horizon",27,"legere","beta[4,2]",0.132280249219866,0.561782144594943,-0.917889094424395,0.0726701435339713,1.42408560168705
"age_horizon",27,"legere","beta[1,3]",0.127977669035753,0.558289384405479,-0.905978427661308,0.0363018350669174,1.46182378359644
"age_horizon",27,"legere","beta[2,3]",0.325495699034497,0.348724301000841,-0.176357865670245,0.260364982506266,1.12791651590755
"age_horizon",27,"legere","beta[3,3]",-0.132786059478084,0.624661276696483,-1.58213830942442,-0.0520283139879682,1.11560520666162
"age_horizon",27,"legere","beta[4,3]",-0.0534504561771564,0.482186079597416,-1.12372901198851,-0.0229606009157812,0.984036887487564
"age_horizon",27,"legere","beta[1,4]",0.185831262496382,0.492839010163112,-0.686609054739111,0.106965149727423,1.33621562304767
"age_horizon",27,"legere","beta[2,4]",0.200327443547555,0.321041069971838,-0.352881029288983,0.150972335411355,0.92608947924181
"age_horizon",27,"legere","beta[3,4]",-0.34045077079399,0.499185490313186,-1.55359637942278,-0.241215460986982,0.418718337244382
"age_horizon",27,"legere","beta[4,4]",-0.223542793482453,0.428889949939674,-1.20455395047357,-0.167464767146726,0.524786848801217
"age_horizon",27,"legere","tau[1]",0.424326136021803,0.397321302407343,0.0144598961443441,0.30348299447589,1.4709527145685
"age_horizon",27,"legere","tau[2]",0.522597565725184,0.29956361674575,0.0405763202631554,0.494675054714372,1.15377532100835
"age_horizon",27,"legere","tau[3]",0.536468025206198,0.410462560851959,0.0287269260474448,0.446701547987616,1.61013885229733
"age_horizon",27,"legere","tau[4]",0.448252401993842,0.276638311285552,0.0268583440025366,0.414689120550157,1.08011152612814
"age_horizon",28,"legere","alpha[1]",0.125199326173,1.00506014623139,-1.9813398853287,0.169825410190661,1.96029130181696
"age_horizon",28,"legere","alpha[2]",0.569688911050542,0.538403904839174,-0.466491342141833,0.549981031959495,1.66678161462465
"age_horizon",28,"legere","alpha[3]",0.347584884068352,0.984273120721901,-1.97258484211744,0.440226143912057,1.95231893292865
"age_horizon",28,"legere","alpha[4]",-0.736990308209112,1.1114588396326,-3.22982704609274,-0.667273090910929,1.19010561801157
"age_horizon",28,"legere","beta[1,1]",-0.51084149793559,0.878302489418608,-2.70854531653061,-0.262970700783276,0.707688876482375
"age_horizon",28,"legere","beta[2,1]",0.0351677681147691,0.459970722987507,-0.919208738399826,0.0118935264624667,1.04986726490774
"age_horizon",28,"legere","beta[3,1]",-0.139769899427617,0.744043085719181,-1.9322917863727,-0.0448403876225303,1.35939584690358
"age_horizon",28,"legere","beta[4,1]",0.591957759041411,0.826190365854971,-0.575640317661668,0.342749165259771,2.55072172383057
"age_horizon",28,"legere","beta[1,2]",-0.107346763159885,0.392810652094979,-1.15005703824016,-0.0321897910462675,0.637412728812759
"age_horizon",28,"legere","beta[2,2]",-0.143560021529703,0.379211310771706,-1.12108138252695,-0.0469396426421355,0.4666725014847
"age_horizon",28,"legere","beta[3,2]",0.103726639432967,0.385230679453492,-0.612227359545831,0.0281039243471431,1.05574357257944
"age_horizon",28,"legere","beta[4,2]",-0.00822678240631533,0.400744453172884,-0.873077620524104,0.000301319324210752,0.813420908229776
"age_horizon",28,"legere","beta[1,3]",1.40304239234438,1.42554897080298,-1.45136121381744,1.369853986964,4.16384545775478
"age_horizon",28,"legere","beta[2,3]",0.954836769937538,0.721705135433201,-0.176122829610924,0.872757011706205,2.59335018925386
"age_horizon",28,"legere","beta[3,3]",-1.0415173284497,1.49724330552885,-4.25227338773647,-1.01514833989797,1.99153737033065
"age_horizon",28,"legere","beta[4,3]",-0.884753254099869,1.15089463376526,-3.25774908115032,-0.835945254850794,1.2735125456898
"age_horizon",28,"legere","beta[1,4]",-0.0610230638836129,0.641547086493483,-1.2760814828403,-0.0649449193362536,1.4573117210756
"age_horizon",28,"legere","beta[2,4]",0.371951085525765,0.474919619224588,-0.430696898560853,0.305505382159397,1.43588653226802
"age_horizon",28,"legere","beta[3,4]",-0.0804954984669177,0.732839598223996,-1.7169062728567,-0.0322981923778208,1.44321253391171
"age_horizon",28,"legere","beta[4,4]",-0.492527901834902,0.693275686359165,-2.23380065625079,-0.338370666159911,0.525648904020263
"age_horizon",28,"legere","tau[1]",0.720981107948233,0.548433196812596,0.0236419412230978,0.606726266694257,1.99079310318598
"age_horizon",28,"legere","tau[2]",0.342766186741721,0.270310812437916,0.013967297029101,0.284777861707558,0.987910999802615
"age_horizon",28,"legere","tau[3]",1.36445387310742,0.606195280430069,0.32107920790449,1.32844667469921,2.69372314766408
"age_horizon",28,"legere","tau[4]",0.575039692638146,0.322651178932303,0.0411626373478526,0.56037772491737,1.27941979722236
"age_horizon",29,"legere","alpha[1]",0.305452869282488,1.22058101047522,-2.47424396774974,0.39906208361232,2.45099775212687
"age_horizon",29,"legere","alpha[2]",0.701693901092982,0.610434934160273,-0.461613100113333,0.678240035618067,1.996990845985
"age_horizon",29,"legere","alpha[3]",1.01118196392081,0.946778503297116,-1.19057953684592,1.11883601474287,2.63480547175279
"age_horizon",29,"legere","alpha[4]",-0.733656782754738,1.20255832368457,-3.09429961815904,-0.658073582204245,1.42389724275494
"age_horizon",29,"legere","beta[1,1]",-0.0774783236290598,0.701460863732117,-1.68431184415419,-0.0292151071873596,1.27754036371949
"age_horizon",29,"legere","beta[2,1]",0.0532357812838764,0.465884111302564,-0.92642531028545,0.0236977095573547,1.01638882225322
"age_horizon",29,"legere","beta[3,1]",0.495701232224664,0.669909327848758,-0.545544117972264,0.374295586723673,2.02511594588771
"age_horizon",29,"legere","beta[4,1]",0.316557996634535,0.750715539055003,-0.933706281266732,0.162464200508738,2.05771881435406
"age_horizon",29,"legere","beta[1,2]",0.109268441981275,0.562207085415674,-0.920214805223751,0.0273188285473917,1.48006245291531
"age_horizon",29,"legere","beta[2,2]",0.468330567471142,0.504534027266417,-0.240218978629881,0.375954482259603,1.61710443751651
"age_horizon",29,"legere","beta[3,2]",0.00790127017857437,0.458904956576594,-1.00069856267081,0.00686971411114454,0.995112316369634
"age_horizon",29,"legere","beta[4,2]",-0.119732204349408,0.581774236319995,-1.48539910466708,-0.0399100430516052,0.946730011856976
"age_horizon",29,"legere","beta[1,3]",0.302277471001675,0.717393767236577,-0.882348568294942,0.139976050542144,2.07415920680602
"age_horizon",29,"legere","beta[2,3]",0.163391928637946,0.468734129872247,-0.658286869951352,0.0865851556829512,1.27032251048697
"age_horizon",29,"legere","beta[3,3]",-0.369604504196808,0.725308460855891,-2.19177686780685,-0.215755772925016,0.804157541370425
"age_horizon",29,"legere","beta[4,3]",-0.237844488710409,0.710678051139744,-1.9089795603588,-0.0925030270542339,1.02419802321533
"age_horizon",29,"legere","beta[1,4]",0.143003352944121,0.424197656759375,-0.581569800984218,0.062793677456789,1.17753515219673
"age_horizon",29,"legere","beta[2,4]",0.101079635546834,0.353090943923567,-0.586295693854034,0.0442451046214208,0.884937750525611
"age_horizon",29,"legere","beta[3,4]",0.00757177371525339,0.413055805621194,-0.849849547457095,0.000611541678178574,0.961118428202958
"age_horizon",29,"legere","beta[4,4]",-0.229365241801092,0.486300886782145,-1.43648767779994,-0.103796245066035,0.602750712286649
"age_horizon",29,"legere","tau[1]",0.683156887450087,0.481645505597033,0.0362082699054927,0.60464233695723,1.84711551243821
"age_horizon",29,"legere","tau[2]",0.482052402632377,0.312061451076886,0.0260600497726839,0.443774123921009,1.18356486581183
"age_horizon",29,"legere","tau[3]",0.655842514648399,0.495360004040878,0.0269605963080182,0.555367627273205,1.84721558006657
"age_horizon",29,"legere","tau[4]",0.382209534742681,0.272773880654287,0.0188434000414311,0.334268118253912,1.01720430085458
"age_horizon",30,"legere","alpha[1]",-1.01615379840572,1.15888054201849,-3.39544403999029,-0.962018550354366,1.02467852560979
"age_horizon",30,"legere","alpha[2]",0.878224055225527,0.547026713191001,-0.0943473412512991,0.840097764252285,2.04789777371295
"age_horizon",30,"legere","alpha[3]",0.439187704656931,0.929354612382356,-1.73129330046207,0.538782850876791,1.98586339139462
"age_horizon",30,"legere","alpha[4]",0.501120305990906,1.17078245369083,-2.16475194530582,0.636316370794416,2.48985718033769
"age_horizon",30,"legere","beta[1,1]",-0.064405249612099,0.511036124847647,-1.20368960244927,-0.0217555514371832,0.970114762764924
"age_horizon",30,"legere","beta[2,1]",-0.116285218914,0.369962370553207,-0.942151600525235,-0.0669274291735901,0.593866559120793
"age_horizon",30,"legere","beta[3,1]",0.101771039268217,0.450131777893224,-0.743518824012867,0.0470639156974292,1.13956397855537
"age_horizon",30,"legere","beta[4,1]",0.205053968804523,0.512324788425067,-0.710863085859619,0.0998056978534079,1.49660362554715
"age_horizon",30,"legere","beta[1,2]",-0.063020851821405,0.33821697241821,-0.893452475467209,-0.0129721913251145,0.540241917609943
"age_horizon",30,"legere","beta[2,2]",0.0391867425265989,0.237212782951723,-0.410110942991601,0.013395423861027,0.552396360243264
"age_horizon",30,"legere","beta[3,2]",-0.000172787930156406,0.302551735434133,-0.651457819529698,0.0017203252366371,0.712668249213115
"age_horizon",30,"legere","beta[4,2]",-0.043409674442672,0.297391798684461,-0.726445403489612,-0.0120513460764507,0.560914453898635
"age_horizon",30,"legere","beta[1,3]",-0.409473191552509,0.955561255674346,-2.6497378707084,-0.284620588439095,1.27963978191048
"age_horizon",30,"legere","beta[2,3]",0.467091704764631,0.559600730211315,-0.63467525607665,0.445069137627183,1.64418327023585
"age_horizon",30,"legere","beta[3,3]",-1.1911297260141,0.999108552345151,-3.48712412630061,-1.05356830410775,0.427001726324481
"age_horizon",30,"legere","beta[4,3]",-0.371453696866342,0.813746458517481,-2.32308491571357,-0.265337795755662,1.00409831192282
"age_horizon",30,"legere","beta[1,4]",-0.0730292505653032,0.542603616508079,-1.23279238380589,-0.035734670378962,1.0113817246286
"age_horizon",30,"legere","beta[2,4]",0.413323013949006,0.402196269947878,-0.349123765579602,0.38457349067609,1.32152589104495
"age_horizon",30,"legere","beta[3,4]",-0.131451451897602,0.597926053968297,-1.50353226930503,-0.0839022102267337,1.03158135014824
"age_horizon",30,"legere","beta[4,4]",-0.508454807280493,0.563344960308453,-1.84883092830529,-0.414371412313966,0.451574950269705
"age_horizon",30,"legere","tau[1]",0.477178762185818,0.382576125659637,0.0228413080960102,0.387501742555052,1.42808911472058
"age_horizon",30,"legere","tau[2]",0.275762840449775,0.231436427703138,0.0104839545486229,0.21825994812237,0.854047114567967
"age_horizon",30,"legere","tau[3]",1.02339642542956,0.508656063656282,0.281789748755677,0.941905739254605,2.2120120821923
"age_horizon",30,"legere","tau[4]",0.566851211652435,0.27862764050197,0.0924976953198174,0.536968694230798,1.19434669098721
"low_information",1,"legere","alpha[1]",-0.143369070256368,1.36830828104655,-2.76794571679243,-0.145282092975336,2.51298676426382
"low_information",1,"legere","alpha[2]",0.534740800815359,1.61246798709394,-2.73692369493576,0.570599049063878,3.57904856909276
"low_information",1,"legere","alpha[3]",0.0533786642506084,1.45681086126862,-2.85906013367784,0.0238666372636396,2.90428139031306
"low_information",1,"legere","alpha[4]",-0.0941068446224619,1.42648668583726,-2.92596218613412,-0.0592113939751267,2.58154504412893
"low_information",1,"legere","beta[1,1]",-0.113743969743833,0.984149913762105,-2.55318016421849,-0.0233802320309421,1.8736697992235
"low_information",1,"legere","beta[2,1]",0.126404368470706,1.07002182704692,-2.10396569884051,0.0368007353018463,2.67652548588494
"low_information",1,"legere","beta[3,1]",0.0387771245154548,0.983154176190646,-1.97534400942197,0.00331197649085039,2.17168336125517
"low_information",1,"legere","beta[4,1]",0.0208436343887214,1.02506515905626,-2.11733197984246,0.00325159251344312,2.25318722735721
"low_information",1,"legere","beta[1,2]",-0.0131229318649047,0.525969715448184,-1.1772412055831,-0.00316510146409131,1.13647764889269
"low_information",1,"legere","beta[2,2]",0.0479560572234409,0.529294375902182,-1.01723810031402,0.00691790218391901,1.26697500008997
"low_information",1,"legere","beta[3,2]",0.00677946787750615,0.524212132466637,-1.18076862251752,0.00104414125762127,1.22411677176341
"low_information",1,"legere","beta[4,2]",0.0167357760515,0.490434114458786,-1.00469079583623,-0.000742098182687,1.11780095991203
"low_information",1,"legere","beta[1,3]",0.0624201415677766,0.985306180354599,-2.0217473718966,0.0244852646607514,2.25854977477706
"low_information",1,"legere","beta[2,3]",-0.00926161275784947,1.06147438524192,-2.39439849651884,-0.00493552107119302,2.15238835446533
"low_information",1,"legere","beta[3,3]",0.00578712084199178,0.941610732139804,-2.00958423483792,-0.000630466181090108,2.01652140140685
"low_information",1,"legere","beta[4,3]",-0.0739533254896621,0.99761678061992,-2.26140644100632,-0.0258207350826758,2.03966669713166
"low_information",1,"legere","beta[1,4]",-0.00057440690064885,0.498758518524644,-1.1034205454064,0.00070343481105038,1.07818235095111
"low_information",1,"legere","beta[2,4]",-0.0726705809539345,0.522561995017118,-1.39092850873107,-0.013240585758067,0.947365614524155
"low_information",1,"legere","beta[3,4]",0.0060634298048988,0.520354623094751,-1.12195283224976,-0.000535446764633219,1.10459124381122
"low_information",1,"legere","beta[4,4]",0.0167293238413511,0.501062317879189,-1.07403860142824,0.00345302928901415,1.14705648250651
"low_information",1,"legere","tau[1]",0.802853115263937,0.596367310737733,0.0222118525480744,0.688031449141956,2.23472297297997
"low_information",1,"legere","tau[2]",0.403844860655265,0.30574349042615,0.013933468298981,0.34197065399563,1.13842639869132
"low_information",1,"legere","tau[3]",0.80478935273711,0.584920513967155,0.0317897458806085,0.698856832218647,2.24329244066477
"low_information",1,"legere","tau[4]",0.407533438955351,0.303154058258989,0.0152551361352772,0.349484642678284,1.14955938190971
"low_information",2,"legere","alpha[1]",0.182038173764903,1.50045678986283,-2.87655471275242,0.161494931290737,3.13840312746392
"low_information",2,"legere","alpha[2]",-0.0440772956018441,1.4576204774492,-2.90634838094804,-0.0384440697512234,2.74861380299246
"low_information",2,"legere","alpha[3]",-0.0433405804259741,1.47347282720876,-2.87152190020154,-0.0604342119167939,2.73400111190411
"low_information",2,"legere","alpha[4]",-0.170239773543955,1.41125665558207,-2.84311805111059,-0.168799444046033,2.63664317206752
"low_information",2,"legere","beta[1,1]",0.108530196337138,1.06707723717232,-1.96638405019281,0.00922026146299005,2.49198149355888
"low_information",2,"legere","beta[2,1]",-0.102591938123761,0.93537086959036,-2.32896452143252,-0.0223345419884915,1.78054289177171
"low_information",2,"legere","beta[3,1]",0.0335007290293518,0.959584276538973,-2.15720848351987,0.0133418157859244,2.16581221166919
"low_information",2,"legere","beta[4,1]",-0.0788719562377123,0.946277332398309,-2.17303683288285,-0.0272805545784095,1.84970417931301
"low_information",2,"legere","beta[1,2]",0.0244692464760596,0.527286943545127,-1.08355853366813,0.000688526515875732,1.30887672421379
"low_information",2,"legere","beta[2,2]",-0.020523334742579,0.544520415374085,-1.23688354588398,-0.00270998065843781,1.13863992341177
"low_information",2,"legere","beta[3,2]",-0.0149830414713279,0.5125801559265,-1.11500040925968,-0.00256697459505598,1.07083307264016
"low_information",2,"legere","beta[4,2]",-0.00409009289990682,0.526674840944255,-1.16472460606633,-0.000492721846181719,1.06053460127865
"low_information",2,"legere","beta[1,3]",-0.0794875693830714,1.1358089403711,-2.51036515854002,-0.014388848212736,2.23885134602647
"low_information",2,"legere","beta[2,3]",0.396772860874873,1.12328987422829,-1.40056999807319,0.134567488014053,3.25070839380359
"low_information",2,"legere","beta[3,3]",0.10420933838318,1.06245818067764,-1.99242720263223,0.0210867370211472,2.48199731114095
"low_information",2,"legere","beta[4,3]",-0.13428479827087,1.0199730779198,-2.43691043944488,-0.0384052771557137,1.88367803503251
"low_information",2,"legere","beta[1,4]",-0.0229710747387757,0.470260725142802,-1.01617107397107,-0.00430847797562142,0.968706206165457
"low_information",2,"legere","beta[2,4]",0.0324094522449136,0.500066204641678,-0.981841960004826,0.000584697367992598,1.19840684742713
"low_information",2,"legere","beta[3,4]",-0.0025419158352495,0.464544913002457,-1.02522612959611,0.00145397066629597,1.03946454838341
"low_information",2,"legere","beta[4,4]",0.0190734774544588,0.48918884717319,-0.979658572865848,0.00576797297928956,1.0639218591687
"low_information",2,"legere","tau[1]",0.801841012063787,0.606083512876708,0.0277435836659573,0.667722833300182,2.25451800375061
"low_information",2,"legere","tau[2]",0.408326176881921,0.312057279695067,0.0180996654132896,0.338834785194759,1.18217680835339
"low_information",2,"legere","tau[3]",0.864961416714323,0.633078073537008,0.038069786659561,0.764421415843409,2.37369751862948
"low_information",2,"legere","tau[4]",0.3980737223621,0.300806711189577,0.0141050922859851,0.33211548674064,1.09974352008897
"low_information",3,"legere","alpha[1]",-0.0399281812029883,1.52501001489351,-2.99193321488163,-0.0475196380356699,3.09860483721694
"low_information",3,"legere","alpha[2]",0.0652141251905526,1.45464853126143,-2.83611396235593,0.0602037838709926,2.90135120653658
"low_information",3,"legere","alpha[3]",-0.0785281609814221,1.49426592267831,-3.02517404770334,-0.0998647770125954,2.9552245288442
"low_information",3,"legere","alpha[4]",0.0787561542816329,1.52759186693744,-2.90218390348208,0.0548708390611335,3.0904998694207
"low_information",3,"legere","beta[1,1]",-0.0518605360186641,0.985467865308848,-2.31567833232432,-0.00976644545383065,2.14376075048199
"low_information",3,"legere","beta[2,1]",0.00382846401535123,1.00674074865618,-2.10782282969221,-0.0070022100750991,2.34917121060418
"low_information",3,"legere","beta[3,1]",-0.0128078567499012,0.963023103122022,-2.07380193348477,-0.0021200257235883,1.98572277726661
"low_information",3,"legere","beta[4,1]",0.0202030124261815,0.991764508491549,-2.09895358836008,0.00810640425455731,2.06394735969404
"low_information",3,"legere","beta[1,2]",0.018380588682182,0.516708368341236,-1.0375011764562,0.000888095650292946,1.29478482145163
"low_information",3,"legere","beta[2,2]",-0.0291370608667932,0.506358721437265,-1.2699554483063,-0.00624050982854212,1.01872992501939
"low_information",3,"legere","beta[3,2]",0.000284780303788235,0.485948545752823,-1.02915475680862,-0.00112591339435537,1.10545744752128
"low_information",3,"legere","beta[4,2]",-6.08450457075484e-05,0.494011097682362,-1.11387370824868,0.00069574267622007,1.06447455877119
"low_information",3,"legere","beta[1,3]",-0.0514854667434236,0.982111220352063,-2.23475754221939,-0.00175192922923579,1.91334729594343
"low_information",3,"legere","beta[2,3]",-0.00446707974126051,0.988180547987342,-2.24251418707297,-0.00309595951236877,1.99819738614015
"low_information",3,"legere","beta[3,3]",0.00512067055339485,1.00148120895765,-2.1867023535099,-0.00752446231221195,2.1850389916879
"low_information",3,"legere","beta[4,3]",0.0711731644709914,1.02809863357893,-1.99269926659005,0.0117546243730768,2.37534891225356
"low_information",3,"legere","beta[1,4]",-0.00902097243710438,0.486949262508399,-1.1304295824617,-9.95241910192479e-05,1.03481165008294
"low_information",3,"legere","beta[2,4]",0.00783829625406916,0.479280127955867,-1.13569977775783,0.00585234486544874,1.02123120848053
"low_information",3,"legere","beta[3,4]",0.00158878959355499,0.485233934073083,-1.03858485635592,0.00217555583250358,1.07358456716024
"low_information",3,"legere","beta[4,4]",0.0168277793292823,0.473615263160588,-1.00692862738158,0.00460582868108037,1.08136264005499
"low_information",3,"legere","tau[1]",0.792141970230002,0.601400400864328,0.0308895002776642,0.664869003533479,2.30548787561029
"low_information",3,"legere","tau[2]",0.400368863627319,0.302381938429427,0.0154023433335749,0.337808933995526,1.10932992801143
"low_information",3,"legere","tau[3]",0.791920766358605,0.592827634615949,0.0424524529569286,0.677945289026559,2.21896368591528
"low_information",3,"legere","tau[4]",0.391955802759114,0.292519324363295,0.0131128119224446,0.334260193450021,1.11066426212273
"low_information",4,"legere","alpha[1]",-0.199804634109669,1.41089666097853,-2.92658696876591,-0.209402173522651,2.46955394696387
"low_information",4,"legere","alpha[2]",-0.0657353465606798,1.4432333249918,-2.88686544962134,-0.0467435834342602,2.72444900194378
"low_information",4,"legere","alpha[3]",0.151001848498659,1.52119929406313,-2.83686857271968,0.213775827989182,3.10956040823533
"low_information",4,"legere","alpha[4]",0.189394409052141,1.56818696900375,-2.91898125558857,0.188192078267197,3.25216186858931
"low_information",4,"legere","beta[1,1]",-0.045654801883443,0.935625870565548,-1.99502264215519,-0.0105634061774964,2.01989458930846
"low_information",4,"legere","beta[2,1]",0.262250646944909,1.0657446065049,-1.5502436685165,0.0633225980395765,2.84205908149975
"low_information",4,"legere","beta[3,1]",-0.00934409753203728,0.964734212316678,-2.14176780911365,-0.0034855416808511,2.11158210776084
"low_information",4,"legere","beta[4,1]",0.0239599808991699,1.01922058640303,-2.2379021461481,0.00707349074880452,2.1674396491618
"low_information",4,"legere","beta[1,2]",-0.0324912726545451,0.494399555946195,-1.08375119468975,-0.00681443185342936,1.02045982240514
"low_information",4,"legere","beta[2,2]",0.0113703636207455,0.507649152851365,-1.01241115785007,0.00048323403323799,1.10661447581706
"low_information",4,"legere","beta[3,2]",0.00582669752820462,0.504926068920912,-1.06574174172922,-0.00393266619514832,1.17022559767354
"low_information",4,"legere","beta[4,2]",0.0214868283348382,0.505422628433463,-1.02105748516218,0.00512678928841611,1.10704844509984
"low_information",4,"legere","beta[1,3]",0.0756865613912943,0.973579798646522,-1.84819197190197,0.0224808107625111,2.15163053729113
"low_information",4,"legere","beta[2,3]",-0.0979296794806289,0.967297923817916,-2.32711020413566,-0.0309570625822295,1.89251330336061
"low_information",4,"legere","beta[3,3]",-0.0418726414856209,1.01233063403535,-2.26234002279003,-0.0136430526708628,2.0499018062001
"low_information",4,"legere","beta[4,3]",0.00653388798226413,1.001431522211,-2.1672914316599,0.00792654835925467,2.2321152537479
"low_information",4,"legere","beta[1,4]",0.0260268170583415,0.489384338561278,-0.966545253333211,0.00499534758823698,1.12402475926131
"low_information",4,"legere","beta[2,4]",-0.00978252364422565,0.48065362710067,-1.14180683068409,0.000809098625041456,1.04828860212798
"low_information",4,"legere","beta[3,4]",-0.0288129677106704,0.522030779665942,-1.24329204297899,-0.00453688851354347,1.05990862708012
"low_information",4,"legere","beta[4,4]",-0.0376394851620953,0.495738692518519,-1.17395229647376,-0.00561488581366172,0.98166748591341
"low_information",4,"legere","tau[1]",0.809848819655766,0.608402636793377,0.0378876925594788,0.691319841900211,2.25988551018829
"low_information",4,"legere","tau[2]",0.402347234777349,0.298728927495779,0.0208504922626297,0.343197258098306,1.1337294316327
"low_information",4,"legere","tau[3]",0.822197186412418,0.580507004642568,0.0455396849771114,0.726392367240377,2.20557063824661
"low_information",4,"legere","tau[4]",0.390697889902008,0.307416839181786,0.0110878501157555,0.322119040579332,1.13412255385771
"low_information",5,"legere","alpha[1]",-0.111550148767948,1.46243104512331,-2.97400044516537,-0.104795907574133,2.7831201679587
"low_information",5,"legere","alpha[2]",-0.0788169013525943,1.42659138369093,-2.8973699275685,-0.0552371225395503,2.58671902314039
"low_information",5,"legere","alpha[3]",0.0855869223992898,1.48670717513712,-2.82382975200026,0.0858084992089444,2.97777485429934
"low_information",5,"legere","alpha[4]",0.0395225235692634,1.48237966753126,-2.84886026379455,0.0732949856714783,2.95529892193602
"low_information",5,"legere","beta[1,1]",-0.0390619292502872,0.944175060036687,-1.98667274529725,-0.0134012665097965,2.02033820486938
"low_information",5,"legere","beta[2,1]",0.145139853537659,0.966808332299711,-1.81381545705853,0.0478809029140185,2.31375646871413
"low_information",5,"legere","beta[3,1]",0.00621472005539093,0.985344613067335,-2.12499304459767,0.00396006043924462,2.16022390488685
"low_information",5,"legere","beta[4,1]",-0.00914338716984503,1.02361730979579,-2.33382493364516,0.0105584964578355,2.14003238523196
"low_information",5,"legere","beta[1,2]",7.39567595598741e-05,0.484690919079312,-1.0308047225508,-0.000648263740170657,1.09845627459112
"low_information",5,"legere","beta[2,2]",0.049055027423155,0.507710573469726,-0.994696464021268,0.00773376387249668,1.28111336177006
"low_information",5,"legere","beta[3,2]",0.0093155998842119,0.482010155265234,-0.979689859978755,0.00215446693589054,1.04051499523147
"low_information",5,"legere","beta[4,2]",0.00393722881647211,0.492907104648525,-1.05226958466219,-0.00105015795378416,1.14485586857817
"low_information",5,"legere","beta[1,3]",0.134777028076925,0.954439922521965,-1.70909141326173,0.0414677053425095,2.29669255075585
"low_information",5,"legere","beta[2,3]",-0.113645092064338,1.07660645969606,-2.58874923345695,-0.0276532621093877,2.00898468660473
"low_information",5,"legere","beta[3,3]",-0.0367638668098057,1.01938833466299,-2.30528533606371,-0.00077205815612552,2.11375715458666
"low_information",5,"legere","beta[4,3]",-0.0453250406186501,0.996987969468181,-2.21594630999659,-0.00476459204822003,2.14930445524027
"low_information",5,"legere","beta[1,4]",0.0363271202152348,0.536379671037191,-1.01349661919177,0.00525455887549623,1.26592385514856
"low_information",5,"legere","beta[2,4]",-0.0578099788661033,0.524482274372137,-1.33214768269191,-0.0107501674395914,0.93024194033652
"low_information",5,"legere","beta[3,4]",0.0108874316823722,0.516843391529075,-1.06664469146489,-0.0013327655354255,1.16609413178549
"low_information",5,"legere","beta[4,4]",-0.0172525412656348,0.476553551782458,-1.08892066257188,-0.00315680148260505,1.0242549360624
"low_information",5,"legere","tau[1]",0.798692902447904,0.582461545720426,0.0419752561408684,0.691108888920049,2.11920479180808
"low_information",5,"legere","tau[2]",0.394204218304014,0.309476345140431,0.0125206687672694,0.321042565401154,1.13684203929992
"low_information",5,"legere","tau[3]",0.79268970846532,0.593924242962094,0.0286876240394281,0.677147765792317,2.17187132673949
"low_information",5,"legere","tau[4]",0.39646044615655,0.300822886522399,0.0159375031892746,0.33156790271892,1.10872074706527
"low_information",6,"legere","alpha[1]",0.207349026729365,1.50626146293204,-2.71493337533235,0.198858120264324,3.14178713082082
"low_information",6,"legere","alpha[2]",-0.598445807090164,1.40717413371511,-3.38710813449084,-0.615020619393288,2.11970519562671
"low_information",6,"legere","alpha[3]",-0.232897835770603,1.41208669442182,-2.93535454387128,-0.258269952349978,2.57183780087519
"low_information",6,"legere","alpha[4]",0.0728503899803946,1.4866435208636,-2.89520894491547,0.0572774724118791,2.92668928237502
"low_information",6,"legere","beta[1,1]",0.175888730120656,0.915932611907519,-1.55638800291617,0.0399856320740124,2.44258997732255
"low_information",6,"legere","beta[2,1]",-0.172732162318731,0.967168770651896,-2.55174846376169,-0.0303740779323136,1.55207213003612
"low_information",6,"legere","beta[3,1]",-0.0790906271088294,0.903719404553814,-2.26072582135362,-0.00993312862456966,1.69753101330884
"low_information",6,"legere","beta[4,1]",-0.0821276097994858,0.983657214804285,-2.35547500227619,-0.0290617155004189,2.00383442882781
"low_information",6,"legere","beta[1,2]",0.0172122670164027,0.515194012456355,-1.09154673560064,0.000707849163854693,1.20449848177851
"low_information",6,"legere","beta[2,2]",-0.00608433771108777,0.461057180391735,-0.98799456718411,-0.00199704087416747,0.996681072930779
"low_information",6,"legere","beta[3,2]",-0.0287413892556851,0.493584097548353,-1.13166018756366,-0.00253806103339908,0.953955402995631
"low_information",6,"legere","beta[4,2]",-0.0142073027810012,0.45960813735757,-1.05940207362019,-0.00159671765732139,1.07392151924658
"low_information",6,"legere","beta[1,3]",-0.07453210727609,1.00319693334053,-2.3512302709829,-0.020681416568628,2.01009066607367
"low_information",6,"legere","beta[2,3]",-0.0132417921266889,0.938499549239952,-2.1431620506904,0.00176548086167676,1.96450281007708
"low_information",6,"legere","beta[3,3]",0.103794240637475,1.01245606763287,-1.90617549095989,0.0335993709031763,2.37138816594464
"low_information",6,"legere","beta[4,3]",0.136381278389812,1.00131497841628,-1.90430537801106,0.0449480066676448,2.38167171035353
"low_information",6,"legere","beta[1,4]",-0.0545417519169484,0.504198660636592,-1.29789708236198,-0.0145756515120607,0.931624845642873
"low_information",6,"legere","beta[2,4]",0.0676012460574504,0.474977533014077,-0.844228474904306,0.0212552365316361,1.21720902838482
"low_information",6,"legere","beta[3,4]",0.0315599218363593,0.487085284604644,-0.976778587928732,0.0044552522873439,1.13561570231112
"low_information",6,"legere","beta[4,4]",0.0264701156340736,0.515345124226484,-1.01670619694937,0.00330900231154839,1.24835345568029
"low_information",6,"legere","tau[1]",0.765702404467968,0.600149700774526,0.0380708437393023,0.618932690018873,2.22202299677462
"low_information",6,"legere","tau[2]",0.384393398882435,0.298054777447582,0.0121159179932997,0.310737356250483,1.10482613521711
"low_information",6,"legere","tau[3]",0.801039411613649,0.594942836419391,0.0364306624514443,0.68259581769076,2.20392760612773
"low_information",6,"legere","tau[4]",0.399550036910138,0.299773796297189,0.0199073734628136,0.339476002488934,1.11612658065665
"low_information",7,"legere","alpha[1]",0.0560993569708519,1.4965735117264,-2.74901210580005,0.058021625004247,2.91039299003577
"low_information",7,"legere","alpha[2]",-0.247690013035588,1.39799562663971,-3.06332196525814,-0.200283853153205,2.55681849448627
"low_information",7,"legere","alpha[3]",0.111819762177336,1.53872443296012,-2.90484880133002,0.0979644266024701,3.08594186601146
"low_information",7,"legere","alpha[4]",0.0309264146694292,1.51888293131224,-2.91274767816404,0.0673264572105109,3.00236694474798
"low_information",7,"legere","beta[1,1]",0.0752036088666883,1.00661104620053,-2.03124228899886,0.00544245977482061,2.51360834489249
"low_information",7,"legere","beta[2,1]",-0.000141602467043157,0.936537874344733,-1.99056620252688,-0.000544956291101579,2.0444784141838
"low_information",7,"legere","beta[3,1]",-0.040250129935663,0.98331563425381,-2.31096879942925,-0.00529178911070478,2.00620579038173
"low_information",7,"legere","beta[4,1]",0.0367757411235447,0.937183108123824,-1.86912859315943,0.00764805684523697,2.19139105551164
"low_information",7,"legere","beta[1,2]",0.0100151819833947,0.48856536403505,-1.02413444587895,-0.000528141237149369,1.12790517764045
"low_information",7,"legere","beta[2,2]",-0.0151144873082206,0.495624315425261,-1.14373172890106,0.00089229179041254,1.08513784683825
"low_information",7,"legere","beta[3,2]",-0.00536324843044562,0.509376073768363,-1.12861586393435,-0.000687896156595873,1.05533112820864
"low_information",7,"legere","beta[4,2]",-0.0136345906775694,0.480832314940255,-1.10466210308701,0.000425687397209195,1.04698251081761
"low_information",7,"legere","beta[1,3]",-0.0319633865245331,1.00820785683535,-2.38967639642417,-0.00917071773150425,2.00773752246242
"low_information",7,"legere","beta[2,3]",-0.0290938349690038,0.947012778024102,-2.09251027777182,-0.0103438340171563,2.08100128988306
"low_information",7,"legere","beta[3,3]",-0.00478768541938986,0.927750363394523,-2.05293102648964,0.00135480423675458,2.01353314541995
"low_information",7,"legere","beta[4,3]",-0.0252068598935927,0.964576422514276,-2.12768653889764,-0.0117383505513169,2.0214490245606
"low_information",7,"legere","beta[1,4]",0.0142198632451897,0.499041205965897,-0.983861783359553,0.00665518694994995,1.11479527531018
"low_information",7,"legere","beta[2,4]",0.0225383274438353,0.490004707148663,-1.05949562571949,-0.000528288903546434,1.13520520479644
"low_information",7,"legere","beta[3,4]",0.0167288829426823,0.489095507733099,-0.984529523306082,0.00355576753279308,1.1152436643912
"low_information",7,"legere","beta[4,4]",-0.00397694890133429,0.541077648509872,-1.1241426181524,-0.00648307756106718,1.15426757630802
"low_information",7,"legere","tau[1]",0.772267690060676,0.597119748306057,0.0283632343490153,0.64770623572987,2.18891526924471
"low_information",7,"legere","tau[2]",0.391651289920353,0.30297149453029,0.0179101918048846,0.320692828413576,1.11886750730833
"low_information",7,"legere","tau[3]",0.79658130341592,0.58905663769027,0.0374655947617451,0.691944841423474,2.23998034530706
"low_information",7,"legere","tau[4]",0.404104884735742,0.296846669215912,0.0205170768373982,0.344441004218794,1.08776094210804
"low_information",8,"legere","alpha[1]",0.12990076404427,1.48938240779941,-2.94194297466543,0.120694850529838,3.10273733989532
"low_information",8,"legere","alpha[2]",-0.407407395708807,1.38618413545105,-3.10781263895361,-0.39271794859659,2.2934430510332
"low_information",8,"legere","alpha[3]",0.075507977524741,1.52452745223272,-2.92548841611675,0.0669317774803233,2.99790171454058
"low_information",8,"legere","alpha[4]",0.0854960067772986,1.53651015050586,-2.89643478334303,0.0898526503048419,3.08716498423731
"low_information",8,"legere","beta[1,1]",0.114785114781361,0.96368760760856,-1.73070496967374,0.0218295859855287,2.30470632915866
"low_information",8,"legere","beta[2,1]",0.0525897294908221,0.926151787715174,-1.8339975442859,0.00793759054794886,2.14733041679731
"low_information",8,"legere","beta[3,1]",-0.0811506418588894,0.957392048030326,-2.30014241086657,-0.0181344164982363,1.9007571346797
"low_information",8,"legere","beta[4,1]",-0.0928311590932622,0.972310902023917,-2.31602113091248,-0.018987845204722,1.84251640390211
"low_information",8,"legere","beta[1,2]",0.0185842986458812,0.476710257409307,-1.06422858414865,0.00132366092518281,1.04975217341561
"low_information",8,"legere","beta[2,2]",0.002438488267445,0.495805798811496,-1.10472409547045,-0.00221236243265391,1.1855942290015
"low_information",8,"legere","beta[3,2]",-0.00819747779325684,0.482457129288895,-1.06976766690934,-0.000539984382012779,1.05748086004315
"low_information",8,"legere","beta[4,2]",0.00380568779142821,0.511244770864113,-1.10036276422708,-0.00205301203051157,1.04914645035046
"low_information",8,"legere","beta[1,3]",-0.116033444281736,1.04071557463306,-2.39825528054102,-0.026568016731893,1.86257276430298
"low_information",8,"legere","beta[2,3]",-0.0115911602162855,0.878380634217808,-1.94156553514996,0.00422946167871144,1.83142726035754
"low_information",8,"legere","beta[3,3]",0.051060905269818,1.02232454980715,-2.30012040822752,0.020081327916438,2.23943558506191
"low_information",8,"legere","beta[4,3]",0.0701289506280205,0.998623569799245,-2.00737782372559,0.0159022361325008,2.46483059442481
"low_information",8,"legere","beta[1,4]",-0.0511276236308445,0.521705670306332,-1.24258073028781,-0.00692871015452615,0.951558152782994
"low_information",8,"legere","beta[2,4]",0.0701620442600456,0.484645575857776,-0.860055076810092,0.0211115074852527,1.1912866597528
"low_information",8,"legere","beta[3,4]",0.0120784805419661,0.498167262889095,-1.06016049460386,0.00372803488873821,1.07024302321135
"low_information",8,"legere","beta[4,4]",0.00449421527409789,0.529019300216951,-1.11112241589811,-0.00092011306227138,1.17030279603827
"low_information",8,"legere","tau[1]",0.784171293837206,0.586072172641483,0.0311790928756988,0.669200969988131,2.24370558991571
"low_information",8,"legere","tau[2]",0.389881545914975,0.303153370952291,0.0140816218366898,0.324544572588266,1.11848613445653
"low_information",8,"legere","tau[3]",0.785606151924728,0.600587304470413,0.0277375859484254,0.671761698249084,2.19185047397214
"low_information",8,"legere","tau[4]",0.408142147200921,0.298748330111806,0.0151981517984335,0.346876448043585,1.10019434412177
"low_information",9,"legere","alpha[1]",-0.109391902791596,1.47602308971378,-3.02742512954446,-0.0720022753401423,2.71016125167243
"low_information",9,"legere","alpha[2]",0.408653135622974,1.52922660824218,-2.57173552213735,0.439149791081708,3.45335906070954
"low_information",9,"legere","alpha[3]",-0.0461544820707243,1.5215307105038,-3.02862184489558,-0.0546482226213723,2.96833011949321
"low_information",9,"legere","alpha[4]",-0.139369157093842,1.36884905370166,-2.89133853418469,-0.131633901364603,2.50965962758916
"low_information",9,"legere","beta[1,1]",-0.0426020273457176,0.946418467829461,-2.23567544810051,-0.0142809439430658,1.79181815916826
"low_information",9,"legere","beta[2,1]",0.00861244641562675,1.02278495773942,-1.99221718845593,-0.0033405053901589,2.26767100515599
"low_information",9,"legere","beta[3,1]",-0.00814743733656103,1.0262182471338,-2.27026251123116,-0.00654476194468535,2.35899662875432
"low_information",9,"legere","beta[4,1]",0.0459531367082025,0.995117255266795,-2.07290753808474,0.00164925842777036,2.2777502325904
"low_information",9,"legere","beta[1,2]",0.0194233072737993,0.471606029824313,-0.894009631580107,0.00210510459613329,1.05353129523136
"low_information",9,"legere","beta[2,2]",-0.0229183954461068,0.462701908323586,-1.10432442208352,-0.000857518933035804,0.93847593969184
"low_information",9,"legere","beta[3,2]",0.008798824494803,0.528032951994846,-1.13195677060344,0.00175880290338481,1.19666436826701
"low_information",9,"legere","beta[4,2]",0.0281467365553815,0.513466291201635,-1.02537440073724,0.00163246448313733,1.2056481045211
"low_information",9,"legere","beta[1,3]",0.106812626500214,0.995815798689443,-1.8788812346347,0.0314821012962867,2.47005672426456
"low_information",9,"legere","beta[2,3]",-0.0529999704487031,1.05360536563278,-2.28034179551528,-0.0149700281507914,2.15878999422407
"low_information",9,"legere","beta[3,3]",-0.0129820299566999,0.990388530412598,-2.07197974426716,-0.00503464359617937,2.26508436378647
"low_information",9,"legere","beta[4,3]",-0.0421320240012782,0.968239969581426,-2.06777962724029,-0.00206868723987138,1.9556913485246
"low_information",9,"legere","beta[1,4]",0.0262770029399579,0.474082911452636,-0.921609125367942,0.00242478974318836,1.14504737594024
"low_information",9,"legere","beta[2,4]",-0.0651963592526053,0.50144234943695,-1.18936501547861,-0.0112205652487838,0.934782890979837
"low_information",9,"legere","beta[3,4]",0.00167174532765947,0.481641563302456,-1.04990131576401,0.00127113457749855,1.05930393984981
"low_information",9,"legere","beta[4,4]",0.000937474594497464,0.485000288578133,-1.06057028263288,-0.000292560658417291,1.09952917984438
"low_information",9,"legere","tau[1]",0.800315208458531,0.604881348561148,0.0263915774068259,0.688535585066735,2.20430505508435
"low_information",9,"legere","tau[2]",0.399965799659249,0.293384329382873,0.0184627877777424,0.343706873371774,1.09267725902279
"low_information",9,"legere","tau[3]",0.807558523215764,0.591516002654883,0.0306857008572234,0.701697417088351,2.19967799109804
"low_information",9,"legere","tau[4]",0.39748713689503,0.291561951527409,0.0158453049631238,0.336412622409311,1.05491500584389
"low_information",10,"legere","alpha[1]",-0.0542969610953448,1.46508155013644,-2.99942471010114,-0.0627189948456169,2.80964338489584
"low_information",10,"legere","alpha[2]",0.11402686696697,1.46620337428799,-2.71619027089968,0.127308325103253,2.930692480044
"low_information",10,"legere","alpha[3]",0.107804755243666,1.56096238016109,-2.88433234985487,0.10336984345787,3.13840419786057
"low_information",10,"legere","alpha[4]",-0.0597697835694291,1.45227812704604,-2.92905409292284,-0.0708409779945448,2.70985258378606
"low_information",10,"legere","beta[1,1]",-0.143239763336398,0.995606779376323,-2.43017428392787,-0.0223072214773292,1.99083910365196
"low_information",10,"legere","beta[2,1]",0.240999709107558,1.06571189491543,-1.73189294901376,0.0666666180401519,2.71428843234027
"low_information",10,"legere","beta[3,1]",0.00150934225421132,1.01365957667022,-2.14622955945942,-0.00104563441590868,2.27099155172978
"low_information",10,"legere","beta[4,1]",0.0881500700714954,1.06878270934259,-1.97391574473378,0.0130122464066002,2.362222654247
"low_information",10,"legere","beta[1,2]",0.0176099681058848,0.500969246567687,-1.06369599503921,0.00348192642271998,1.1530757709627
"low_information",10,"legere","beta[2,2]",0.0353958965206581,0.509854080061451,-1.04461304958059,0.00333008435921023,1.19409008374517
"low_information",10,"legere","beta[3,2]",0.00458878710819194,0.505289845085371,-1.17492280733046,0.00147190994265809,1.08513671027732
"low_information",10,"legere","beta[4,2]",-0.0221635509202957,0.528007001237801,-1.21843149876439,-0.00424438108173721,1.08127085926343
"low_information",10,"legere","beta[1,3]",0.0635533707191325,0.982496120720934,-1.93681025610312,0.0144575890796439,2.16633855580119
"low_information",10,"legere","beta[2,3]",-0.122681095621368,0.984376836928103,-2.37501421748448,-0.0470945994402635,1.91312322674046
"low_information",10,"legere","beta[3,3]",-0.0325000954320952,1.01692042366634,-2.23913701333561,-0.0149015427099475,2.2473794019326
"low_information",10,"legere","beta[4,3]",0.0961538962769773,1.06091757214326,-2.0982063541019,0.0163956090658923,2.64932554627576
"low_information",10,"legere","beta[1,4]",0.00324001171270372,0.528393583356008,-1.20848685224863,0.00294089958266886,1.15318829018091
"low_information",10,"legere","beta[2,4]",-0.0387584016122982,0.48243173680247,-1.13269862640031,-0.00640899884979302,0.914645707686052
"low_information",10,"legere","beta[3,4]",0.0253001798512177,0.505283456197641,-1.07457778557693,0.00125207854646054,1.17978010224303
"low_information",10,"legere","beta[4,4]",-0.00259066632325345,0.493662151333474,-1.10225340379527,0.000502859858636641,1.01563901085344
"low_information",10,"legere","tau[1]",0.801327984573932,0.61086108462868,0.021004391750748,0.674463415974233,2.21733078250218
"low_information",10,"legere","tau[2]",0.40653533998868,0.320860965991297,0.0144402895876023,0.329685897236675,1.17146948763436
"low_information",10,"legere","tau[3]",0.810118092635726,0.601231801828252,0.0440174268759959,0.690153584505441,2.22639932874461
"low_information",10,"legere","tau[4]",0.400837671987447,0.304268750832033,0.0177227288316029,0.340580142617071,1.1167330137807
"low_information",11,"legere","alpha[1]",0.0545319747608492,1.53081526611046,-2.92196855145544,0.0636781388576615,3.08509887604882
"low_information",11,"legere","alpha[2]",0.326011351978349,1.51591156079819,-2.64270072967676,0.388088233593304,3.31152560859719
"low_information",11,"legere","alpha[3]",0.224603153911888,1.59838529779305,-2.90884808331061,0.213280405187501,3.33796594121001
"low_information",11,"legere","alpha[4]",-0.301413559087171,1.43192864850977,-3.12676883377608,-0.270990982181334,2.42226290644323
"low_information",11,"legere","beta[1,1]",0.0354264681360177,1.01574264196157,-2.05603791290011,0.00545599949796967,2.23786062997694
"low_information",11,"legere","beta[2,1]",0.00339892711005741,0.929885399680186,-2.04553069977523,-0.00281411869583626,2.00215409057486
"low_information",11,"legere","beta[3,1]",0.0925657073970291,1.00058028768398,-2.00001282441619,0.0144310999809382,2.60583857901595
"low_information",11,"legere","beta[4,1]",-0.0535119758211055,0.914046266489877,-2.02170552583228,-0.0188694914792488,1.92204036577358
"low_information",11,"legere","beta[1,2]",0.0200415347707149,0.5083438475361,-1.03719464147965,0.00368353053868556,1.10336856256968
"low_information",11,"legere","beta[2,2]",-0.00191157383747654,0.482381945195286,-1.10175395887925,-6.35538059280993e-06,1.0703079918109
"low_information",11,"legere","beta[3,2]",0.0214001786078695,0.508010300012432,-1.07252526731027,0.00566702494014197,1.16866664786973
"low_information",11,"legere","beta[4,2]",-0.0287909398056934,0.477626058173829,-1.0677811698351,-0.00258515611075547,0.991642924963607
"low_information",11,"legere","beta[1,3]",0.0215054967003641,1.05462641638581,-2.16857711143814,-0.00150671772008775,2.3469009352704
"low_information",11,"legere","beta[2,3]",0.168392006218902,1.06545077401873,-2.00633380697325,0.0479242242836655,2.46955293245222
"low_information",11,"legere","beta[3,3]",0.00707160966879596,1.06334161981414,-2.25361194714036,0.00125745405787156,2.51713051807345
"low_information",11,"legere","beta[4,3]",-0.102547613957957,0.934029216594713,-2.28428732219009,-0.0263865423927547,1.85102343518405
"low_information",11,"legere","beta[1,4]",0.0271213519189792,0.528219038862088,-1.03126706842961,0.00372826545920706,1.29348354137489
"low_information",11,"legere","beta[2,4]",-0.0111531607962404,0.504666062527833,-1.1206403792787,-0.0036729564169048,1.08271163832175
"low_information",11,"legere","beta[3,4]",0.0516453985999751,0.53613918407249,-1.03900793354241,0.00968501491838373,1.36122777054027
"low_information",11,"legere","beta[4,4]",-0.0529783113111813,0.525043719054031,-1.35579168265432,-0.00896455945243455,1.01319447953783
"low_information",11,"legere","tau[1]",0.768402549521327,0.60365039407598,0.0305073243185198,0.627247741797307,2.33287760229103
"low_information",11,"legere","tau[2]",0.393066560315053,0.297281870762328,0.0140496248063594,0.331829308049365,1.10050913745196
"low_information",11,"legere","tau[3]",0.816038657893986,0.622702781208365,0.0332478187180503,0.680970222873144,2.31496698092184
"low_information",11,"legere","tau[4]",0.406018690046933,0.313785464804389,0.0135762144649432,0.342524616670757,1.14662096147577
"low_information",12,"legere","alpha[1]",-0.0207239342121601,1.50735674742526,-3.10802947757675,-0.00637454684692516,2.83592837403289
"low_information",12,"legere","alpha[2]",0.0700103053273781,1.43730420479415,-2.80495623465176,0.0851540287886431,2.861283926329
"low_information",12,"legere","alpha[3]",0.30270879218665,1.57612932867928,-2.97542317117682,0.335491887794775,3.30078229901409
"low_information",12,"legere","alpha[4]",-0.0944539352673437,1.47786612704159,-3.08648419760498,-0.0931667314723239,2.83353221245027
"low_information",12,"legere","beta[1,1]",-0.00541901330504514,0.936350700918028,-2.0506754907799,0.00209080918769532,2.01368735535605
"low_information",12,"legere","beta[2,1]",0.19708319401903,1.03909419365644,-1.93947557431292,0.0561200730490154,2.70034321642482
"low_information",12,"legere","beta[3,1]",0.0293497219920392,1.05964238010397,-2.2717490182633,0.00950717290154395,2.29895932551137
"low_information",12,"legere","beta[4,1]",-0.0600179799821874,0.973177239873799,-2.38504409524788,-0.0163695127616567,1.98493241241505
"low_information",12,"legere","beta[1,2]",-0.0110759964781841,0.47265975307196,-0.986554251751642,-0.00245870536840228,1.04185175408907
"low_information",12,"legere","beta[2,2]",0.00722112676187309,0.519669920375702,-1.04798564788946,0.000497989388454444,1.20951188101398
"low_information",12,"legere","beta[3,2]",0.0273974445837748,0.497105177353891,-0.996042663034109,0.00710391528045717,1.13843020266927
"low_information",12,"legere","beta[4,2]",0.00592721186883885,0.47110112512021,-1.09631216415661,0.00165790383319645,1.0383768792714
"low_information",12,"legere","beta[1,3]",0.0654005266596878,0.990946744891783,-1.85509386881571,0.00114485896984276,2.45211803628719
"low_information",12,"legere","beta[2,3]",-0.00354881254146599,1.02263537009476,-2.31609125170351,0.0078607707643999,2.22269687962656
"low_information",12,"legere","beta[3,3]",0.0190183931523913,1.06183084889787,-2.26839003208704,0.00588879645624415,2.42231469079438
"low_information",12,"legere","beta[4,3]",-0.104695713308585,0.936143023224086,-2.37156453000663,-0.0138937067532674,1.76839409574793
"low_information",12,"legere","beta[1,4]",0.0254005204642894,0.516715317010512,-1.10949020993897,0.00226581572876991,1.20453586626968
"low_information",12,"legere","beta[2,4]",0.0337401080847255,0.491417569231609,-0.965988050919949,0.00465408030546734,1.23978860231294
"low_information",12,"legere","beta[3,4]",0.00219111203414056,0.490464634517626,-1.0291721095655,-0.000358323221777083,1.09916182593983
"low_information",12,"legere","beta[4,4]",-0.0174458409826824,0.500841038298746,-1.12458122184664,-0.00259270001948384,0.958652871848738
"low_information",12,"legere","tau[1]",0.801312950716458,0.621969664852889,0.0258562479189619,0.665606043589497,2.25824224847965
"low_information",12,"legere","tau[2]",0.386992073764091,0.304968443335892,0.0126628558061186,0.31759768421768,1.10886782034143
"low_information",12,"legere","tau[3]",0.8040928050154,0.605570300257197,0.0284658887598788,0.678419093232919,2.25695435890865
"low_information",12,"legere","tau[4]",0.403471963840193,0.301755242348353,0.0170883663759822,0.345235806373509,1.12666110343221
"low_information",13,"legere","alpha[1]",-0.0634627911044655,1.44571312210779,-2.95034926049016,-0.0357988408523305,2.73826281819434
"low_information",13,"legere","alpha[2]",0.390556211871993,1.50440741630048,-2.61397633760285,0.408777675545896,3.20855635463748
"low_information",13,"legere","alpha[3]",0.133445235532683,1.54653923123334,-2.94594646933337,0.12246671310029,3.14806469241461
"low_information",13,"legere","alpha[4]",-0.0906322988923379,1.40422476904523,-2.89612443616204,-0.0711811891442077,2.73498972775652
"low_information",13,"legere","beta[1,1]",-0.0078224176091897,1.01195061710063,-2.02074641273613,-0.00667521974977557,2.22073766459513
"low_information",13,"legere","beta[2,1]",0.142248614981754,0.943668645747179,-1.7986280478747,0.0322319149750574,2.42750116222938
"low_information",13,"legere","beta[3,1]",0.0279267097489229,0.982041747309124,-2.16627446384165,0.00878649032834026,2.11536812892705
"low_information",13,"legere","beta[4,1]",-0.107923050740847,0.956280353837038,-2.51533906588584,-0.0183463835999965,1.60680559972153
"low_information",13,"legere","beta[1,2]",0.0120297305013327,0.509051996282956,-1.08805335312108,0.00241945075968987,1.1756533440529
"low_information",13,"legere","beta[2,2]",-0.0121762360236203,0.497367447576444,-1.11917429901427,-0.00248112464519278,1.03770537510189
"low_information",13,"legere","beta[3,2]",0.00464946124915836,0.487974708913313,-1.09008503928062,0.000304352417504125,1.07397531698548
"low_information",13,"legere","beta[4,2]",-0.00683524766190436,0.490026621834403,-1.10560004398075,-0.00129828246706033,1.07258830676437
"low_information",13,"legere","beta[1,3]",-0.0127886817621393,0.956189405630839,-2.10220595026037,0.00192488315148113,2.09446605839705
"low_information",13,"legere","beta[2,3]",0.0733614734107341,1.00328839737583,-2.13002802576388,0.0316888285051973,2.27684547367423
"low_information",13,"legere","beta[3,3]",0.056390816019822,1.02132325399938,-2.01486534216218,0.0189849429157973,2.43908210985021
"low_information",13,"legere","beta[4,3]",-0.124198256928154,0.992605577544306,-2.47830930109438,-0.0268485297677013,1.84187177840154
"low_information",13,"legere","beta[1,4]",0.00253241599486734,0.499896100431989,-1.06293854188676,-0.00104260555091242,1.11187656534758
"low_information",13,"legere","beta[2,4]",0.0522534252847474,0.502518823159656,-0.941890155632979,0.00674268126500252,1.1886532902231
"low_information",13,"legere","beta[3,4]",-0.0263134493428517,0.522763123607678,-1.21174276561183,-0.00418248925203126,1.05091094595978
"low_information",13,"legere","beta[4,4]",-0.0160911906762922,0.495230700571548,-1.11444004022743,-0.0059196060714502,1.09062714019888
"low_information",13,"legere","tau[1]",0.784511696697996,0.61426545705508,0.0236360017344175,0.64640969013496,2.28852041336822
"low_information",13,"legere","tau[2]",0.400685715472561,0.305587848956558,0.0101004398820371,0.333095588355494,1.12017806488849
"low_information",13,"legere","tau[3]",0.797942629516384,0.567607829654627,0.0428328971962148,0.710235045984141,2.10217943773411
"low_information",13,"legere","tau[4]",0.405689076570295,0.302909537894154,0.0144491720036182,0.348823306317021,1.12814710117502
"low_information",14,"legere","alpha[1]",0.0397539657946277,1.51945903272834,-2.77930460213462,0.0115841447738496,3.07708828234259
"low_information",14,"legere","alpha[2]",-0.165706645233633,1.4719856206278,-3.03572427906033,-0.148511569158697,2.71752517854885
"low_information",14,"legere","alpha[3]",0.0341699957367865,1.49634692233708,-2.8532220821716,-0.015358143792725,3.08026500635564
"low_information",14,"legere","alpha[4]",0.0663793932782453,1.43501793976773,-2.77763218583604,0.0725410628871831,2.8203319933138
"low_information",14,"legere","beta[1,1]",0.0418837102817572,1.05517257402569,-2.12514612446506,0.00634962861034131,2.22929817288751
"low_information",14,"legere","beta[2,1]",-0.0125525458065214,1.01774010379196,-2.22722806193761,-0.00129265200609304,2.33211914618047
"low_information",14,"legere","beta[3,1]",0.108597314361079,1.03128036777075,-2.05080177044971,0.024476863057539,2.60750360948954
"low_information",14,"legere","beta[4,1]",-0.131919548609706,1.06819016655284,-2.63846897798216,-0.033378394988203,2.16289353181104
"low_information",14,"legere","beta[1,2]",0.00985494827429147,0.515104676800832,-1.10215368979077,0.00381831823298068,1.11324373825272
"low_information",14,"legere","beta[2,2]",0.0362377158123149,0.52043782830416,-1.04115295726807,0.00549525709947068,1.22874485818185
"low_information",14,"legere","beta[3,2]",0.0119454497383388,0.491591064061344,-1.05370419526278,0.00271677057476203,1.093303812661
"low_information",14,"legere","beta[4,2]",-0.0173995252120153,0.501177366003831,-1.12148124059064,0.000419488298195506,0.984479847408353
"low_information",14,"legere","beta[1,3]",-0.0551123248142947,1.00503440326376,-2.41691888700045,-0.0173827693451384,2.06504912701599
"low_information",14,"legere","beta[2,3]",0.0379102843910016,0.969862968682893,-2.02690018669684,0.0101744559286709,2.22253694400894
"low_information",14,"legere","beta[3,3]",0.102456416450241,0.991591523966286,-1.89364942834561,0.0348881475044332,2.46809678223263
"low_information",14,"legere","beta[4,3]",-0.0749562120589813,1.0698822546913,-2.50500389393683,-0.0153828977824851,2.07833721979956
"low_information",14,"legere","beta[1,4]",-0.023378188060514,0.51414010157547,-1.09789269630171,-0.00143191402258779,1.03233386396894
"low_information",14,"legere","beta[2,4]",0.00647102347310153,0.470246207370917,-1.03472535358276,0.00581552896276706,1.08110268540151
"low_information",14,"legere","beta[3,4]",-0.0147360015436747,0.512543775553851,-1.13813277476477,-0.00182073999301529,1.0471957249487
"low_information",14,"legere","beta[4,4]",-0.00345141281132762,0.474818671583187,-0.957602403693829,2.9729112417862e-05,1.02314685555301
"low_information",14,"legere","tau[1]",0.794033890804995,0.618380568113821,0.0216630288443053,0.665572766976817,2.30125538233415
"low_information",14,"legere","tau[2]",0.40436095578056,0.29639731776256,0.0198237822563778,0.344672157246239,1.08387629283642
"low_information",14,"legere","tau[3]",0.818553804449496,0.59925539954528,0.046874817574037,0.69464115364907,2.20226315361731
"low_information",14,"legere","tau[4]",0.394611407686142,0.298199272628311,0.0164141529959569,0.330294806969451,1.10470937908563
"low_information",15,"legere","alpha[1]",-0.0470862414444864,1.4832857341874,-2.9042326682079,-0.0630379260186546,2.80568827206588
"low_information",15,"legere","alpha[2]",-0.0334578811933261,1.44082056841547,-2.89763689257227,-0.0295835419547315,2.83881536397996
"low_information",15,"legere","alpha[3]",-0.056192113519972,1.50047704288992,-2.97089797623234,-0.0680397363802285,2.94858482991144
"low_information",15,"legere","alpha[4]",-0.00509576508561033,1.47769447097495,-2.78393985278527,-0.0130788820653143,2.80707086559048
"low_information",15,"legere","beta[1,1]",0.0505430115046794,0.979346092822859,-2.21523642183929,0.019156158376118,2.23315615084264
"low_information",15,"legere","beta[2,1]",-0.0764440598078699,1.01673229042408,-2.3171132757532,-0.00627082457185621,1.83852490047235
"low_information",15,"legere","beta[3,1]",-0.0124147434697689,0.968753646110954,-2.20197796210039,-0.0049195824592842,2.18932806086059
"low_information",15,"legere","beta[4,1]",-0.0205268801639063,1.03954460380324,-2.2023235727102,-0.0196905480531003,2.23930349025361
"low_information",15,"legere","beta[1,2]",-0.00434389548653153,0.493822949273098,-1.11028373834679,-8.14519555846878e-05,1.10961483062101
"low_information",15,"legere","beta[2,2]",-0.0039673693373242,0.528752973778557,-1.20268569720823,0.000209549126415994,1.14321278235559
"low_information",15,"legere","beta[3,2]",0.0176392343019387,0.473860315565173,-1.03645025848646,0.00227029498841534,1.06823430809897
"low_information",15,"legere","beta[4,2]",0.00769176908225726,0.483503869818247,-1.00009922714285,-0.00080917176983698,1.0631745507345
"low_information",15,"legere","beta[1,3]",-0.00326939660444773,1.01485153011708,-2.29778377186739,-0.000777349843750808,2.15062916223291
"low_information",15,"legere","beta[2,3]",-0.136627282134361,1.03917284358901,-2.50592273021734,-0.0339405979986379,1.98830768238372
"low_information",15,"legere","beta[3,3]",0.0720709531295969,0.986223317728669,-1.94827719177538,0.0135134156336775,2.32589366325482
"low_information",15,"legere","beta[4,3]",-0.0237361709670545,1.017408214199,-2.23947837368425,-0.00537816309325345,2.12247757892413
"low_information",15,"legere","beta[1,4]",0.0460621291845699,0.533176496645327,-1.00442923914037,0.00192829241814758,1.28456173212264
"low_information",15,"legere","beta[2,4]",0.00832613201166352,0.511095164771468,-1.03364973396024,-0.00236192648092646,1.21186493030734
"low_information",15,"legere","beta[3,4]",0.0176456485681098,0.499511122582943,-1.03553024910803,0.00357496346899803,1.14671679278272
"low_information",15,"legere","beta[4,4]",-0.0285922044113758,0.508964397516916,-1.17742029677812,-0.00185532736630373,1.08508810035667
"low_information",15,"legere","tau[1]",0.799953051465671,0.609261194382535,0.038399537828705,0.687427212648121,2.21352770082244
"low_information",15,"legere","tau[2]",0.394326539292573,0.298502661509398,0.010827959358311,0.333291652817768,1.12764962777866
"low_information",15,"legere","tau[3]",0.809714926721186,0.608399098025776,0.0366527813279489,0.691825437469114,2.29030731947461
"low_information",15,"legere","tau[4]",0.39759698850727,0.299742660082836,0.015775634011421,0.328787842119708,1.10472077035902
"low_information",16,"legere","alpha[1]",0.0677218518132676,1.51137725703297,-2.98094155605936,0.0785138055810721,3.00377511717045
"low_information",16,"legere","alpha[2]",-0.0450970914544972,1.44376151146908,-2.90899075929295,-0.0276548285192047,2.73129694228434
"low_information",16,"legere","alpha[3]",-0.0634107129807114,1.49587944997685,-3.03025693151657,-0.0413467824212908,2.76511583007863
"low_information",16,"legere","alpha[4]",-0.0112946261796068,1.51362592704884,-2.99086672766281,0.00796070099247391,2.87279362149911
"low_information",16,"legere","beta[1,1]",0.0679129356251731,1.01006399856852,-2.00490249740052,0.0154163273515346,2.51239835354845
"low_information",16,"legere","beta[2,1]",-0.000621952909334172,0.94683613581355,-2.11063205906014,0.000549362760096149,2.05098368954995
"low_information",16,"legere","beta[3,1]",-0.0473597179790096,1.00041101447199,-2.38043114064917,0.00900152098555207,1.90570540412641
"low_information",16,"legere","beta[4,1]",-0.078293758162739,0.979292912693616,-2.34764931227767,-0.0200080813422146,1.93453866370314
"low_information",16,"legere","beta[1,2]",0.00332496681965667,0.491176672128857,-1.09559340176611,0.00337525688373567,1.00939865180316
"low_information",16,"legere","beta[2,2]",-0.0360970130514119,0.509329293951455,-1.14759044382192,-0.00410700428997905,1.07407598661406
"low_information",16,"legere","beta[3,2]",-0.00436675896206794,0.477603332039524,-1.06132314545439,0.000347820225938773,1.01851734034954
"low_information",16,"legere","beta[4,2]",0.0213690398435129,0.492234242052077,-1.03623579885576,0.0037236160422306,1.0893228564707
"low_information",16,"legere","beta[1,3]",-0.0179264531770488,0.970932888858527,-2.21121527053126,-0.00106834742897184,2.03800899257824
"low_information",16,"legere","beta[2,3]",0.0665352571870623,0.971097155698219,-1.99193331514741,0.00779824968019169,2.26183647833183
"low_information",16,"legere","beta[3,3]",0.0477520187897757,0.964394233560661,-1.95821856401614,-0.000509705699602955,2.25707981237604
"low_information",16,"legere","beta[4,3]",-0.0257340976722226,0.949447749961563,-2.08335397090237,-0.00163910188251644,1.97824229810865
"low_information",16,"legere","beta[1,4]",-0.00962140604401184,0.483459323567168,-1.09825010591401,-0.000304606191212117,1.00240166688729
"low_information",16,"legere","beta[2,4]",0.0218746148140909,0.485915236182483,-0.96033484904114,0.0074734306927215,1.08922185196927
"low_information",16,"legere","beta[3,4]",-0.00816528367171528,0.478389202105454,-1.10024660121521,0.00157499711083444,0.958324462972371
"low_information",16,"legere","beta[4,4]",0.00512618546494159,0.500200130747857,-1.1388088345924,0.000639461016312117,1.1322472177984
"low_information",16,"legere","tau[1]",0.801403419873309,0.567950367295823,0.0447078371859789,0.712431790529997,2.10740861347649
"low_information",16,"legere","tau[2]",0.391632282273429,0.303391471804114,0.013076773909993,0.328695767413751,1.13811449388577
"low_information",16,"legere","tau[3]",0.797214012257202,0.594616803073296,0.0239957895167546,0.678764930518239,2.19225218859021
"low_information",16,"legere","tau[4]",0.38814415409371,0.301051528358184,0.0117542587322982,0.32538631166033,1.12460298812594
"low_information",17,"legere","alpha[1]",-0.082266300244645,1.44999323226462,-2.91554400643414,-0.08859644284635,2.75945571790352
"low_information",17,"legere","alpha[2]",0.234373577460668,1.54260920337011,-2.75841322643936,0.240610692232072,3.17422206398856
"low_information",17,"legere","alpha[3]",0.0804471735003039,1.48614731994167,-2.94870257831922,0.0560969917005306,2.9313398592985
"low_information",17,"legere","alpha[4]",-0.105411338734513,1.46141731664485,-2.93655830342232,-0.1135032119931,2.67552381265041
"low_information",17,"legere","beta[1,1]",-0.07620555724205,1.00953382687677,-2.30593624316207,-0.0190551902887931,1.98538912598008
"low_information",17,"legere","beta[2,1]",0.161391235259368,1.00134655324656,-1.88048071200426,0.0534245527602248,2.51767169643924
"low_information",17,"legere","beta[3,1]",0.0145495185730255,0.991174408203913,-2.20455778139994,0.0121425784851307,2.26141427550686
"low_information",17,"legere","beta[4,1]",-0.0538579011976191,0.963816714124989,-2.20338789297359,-0.0111235844753487,2.0108380514923
"low_information",17,"legere","beta[1,2]",-0.0129204707252104,0.49470000350841,-1.06693419809014,-0.00257838316534484,1.02614652398442
"low_information",17,"legere","beta[2,2]",0.0329043872842689,0.49126783088958,-0.921848924505288,0.0031124375654614,1.13899723703441
"low_information",17,"legere","beta[3,2]",0.0285900758726659,0.491560679720324,-0.984922614846418,0.00171902405079003,1.15808568454262
"low_information",17,"legere","beta[4,2]",-0.017484626235594,0.502709516470842,-1.15623201423874,-0.00411295258923317,1.08906633277041
"low_information",17,"legere","beta[1,3]",0.031588290785401,0.938046056521287,-1.95628863718051,0.00668118840084714,2.13750920699045
"low_information",17,"legere","beta[2,3]",-0.0705138299545621,1.00370684030681,-2.4016183091209,-0.0156156610902213,2.03174460357938
"low_information",17,"legere","beta[3,3]",0.0057220279407575,1.03852118306999,-2.18953273000389,-0.00659428597813251,2.27049636231376
"low_information",17,"legere","beta[4,3]",-0.0518693566368445,0.88462183739122,-2.01520017829867,-0.0107710759499557,1.88871040047651
"low_information",17,"legere","beta[1,4]",0.0191081390830238,0.458402779490902,-0.952356558349102,0.00410680072040599,1.02283394561532
"low_information",17,"legere","beta[2,4]",0.0226016618339336,0.468082621657045,-0.971918090988091,0.00263019256083621,1.17232567145256
"low_information",17,"legere","beta[3,4]",-0.00305095740817105,0.484635817906356,-1.02179685463068,0.00100837744098734,0.979181118839803
"low_information",17,"legere","beta[4,4]",-0.0408193734727055,0.466361822436809,-1.15932571584315,-0.00870231280329073,0.8385141201018
"low_information",17,"legere","tau[1]",0.797198835640062,0.59267059334413,0.0376696047805763,0.679230627731852,2.22480882942384
"low_information",17,"legere","tau[2]",0.391769607256097,0.292499802078025,0.0168049095662913,0.333621670072272,1.08210652697464
"low_information",17,"legere","tau[3]",0.796688524794484,0.58836367231524,0.0292028115302373,0.688793745183274,2.16168996657417
"low_information",17,"legere","tau[4]",0.394211244270906,0.293806976032704,0.0139162776183554,0.345642851626664,1.08958913640476
"low_information",18,"legere","alpha[1]",-0.0988898910268191,1.46850899932802,-3.04804670004586,-0.141738881034306,2.77706860147516
"low_information",18,"legere","alpha[2]",0.0405946947084606,1.51952079849038,-3.00369756662323,0.0237859923127911,2.87727062544348
"low_information",18,"legere","alpha[3]",-0.0196516339435863,1.54141684130429,-3.08561674618263,-0.0141478196760718,3.06687129139682
"low_information",18,"legere","alpha[4]",0.0562040880567667,1.48192321643607,-2.79480688842845,0.0817291087215547,2.96652735934751
"low_information",18,"legere","beta[1,1]",-0.00854289240950228,0.992722054064563,-2.25685923627021,0.00236733697250437,2.10639764856052
"low_information",18,"legere","beta[2,1]",-0.0396282142465762,1.03195181504703,-2.26248768191586,-0.00700544780601499,2.08594692338721
"low_information",18,"legere","beta[3,1]",-0.0559778890786688,0.984390352130493,-2.33074944808663,-0.0200187507365416,1.96154488592625
"low_information",18,"legere","beta[4,1]",0.0461668610191239,1.06159103042886,-2.27060769647898,0.0173025470521602,2.52774967774351
"low_information",18,"legere","beta[1,2]",-0.0129098862672431,0.508625522695682,-1.08407591848654,-0.00236438308508538,1.11821583362772
"low_information",18,"legere","beta[2,2]",0.0109669523352536,0.496033738012058,-1.07260755174514,0.00729737195722474,1.03684764131582
"low_information",18,"legere","beta[3,2]",-0.00963237082618927,0.513903406135216,-1.09790522053773,-0.00369121068765498,1.11796521693282
"low_information",18,"legere","beta[4,2]",0.021650905524885,0.525738103498908,-1.08914456512899,0.00462123266189411,1.23948937534908
"low_information",18,"legere","beta[1,3]",0.0237759020189625,0.935204698246694,-2.07264605145149,0.00941900533946024,2.11161227920871
"low_information",18,"legere","beta[2,3]",0.0879573304174737,0.926297673114218,-1.75065093202926,0.0265267855484399,2.27472616274513
"low_information",18,"legere","beta[3,3]",-0.0344809960339514,0.923416361154753,-2.1815982117986,-0.00333363917809041,1.94165156423505
"low_information",18,"legere","beta[4,3]",-0.000955020855839291,0.945212522356778,-2.0476446702938,-0.00354348153183848,2.01121717433598
"low_information",18,"legere","beta[1,4]",0.00116095436473914,0.495847302337762,-1.14295969696362,-0.00071007437217292,1.09679193081431
"low_information",18,"legere","beta[2,4]",-0.00603337463602504,0.495284982002688,-1.12196669782401,-0.000207089124740746,1.09431063317315
"low_information",18,"legere","beta[3,4]",-0.0253807186183591,0.49527234809666,-1.092516814519,-0.00299820352858491,1.03285111831083
"low_information",18,"legere","beta[4,4]",0.0164175334415805,0.503664065346802,-1.04197355580855,0.00128026085817674,1.11751924690313
"low_information",18,"legere","tau[1]",0.79033968021427,0.59863628875912,0.0380635651815772,0.64186434988617,2.28851686320175
"low_information",18,"legere","tau[2]",0.407226751162763,0.299007873246861,0.0201906311456307,0.349934350774235,1.123856707765
"low_information",18,"legere","tau[3]",0.776492767775281,0.580668454889567,0.03370724914075,0.649192601497548,2.18773698701503
"low_information",18,"legere","tau[4]",0.403996733233847,0.302542000132055,0.0145563325426888,0.340337753280934,1.12795141806331
"low_information",19,"legere","alpha[1]",-0.0846102663539284,1.48490018884793,-3.01323013749615,-0.0693062761364165,2.81450846301945
"low_information",19,"legere","alpha[2]",-0.236781227905053,1.41861560075157,-2.94492509889495,-0.230198768404328,2.51967082301001
"low_information",19,"legere","alpha[3]",-0.00734957364110862,1.43748457136874,-2.8066979196803,0.0251383984666118,2.849358463863
"low_information",19,"legere","alpha[4]",0.274405510251432,1.54403520688027,-2.84588945785236,0.29802413705669,3.26903894839699
"low_information",19,"legere","beta[1,1]",-0.0139256988789844,1.01849774319199,-2.22297073604923,-0.00308717964536581,2.19464773879652
"low_information",19,"legere","beta[2,1]",0.0772526813528016,0.986962656333319,-2.02111283401309,0.019454379467197,2.39745722884741
"low_information",19,"legere","beta[3,1]",0.0310195926079631,0.913971274392633,-1.92231118656092,0.000827740552992862,2.02840317827351
"low_information",19,"legere","beta[4,1]",-0.0503326740787623,0.989146250427191,-2.41657544974155,-0.00711701605596316,1.97436069851548
"low_information",19,"legere","beta[1,2]",-0.0272658514419188,0.480524928264798,-1.10605538298751,-0.00666624990560552,0.889812681331588
"low_information",19,"legere","beta[2,2]",0.0192431735893644,0.474806053461782,-1.01588230087913,0.00668556335226374,1.0409984784309
"low_information",19,"legere","beta[3,2]",-0.0189800561393402,0.470864040238143,-1.0513183571798,-0.00458892260833406,1.00615780726772
"low_information",19,"legere","beta[4,2]",0.0282191744863665,0.49694966991491,-0.979758791826763,0.00545021936039877,1.19847700903461
"low_information",19,"legere","beta[1,3]",-0.0453619349335478,0.976438696375226,-2.23220862425502,-0.0053524104472421,1.9001807434069
"low_information",19,"legere","beta[2,3]",-0.0939132453620098,0.95448272267498,-2.40629645954812,-0.00803244381965787,1.85737516861643
"low_information",19,"legere","beta[3,3]",-0.0106160226406052,0.960744033160292,-2.2638295255554,-0.00350885235186047,2.10687837921745
"low_information",19,"legere","beta[4,3]",0.164925672087158,1.06906510829653,-1.94108785291011,0.0420960145515203,2.7101109934562
"low_information",19,"legere","beta[1,4]",-0.00782193748769232,0.460627218967463,-1.04578697148362,-0.00103517758675812,1.03573752962555
"low_information",19,"legere","beta[2,4]",0.0388393300695764,0.471604649039941,-0.905424098277029,0.0112450719657877,1.16101341080213
"low_information",19,"legere","beta[3,4]",-0.0261443331298982,0.48198890134563,-1.11100310267871,-0.00169443254177525,0.937050001568675
"low_information",19,"legere","beta[4,4]",0.0285637272237801,0.502436315920553,-0.998716988385883,0.00634804446012405,1.21036577716887
"low_information",19,"legere","tau[1]",0.787373200926293,0.61264543016361,0.0251581787427301,0.665631542148249,2.2316727778533
"low_information",19,"legere","tau[2]",0.387752022694752,0.302213688627363,0.0118277198499012,0.320023837249974,1.10132449288848
"low_information",19,"legere","tau[3]",0.809765889743945,0.618187695001924,0.0263831194130981,0.674874306727798,2.3093290607135
"low_information",19,"legere","tau[4]",0.393735142945878,0.288358078081511,0.0161723823427109,0.340848776250998,1.09269513975747
"low_information",20,"legere","alpha[1]",0.232439507735718,1.52719588892117,-2.79954002284946,0.209679480669635,3.22904900793318
"low_information",20,"legere","alpha[2]",-0.224317484357439,1.43326306941084,-3.15547504065171,-0.175780571874161,2.52202773909517
"low_information",20,"legere","alpha[3]",0.0122685785536752,1.44625059167304,-2.8289609369748,0.00106315894876881,2.8084777657118
"low_information",20,"legere","alpha[4]",-0.140249595945182,1.46392469974439,-3.03754183860418,-0.175371997181431,2.74268847751678
"low_information",20,"legere","beta[1,1]",0.0829637253772433,1.09039506284032,-2.07220956115758,0.0280458500550008,2.34189054145711
"low_information",20,"legere","beta[2,1]",-0.00121144205049373,0.987069485346849,-2.21909992177316,0.000256373398437279,2.1343891229366
"low_information",20,"legere","beta[3,1]",0.000763054061485239,0.979762169175272,-2.11004718542509,0.00805888533111469,2.01625983998481
"low_information",20,"legere","beta[4,1]",-0.0365068649580488,0.991327841191966,-2.1412732473166,-0.00949948992640135,2.16378637555281
"low_information",20,"legere","beta[1,2]",0.00566209599876988,0.492704682642141,-1.02532233295589,-0.000369237687545816,1.13189980603712
"low_information",20,"legere","beta[2,2]",0.023259933200277,0.529734940883377,-1.0052743488493,-0.000289688508739347,1.28899711470267
"low_information",20,"legere","beta[3,2]",0.0103975805693868,0.526783616677074,-1.12042026319344,0.000854843656985026,1.23612956958391
"low_information",20,"legere","beta[4,2]",-0.0392984425291788,0.497929979195413,-1.21992642930093,-0.00346218846761978,0.976131792503313
"low_information",20,"legere","beta[1,3]",0.00696899232696817,1.08644625445141,-2.22318621059457,0.000140976481800002,2.39624500911275
"low_information",20,"legere","beta[2,3]",0.0393550160803416,0.937447650641532,-1.91831487017312,0.00831569262503297,2.06566284977323
"low_information",20,"legere","beta[3,3]",-0.001359616263144,0.98957091518272,-2.14294841098642,0.00265225911120068,2.08458245227354
"low_information",20,"legere","beta[4,3]",0.0294171626376786,0.965361638230807,-2.15769662689166,0.00530222390495451,2.06887184808145
"low_information",20,"legere","beta[1,4]",-0.0114039076262813,0.525964911086652,-1.13265418495096,-0.00194505318754913,1.1186385905597
"low_information",20,"legere","beta[2,4]",0.0564280569253697,0.51622148805286,-1.00754670546774,0.00822443897116796,1.31554958682061
"low_information",20,"legere","beta[3,4]",-0.00789640282410711,0.523627193006539,-1.10351963971016,-0.000348214049890371,1.12484788496522
"low_information",20,"legere","beta[4,4]",-0.0268562623570204,0.482384359531336,-1.04759898756268,-0.0105218141356199,1.04423842778345
"low_information",20,"legere","tau[1]",0.814734816396708,0.599379590287294,0.0230079731127693,0.714495528903136,2.28109143284073
"low_information",20,"legere","tau[2]",0.403485982183097,0.314236381013765,0.00997303215303718,0.33685047291708,1.1809837034234
"low_information",20,"legere","tau[3]",0.79797605543789,0.595392534255925,0.0377560492265752,0.671498342315608,2.24681901451016
"low_information",20,"legere","tau[4]",0.417565401117825,0.299689206945304,0.0194324991574399,0.372019796308906,1.09847312050826
"low_information",21,"legere","alpha[1]",-0.0627391350137713,1.49830797202237,-2.94845465068149,-0.0384355785899405,2.8281171575816
"low_information",21,"legere","alpha[2]",0.702037860246331,1.53579548581869,-2.53222628481019,0.791607280485102,3.50286312386429
"low_information",21,"legere","alpha[3]",-0.0124324016890502,1.4620069445491,-2.88055233770446,-0.0167137597934435,2.8839497142974
"low_information",21,"legere","alpha[4]",-0.136903621814266,1.45909893645552,-2.92488267670082,-0.169541119120777,2.80825060982744
"low_information",21,"legere","beta[1,1]",-0.0777150478286257,0.888845515096226,-2.04733250602483,-0.0249499274270499,1.70960906541918
"low_information",21,"legere","beta[2,1]",0.0613215700328949,1.02283759019731,-2.19792099653173,0.0248924641815463,2.34797062808423
"low_information",21,"legere","beta[3,1]",0.0807742596911252,0.941079776908289,-2.05232931938053,0.0232448876970074,2.13912398477295
"low_information",21,"legere","beta[4,1]",-0.0302247299071724,0.928521467651912,-2.07896504607488,-0.00817511107898306,2.05646674160211
"low_information",21,"legere","beta[1,2]",-0.00572861609775653,0.480033446127555,-1.0590372543938,-0.00340008645847998,1.09281010671637
"low_information",21,"legere","beta[2,2]",0.0316937654904381,0.496718618212018,-1.01397040177527,0.00665525153388373,1.15533939132258
"low_information",21,"legere","beta[3,2]",-0.00117441647555977,0.465913581814121,-0.980394231911554,0.0010736323661452,1.00090269843893
"low_information",21,"legere","beta[4,2]",-0.00132868798721929,0.473950272521947,-1.03653851994918,-0.000929108228864634,1.07735465223027
"low_information",21,"legere","beta[1,3]",0.134646552560094,0.963390525901716,-1.77711065291256,0.0510145755851918,2.37091460328605
"low_information",21,"legere","beta[2,3]",-0.00732099027848768,1.00871986625287,-2.16187817680509,-0.000562639500342633,2.15655509143614
"low_information",21,"legere","beta[3,3]",0.00237503993428613,1.01003048094867,-2.13673857412739,0.00125796098485454,2.12289928268893
"low_information",21,"legere","beta[4,3]",-0.145900282527685,0.918258089720722,-2.321693796391,-0.0462263485457019,1.85032290588043
"low_information",21,"legere","beta[1,4]",0.0246128559829883,0.500551479192301,-1.0205360040384,-0.000151611119269449,1.174583728372
"low_information",21,"legere","beta[2,4]",-0.0601657879351086,0.501546294088521,-1.25356464848533,-0.0162159327747433,0.925825949113252
"low_information",21,"legere","beta[3,4]",0.00740093616309464,0.474127845491265,-1.00249401228561,0.000329550777194237,1.01051969785445
"low_information",21,"legere","beta[4,4]",0.0159678599101099,0.485642670921153,-0.976227719417603,0.00614371400353685,1.06680338255164
"low_information",21,"legere","tau[1]",0.804823510756489,0.575387009805793,0.0389293262770256,0.700905592979153,2.16659607573278
"low_information",21,"legere","tau[2]",0.392775676443707,0.304328937171484,0.0121871353561202,0.325064578082632,1.11543437505729
"low_information",21,"legere","tau[3]",0.792729158576029,0.599948308281346,0.0356737595264142,0.666537073591995,2.22864452524931
"low_information",21,"legere","tau[4]",0.394869091314088,0.293656572192739,0.0128413669564468,0.337172367748027,1.08266145636191
"low_information",22,"legere","alpha[1]",-0.224159585072956,1.4270331801791,-2.86906730535997,-0.236203729546193,2.54911994181451
"low_information",22,"legere","alpha[2]",0.752560332142174,1.55961435201284,-2.52877734565839,0.811159211252237,3.73093376100889
"low_information",22,"legere","alpha[3]",-0.395524513630074,1.39015272130828,-3.17488212332814,-0.344359276169541,2.25906864886079
"low_information",22,"legere","alpha[4]",0.0368144366824458,1.47327937340877,-2.85133723139787,0.0302238910720654,2.83545406135856
"low_information",22,"legere","beta[1,1]",-0.00164805223180346,0.986627216001778,-2.00338251086114,0.00453771470839521,2.07848487055843
"low_information",22,"legere","beta[2,1]",-0.245480542446465,1.08204747341103,-2.89327440298879,-0.0827781228797521,1.68849306112119
"low_information",22,"legere","beta[3,1]",0.0277776766928616,0.966875336200398,-1.92471319644453,0.00264589522768004,1.96878678874247
"low_information",22,"legere","beta[4,1]",0.0729468046640829,1.11640386951752,-2.28516532193935,0.0210596196698929,2.55229111207897
"low_information",22,"legere","beta[1,2]",0.0261814952489952,0.523826740866937,-1.13504764593906,0.00465455318296539,1.16089467478381
"low_information",22,"legere","beta[2,2]",-0.0990807106025938,0.530886646763103,-1.43374987058221,-0.013600995366615,0.859419597588858
"low_information",22,"legere","beta[3,2]",-0.0451657343961665,0.539572761232234,-1.35274548552041,-0.00232548539209359,1.03881174856418
"low_information",22,"legere","beta[4,2]",0.0537505450304884,0.523661434934976,-1.04162876981255,0.0112107439137361,1.23499344367348
"low_information",22,"legere","beta[1,3]",-0.0316177134862007,0.970604780339644,-2.15072664201633,-0.00813782407027207,2.00897591372538
"low_information",22,"legere","beta[2,3]",0.00246199022676665,0.96148149122386,-2.16817680762392,-0.00525290915918815,2.11686097134297
"low_information",22,"legere","beta[3,3]",0.0199701773131487,0.975689115688543,-2.17956639479205,0.00197940514015422,2.08800769682705
"low_information",22,"legere","beta[4,3]",-0.0807817545771735,0.941684087339173,-2.27280583392615,-0.0197936425412408,1.81301870134687
"low_information",22,"legere","beta[1,4]",-0.00274601824162209,0.511412397455278,-1.07965904867487,4.75221531645769e-05,1.07774529316849
"low_information",22,"legere","beta[2,4]",-0.00446455411637433,0.480662758102872,-1.05748166664275,0.00391970926464885,1.04467571057526
"low_information",22,"legere","beta[3,4]",-0.0250962963962699,0.477996595902948,-1.14392484498838,-0.00629521407968062,0.977101094887548
"low_information",22,"legere","beta[4,4]",0.021992803779648,0.518869203170645,-1.01131380864727,0.0049338311318191,1.15325901672843
"low_information",22,"legere","tau[1]",0.816808511026177,0.612599462265438,0.0289809222764562,0.69869679929023,2.27447623641825
"low_information",22,"legere","tau[2]",0.408850217174175,0.312533719687945,0.0120704631628436,0.343199648347206,1.13556322728577
"low_information",22,"legere","tau[3]",0.778415236050441,0.577150713911155,0.0373106157098745,0.657415139364378,2.11323735939772
"low_information",22,"legere","tau[4]",0.402371341953516,0.298769146737409,0.0217967417780843,0.343317067046295,1.09556030849972
"low_information",23,"legere","alpha[1]",0.334758580524267,1.51523637162259,-2.60666084788251,0.332404700514565,3.27532003606907
"low_information",23,"legere","alpha[2]",-0.249327512772695,1.39715342988792,-2.96753656622744,-0.258838723731656,2.42543909306422
"low_information",23,"legere","alpha[3]",-0.149948641752961,1.44209455013034,-2.92524053032335,-0.153913189672963,2.71519530664597
"low_information",23,"legere","alpha[4]",-0.0340723146986894,1.52208783443309,-3.05277765419265,-0.0307721800463629,3.01614560599832
"low_information",23,"legere","beta[1,1]",0.15670431446665,1.06648545415475,-2.08179802763102,0.0491217691147615,2.72646548840544
"low_information",23,"legere","beta[2,1]",-0.202881774641916,0.925119139005285,-2.4170652870127,-0.062116660548037,1.62738758401385
"low_information",23,"legere","beta[3,1]",-0.0446887099737526,1.0091512925464,-2.28738171058909,-0.0102216658835109,2.03936346116376
"low_information",23,"legere","beta[4,1]",-0.0458784074065137,1.03955679909968,-2.36099792600863,-0.000176012206973124,2.1505146547065
"low_information",23,"legere","beta[1,2]",0.0102075818608994,0.518275263196637,-1.06551809317086,0.00420712079082934,1.16008802134479
"low_information",23,"legere","beta[2,2]",-0.0285073224552712,0.491083775551647,-1.14370401451643,-0.00298317318549659,0.974254748974002
"low_information",23,"legere","beta[3,2]",-0.019728076276856,0.490157842152509,-1.22539273152233,-0.000252274423572977,1.02402529867595
"low_information",23,"legere","beta[4,2]",-0.00990025283061588,0.497322433899768,-1.09576775623896,-5.24878136120112e-05,1.00709548801501
"low_information",23,"legere","beta[1,3]",-0.151612109708214,1.06772645611555,-2.63359864742445,-0.0331049850377186,1.84475007261721
"low_information",23,"legere","beta[2,3]",0.248589566727124,1.03619651736328,-1.51829912660878,0.0588432071820724,2.80606505751883
"low_information",23,"legere","beta[3,3]",0.0814837297888991,1.00852761270141,-2.09481286702894,0.0287048334806794,2.21464881100928
"low_information",23,"legere","beta[4,3]",0.0346985159357163,1.03563019868666,-2.13277415171388,0.00667490461429627,2.2282319366081
"low_information",23,"legere","beta[1,4]",-0.0459942312428169,0.525360050918952,-1.32191070695257,-0.00235571171849998,0.935248039659065
"low_information",23,"legere","beta[2,4]",0.0366603426818561,0.499014712562359,-1.02022918761932,0.00442951744535573,1.15752785324327
"low_information",23,"legere","beta[3,4]",0.0131551806193878,0.523462580662773,-1.09446947093763,-0.000125279030293617,1.17946276198598
"low_information",23,"legere","beta[4,4]",0.0403542958076917,0.493432668990424,-0.993269411817901,0.00683474146473155,1.22041570203725
"low_information",23,"legere","tau[1]",0.831592842585701,0.61964597505154,0.0303123791207388,0.713010473017026,2.27477345254864
"low_information",23,"legere","tau[2]",0.392212160868141,0.313486797103105,0.0103567929136549,0.325571494761799,1.17720728204726
"low_information",23,"legere","tau[3]",0.800942112719462,0.605493350486398,0.0323650307192463,0.67408988483956,2.27291832519478
"low_information",23,"legere","tau[4]",0.40871496467706,0.310202331866906,0.0170948525326198,0.339054137243517,1.15500873957793
"low_information",24,"legere","alpha[1]",0.111518574505937,1.54602261360455,-3.01391244573536,0.0944099253970579,3.08505091972275
"low_information",24,"legere","alpha[2]",0.413536916405215,1.51452178102266,-2.61145243761917,0.44847632371098,3.37474767633507
"low_information",24,"legere","alpha[3]",0.0916978019070583,1.54616596456732,-3.11723482555503,0.11984632609104,3.00984327428152
"low_information",24,"legere","alpha[4]",-0.344930396443544,1.46639041544065,-3.18644070704816,-0.334428795237206,2.43291998316414
"low_information",24,"legere","beta[1,1]",-0.0384093459310576,0.99232999753087,-2.30703171858994,-0.0111790270728636,1.98947834569187
"low_information",24,"legere","beta[2,1]",0.163019735683962,1.03997685981374,-1.94786375513405,0.0419307936374619,2.57531331236815
"low_information",24,"legere","beta[3,1]",-0.0577042005472279,1.02309880513314,-2.45093483689057,-0.0129914651078192,2.23803374969861
"low_information",24,"legere","beta[4,1]",-0.0138939020629841,0.926311918270877,-2.05241424772067,-0.0085021785630035,2.02205458020955
"low_information",24,"legere","beta[1,2]",0.00820880885885113,0.493753502645397,-1.02224181278428,0.00164662865614755,1.14143146510944
"low_information",24,"legere","beta[2,2]",-0.0026918229124474,0.487943424911067,-1.03249359580904,-0.00079873629908133,0.998138726393138
"low_information",24,"legere","beta[3,2]",-0.00902245203809695,0.525720779494282,-1.14520437131781,0.000252499139744693,1.12308415924333
"low_information",24,"legere","beta[4,2]",-0.0193728845587859,0.496302319960253,-1.16788801251211,-0.003601850931344,1.04464810687167
"low_information",24,"legere","beta[1,3]",-0.0110501712414746,0.976452742520138,-2.15095794300029,0.00139528659769612,2.11689734204056
"low_information",24,"legere","beta[2,3]",0.0767190467492663,1.01285051886347,-2.05136788496277,0.0234101693280608,2.42561757208044
"low_information",24,"legere","beta[3,3]",-0.0490258978082131,0.984651819558503,-2.26428749873316,-0.00311238535758651,1.84511782869754
"low_information",24,"legere","beta[4,3]",-0.0331709870730353,0.96687873642364,-2.23338870677898,-0.00630444708172665,1.99783123019889
"low_information",24,"legere","beta[1,4]",0.0082638691918919,0.51769359100964,-1.12334890764662,0.000703767284336204,1.14473585831207
"low_information",24,"legere","beta[2,4]",-0.0339504338403995,0.511758319816862,-1.18834539982221,-0.00162622809528217,1.03919163372945
"low_information",24,"legere","beta[3,4]",0.00576155608430214,0.487538312138403,-0.99856766520244,-0.000683972516925196,1.10054020638645
"low_information",24,"legere","beta[4,4]",-0.0258736488465868,0.502772806506682,-1.21307071605942,-0.0024485907440182,1.04190196688136
"low_information",24,"legere","tau[1]",0.776224417014566,0.598269532778541,0.0195797862750282,0.654825929639677,2.20213193493194
"low_information",24,"legere","tau[2]",0.395597404221704,0.29928426928354,0.0154156486388157,0.336825739220493,1.07277457390157
"low_information",24,"legere","tau[3]",0.782001921331994,0.613613952766737,0.0209626335676384,0.648147822194789,2.26591636987057
"low_information",24,"legere","tau[4]",0.406762058788613,0.313906691837509,0.0124958191032862,0.338930014286429,1.14791468308276
"low_information",25,"legere","alpha[1]",-0.128643764990406,1.56689139201525,-3.17434721105012,-0.165485134303541,2.90169539752564
"low_information",25,"legere","alpha[2]",0.312444042368899,1.57140928060041,-2.85462356038997,0.312110459990321,3.34773390838374
"low_information",25,"legere","alpha[3]",0.0375290505648997,1.51136871648003,-2.87264310444477,0.0371475962950013,2.97565715079194
"low_information",25,"legere","alpha[4]",-0.0690646730404213,1.49738813064412,-3.0166356173885,-0.0720606816324529,2.8681493199375
"low_information",25,"legere","beta[1,1]",-0.0386123528817299,0.950691897024937,-2.26295384606663,-0.00410146493333107,1.98647687437575
"low_information",25,"legere","beta[2,1]",0.161798331761998,1.07149211066786,-1.78318138950667,0.0326185121492034,2.66278234001015
"low_information",25,"legere","beta[3,1]",-0.0142506149185108,0.950234195120222,-2.0965623481656,0.00117235244126039,2.00373779882282
"low_information",25,"legere","beta[4,1]",-0.0466756940152387,0.941774317663865,-2.16230733931371,-0.00143260418083136,1.99927778196722
"low_information",25,"legere","beta[1,2]",0.0164038221153251,0.503901551854589,-1.06273845383269,0.0100794190121066,1.08228571474724
"low_information",25,"legere","beta[2,2]",0.00884427092411359,0.505465322821283,-1.0161529792485,0.00221038813405086,1.13525455971003
"low_information",25,"legere","beta[3,2]",0.00811220732664934,0.495547576201883,-1.04685385275015,0.00281931463178199,1.11467749773258
"low_information",25,"legere","beta[4,2]",-0.0188947842808145,0.479691436079274,-1.02876433317168,-0.00530841869298613,1.0492157738274
"low_information",25,"legere","beta[1,3]",0.103285255750332,0.937693442596268,-1.78574431034365,0.0382880682229055,2.36557770311177
"low_information",25,"legere","beta[2,3]",-0.249086970094402,1.00786954676455,-2.75830527473288,-0.0688722427145901,1.54300663666813
"low_information",25,"legere","beta[3,3]",0.0346116118107532,1.01286226663339,-1.95500782741557,0.00279530900433898,2.33076338612586
"low_information",25,"legere","beta[4,3]",-0.0218996132534206,1.05879120937662,-2.33106127512636,-0.012902121907273,2.25452372840293
"low_information",25,"legere","beta[1,4]",0.0325875073748354,0.512087998171609,-0.954741102301221,0.00471599710439553,1.29315319059279
"low_information",25,"legere","beta[2,4]",-0.00483003933746214,0.487723157260002,-1.0622027013082,-0.00248526515302523,1.07503089404605
"low_information",25,"legere","beta[3,4]",0.00674211476637281,0.503868758930658,-1.11937725279027,0.00144144295290423,1.14037082251566
"low_information",25,"legere","beta[4,4]",-0.0198087705774002,0.539478834061873,-1.16570667627288,4.11827334527187e-05,1.03980798434456
"low_information",25,"legere","tau[1]",0.795097904121517,0.588728642788375,0.0380532794629755,0.672044853090501,2.19577734416234
"low_information",25,"legere","tau[2]",0.396985004078479,0.300859335041925,0.0203480361476854,0.332925394978866,1.11419621082824
"low_information",25,"legere","tau[3]",0.813627123334559,0.601004288162674,0.0462258616333313,0.687482229851241,2.27588807597814
"low_information",25,"legere","tau[4]",0.394360141793374,0.300765586543741,0.0103122105089584,0.337231050284209,1.11472520718508
"low_information",26,"legere","alpha[1]",-0.0166935300790493,1.55234492101902,-3.0633085203196,-0.00527529434099531,3.02916704206786
"low_information",26,"legere","alpha[2]",-0.23797636872706,1.43723901961796,-3.15664135458456,-0.234305560550106,2.49521722925637
"low_information",26,"legere","alpha[3]",0.310229140119671,1.52553037106694,-2.51998413780948,0.288444401460471,3.19001661633792
"low_information",26,"legere","alpha[4]",0.0495018295718183,1.55054260194515,-3.02648506512817,0.0491845675914783,2.99069856336182
"low_information",26,"legere","beta[1,1]",-0.0486871986703315,1.00838966353365,-2.32918463940798,-0.0137730899757273,2.20633854026654
"low_information",26,"legere","beta[2,1]",0.046609057173947,0.957341076870262,-2.0047164170737,0.00747577267563013,2.13733716734798
"low_information",26,"legere","beta[3,1]",0.00278453686831088,0.955313752073295,-2.11634382831044,-0.00167931817757234,2.16495371371248
"low_information",26,"legere","beta[4,1]",0.0712895396213376,0.97426967079534,-1.95366568506451,0.00288920121989198,2.41911913493625
"low_information",26,"legere","beta[1,2]",-0.0212088237095311,0.466654186775962,-1.01534464701458,-0.00518126722944179,0.98057488329874
"low_information",26,"legere","beta[2,2]",-0.0072613536212424,0.508542726731095,-1.02258243107381,-0.00588701946205157,1.11670344091053
"low_information",26,"legere","beta[3,2]",0.0187701898093352,0.494347012634495,-1.02815290096186,0.00314670883722219,1.11463092807104
"low_information",26,"legere","beta[4,2]",-0.0108812102140746,0.483687504832951,-1.02875114208909,-0.0072868615865989,1.03117261476785
"low_information",26,"legere","beta[1,3]",-0.0399972741152343,1.01562947166438,-2.40598457238367,-0.00316354849254838,2.13226231066991
"low_information",26,"legere","beta[2,3]",-0.0617681865177053,0.982175864757161,-2.27751853546797,-0.0225981105310605,1.94309030957996
"low_information",26,"legere","beta[3,3]",-0.0725263264328719,1.09678015210256,-2.59882155032969,-0.0137888482341141,2.18519986249922
"low_information",26,"legere","beta[4,3]",0.0612653323080241,1.01045854589463,-2.03828833196755,0.0140408091476242,2.33776048386289
"low_information",26,"legere","beta[1,4]",0.0080188400941708,0.494339135114678,-1.11615490521007,-0.00357155441270128,1.1625512970233
"low_information",26,"legere","beta[2,4]",-0.0025506094602028,0.506054373018985,-1.12910780756262,0.00729066391054771,0.951871851978544
"low_information",26,"legere","beta[3,4]",-0.00419376939496806,0.50910203569807,-1.04158117377091,-0.0081411543420346,1.13767602731409
"low_information",26,"legere","beta[4,4]",-0.0266611507409821,0.495978274448687,-1.13540132701478,-0.00423772498233377,0.978127570715368
"low_information",26,"legere","tau[1]",0.797545338250834,0.589508477506797,0.0340050235646261,0.677950155974583,2.14350687496175
"low_information",26,"legere","tau[2]",0.399647176950632,0.283459957174141,0.0218054176072873,0.3511121955714,1.05768965755777
"low_information",26,"legere","tau[3]",0.800905610021287,0.601783191705537,0.0330553134807754,0.686705051725329,2.21790286007635
"low_information",26,"legere","tau[4]",0.396886881600951,0.29930777454088,0.0194893082224827,0.32896009319532,1.10337550521537
"low_information",27,"legere","alpha[1]",-0.0300800301975428,1.47412109752093,-2.80186933370397,-0.0317784284388615,2.76522865582866
"low_information",27,"legere","alpha[2]",0.175451173377881,1.49787203500964,-2.75994278958417,0.176875423832295,3.15782721894503
"low_information",27,"legere","alpha[3]",0.207776110549942,1.56938851181832,-2.91814146371372,0.188719738127039,3.28032569211283
"low_information",27,"legere","alpha[4]",-0.102710696656289,1.5340841981672,-3.1955655864892,-0.101239109647719,2.77893711776654
"low_information",27,"legere","beta[1,1]",-0.0525877808213714,0.954329742222398,-2.34185667501332,-0.0131677956042429,1.96401658962388
"low_information",27,"legere","beta[2,1]",0.0623515538933581,1.02352185720669,-2.18472827203348,0.0142439303974813,2.33212988820529
"low_information",27,"legere","beta[3,1]",0.0535624110986056,0.999634584240859,-2.15682893699964,0.00600050096768302,2.35225272323185
"low_information",27,"legere","beta[4,1]",-0.00523228042416973,0.963956597349488,-2.1875287360607,0.00347842858479543,2.04415185385315
"low_information",27,"legere","beta[1,2]",0.00685842120889532,0.529968698404777,-1.10300933766496,0.000543780207883974,1.1453235661176
"low_information",27,"legere","beta[2,2]",0.0137955725314137,0.525508248358438,-1.06982497186046,0.0011399254839896,1.2532384795231
"low_information",27,"legere","beta[3,2]",0.012385071887936,0.487896413057859,-1.03841833153444,0.00220864037506935,1.04313977040177
"low_information",27,"legere","beta[4,2]",-0.0336574815655015,0.467101839030618,-1.04613096229515,-0.0057546890686126,0.873386042238531
"low_information",27,"legere","beta[1,3]",0.114478280725799,0.980835372400054,-1.85664210283928,0.0519425562101539,2.3141610144591
"low_information",27,"legere","beta[2,3]",-0.0170832321689802,0.947926482962973,-2.13823480955221,-0.00432719532688896,1.91695169870679
"low_information",27,"legere","beta[3,3]",-0.0502269545798489,1.00715131660365,-2.24452628364057,-0.0182949015318278,2.09091216313354
"low_information",27,"legere","beta[4,3]",-0.0631551414459666,0.955006615454403,-2.42999965641787,-0.0166041060940687,1.93283214055527
"low_information",27,"legere","beta[1,4]",0.0259465179983285,0.506680944450247,-0.986177023223713,0.00409845140033572,1.17499364822576
"low_information",27,"legere","beta[2,4]",0.0181027881199163,0.536767535917565,-1.10670022250959,0.00114866634924122,1.23676255060657
"low_information",27,"legere","beta[3,4]",0.00358067276092477,0.466840794825084,-0.999882054875435,0.000152317963594512,1.00420498604509
"low_information",27,"legere","beta[4,4]",-0.0190497740523613,0.509269780719057,-1.11327023718107,-0.00416381130729199,1.0430573787647
"low_information",27,"legere","tau[1]",0.790024375630336,0.622027062947431,0.0252405352477161,0.649323099059459,2.26764039179397
"low_information",27,"legere","tau[2]",0.398155423987651,0.308454026234262,0.0129381344492768,0.332229734112901,1.17890782882772
"low_information",27,"legere","tau[3]",0.777069330006534,0.602283390824813,0.0276655429257907,0.634065555252631,2.21646484629784
"low_information",27,"legere","tau[4]",0.404409862961459,0.304489409329555,0.0140765598801518,0.341128311520507,1.14113353182232
"low_information",28,"legere","alpha[1]",-0.193220776394906,1.50532950716115,-3.2171159397721,-0.174396212051612,2.72514214706569
"low_information",28,"legere","alpha[2]",-0.0217130553045311,1.46468670938327,-2.92694495566614,0.00549233975907491,2.8391358287053
"low_information",28,"legere","alpha[3]",0.0716504981338207,1.43747255327166,-2.64393584682031,0.0720188706532427,2.94517257989079
"low_information",28,"legere","alpha[4]",0.146292465724453,1.53631614746038,-2.76853203370954,0.113209337545245,3.09923752726982
"low_information",28,"legere","beta[1,1]",-0.0461918311361386,0.999275249577822,-2.22570701720899,-0.00726872528337849,2.05654010202645
"low_information",28,"legere","beta[2,1]",0.0654104766750952,0.967421760197867,-2.05112808023582,0.0183362541545116,2.30410553186203
"low_information",28,"legere","beta[3,1]",-0.022512273007121,1.06223635554582,-2.38700916096548,-0.0170911120594699,2.18473363848234
"low_information",28,"legere","beta[4,1]",0.0562881787667642,1.02565022249,-2.13382551362925,0.00852091566111878,2.45379045437067
"low_information",28,"legere","beta[1,2]",0.00337882268812354,0.492148892389919,-1.02066079653396,-0.00281042141870998,1.08726884688224
"low_information",28,"legere","beta[2,2]",0.00220728401797547,0.489564158221748,-1.04922952939554,-0.00104697960579047,1.05606947624358
"low_information",28,"legere","beta[3,2]",0.0492284792303979,0.494357609388937,-0.958660914618943,0.0159904692657973,1.12440509676222
"low_information",28,"legere","beta[4,2]",0.000385810537165783,0.497236441866729,-1.01617997960566,-0.00224468527780964,1.02037078225903
"low_information",28,"legere","beta[1,3]",0.0510457706583884,0.9575058014686,-2.0556649726335,0.00982745704362327,2.16595772743756
"low_information",28,"legere","beta[2,3]",-0.163601727432434,1.06639931593324,-2.84165694813612,-0.0391299759719495,1.97486339735419
"low_information",28,"legere","beta[3,3]",0.0509386403893582,1.02705711918254,-2.22497702598284,0.0179621294871499,2.31876414396956
"low_information",28,"legere","beta[4,3]",-0.0301958153988218,1.02622877071211,-2.38777824862453,-0.00145121171687867,2.21084249099668
"low_information",28,"legere","beta[1,4]",0.0214793043130052,0.497101648450788,-0.946130880124614,-5.68859945392311e-05,1.23922163148929
"low_information",28,"legere","beta[2,4]",-0.00306015769572553,0.482985998279261,-1.06860964043392,0.000175142525830346,1.03889494197447
"low_information",28,"legere","beta[3,4]",-0.00673846928055284,0.505697806668267,-1.06581117047979,-0.000876205860907431,1.07309298849348
"low_information",28,"legere","beta[4,4]",0.000786986475553858,0.518651577984809,-1.10959610479807,-0.00376278330165631,1.15277185934092
"low_information",28,"legere","tau[1]",0.800948109358512,0.605964283823847,0.0310285547769491,0.66802795785155,2.33136775104129
"low_information",28,"legere","tau[2]",0.39967786992509,0.289885795753862,0.0214029696026676,0.33585292316624,1.09507933746516
"low_information",28,"legere","tau[3]",0.806064382394552,0.604553981143455,0.03143181358254,0.66757729991994,2.22556877939536
"low_information",28,"legere","tau[4]",0.403967278057358,0.299828191012432,0.0140319221002108,0.350872061769388,1.11964875289366
"low_information",29,"legere","alpha[1]",0.0940505459395844,1.47820950562574,-2.75735156322728,0.121842921639518,2.90881808501392
"low_information",29,"legere","alpha[2]",-0.0967714595441038,1.38581232302227,-2.89681858096181,-0.0939932181510503,2.50651002998494
"low_information",29,"legere","alpha[3]",0.0409277823729499,1.54840761130526,-3.08838539736565,0.0624740460204097,3.15298923857887
"low_information",29,"legere","alpha[4]",-0.00892770249359801,1.48804774693124,-2.96479362043256,-0.00891901171206026,3.02583936817209
"low_information",29,"legere","beta[1,1]",-0.0529660493003995,1.0193951129701,-2.34888449843871,-0.0067553412518752,2.11817052301311
"low_information",29,"legere","beta[2,1]",0.0665129774739987,0.960678767819853,-2.00627349057736,0.0151634818881619,2.22682876708518
"low_information",29,"legere","beta[3,1]",0.015608183388825,1.03338875960275,-2.22321898243815,5.53620788372588e-05,2.38863901161807
"low_information",29,"legere","beta[4,1]",0.0434887644986724,0.996767897415086,-2.22954669379451,0.00693298683990168,2.42617478104395
"low_information",29,"legere","beta[1,2]",-0.0486236399341397,0.485709985987615,-1.13067276142898,-0.00920337961326649,0.951081697926645
"low_information",29,"legere","beta[2,2]",0.0629418163988501,0.483494206242299,-0.874779298167263,0.0119081386139472,1.28417313413477
"low_information",29,"legere","beta[3,2]",-0.0276210624159516,0.520250474034052,-1.09454652809561,-0.00631874867127427,1.00026706160648
"low_information",29,"legere","beta[4,2]",0.00720356802492206,0.509147203123778,-1.03595903338429,0.00268495130603215,1.13141952790372
"low_information",29,"legere","beta[1,3]",0.0615764805804687,1.02190672788191,-2.20280344149247,0.0170306248829683,2.37004518531809
"low_information",29,"legere","beta[2,3]",0.0381750823353061,0.909383131649272,-1.90503948681735,0.0121405581210317,2.02776322319433
"low_information",29,"legere","beta[3,3]",-0.0687805770059615,1.03417189816685,-2.41338895290729,-0.0190880341300272,2.02318685663329
"low_information",29,"legere","beta[4,3]",-0.0741270918109275,0.927082997483574,-2.22483641779441,-0.0176285133172432,1.92587407591114
"low_information",29,"legere","beta[1,4]",-0.000912968039970876,0.52714992411019,-1.14095303470318,0.000256463366850772,1.19273282712434
"low_information",29,"legere","beta[2,4]",-0.0205798272450515,0.498069006001259,-1.15658903536315,-0.00333757483936799,0.977444757437228
"low_information",29,"legere","beta[3,4]",0.0093481324396512,0.490562429964488,-1.12020671328395,0.000286191342755608,1.03873988644307
"low_information",29,"legere","beta[4,4]",-0.020880084120372,0.474875895167116,-1.03595220636806,-0.00870006802902813,0.975233823232092
"low_information",29,"legere","tau[1]",0.76611864490821,0.611170943649007,0.032168006264579,0.619107276051672,2.30998569020833
"low_information",29,"legere","tau[2]",0.40004817571917,0.298599232863263,0.0122941384762913,0.344663197160322,1.11048783295624
"low_information",29,"legere","tau[3]",0.791680391379007,0.581171847086507,0.0313213496550933,0.699490133678092,2.1742704731981
"low_information",29,"legere","tau[4]",0.395866168185072,0.306914636248811,0.0143719142449262,0.333394572978347,1.14962632653139
"low_information",30,"legere","alpha[1]",0.00225771620116254,1.45487229432445,-2.79697031464056,-0.0371087293504049,2.78221612850404
"low_information",30,"legere","alpha[2]",-0.00156297303662441,1.50467354606266,-2.97676139748994,-0.00064330009979785,2.86535906654467
"low_information",30,"legere","alpha[3]",-0.1717007276146,1.43932262933708,-3.06293424968737,-0.215467240909058,2.7637867368205
"low_information",30,"legere","alpha[4]",-0.0974350878909126,1.45996333421932,-2.96197119588108,-0.0860313534605397,2.7937831114789
"low_information",30,"legere","beta[1,1]",0.0761755945399161,1.04177993332895,-2.06691266381345,0.0213565206718489,2.30198017716253
"low_information",30,"legere","beta[2,1]",-0.195330402399505,1.01255144929945,-2.7080879451931,-0.0490284404260855,1.66429604087514
"low_information",30,"legere","beta[3,1]",0.0303395492935024,1.02516994865667,-2.14179784984033,0.000846692063565012,2.39606681744901
"low_information",30,"legere","beta[4,1]",-0.0416762091203737,1.00762535631788,-2.47423275693361,-0.0234870228268588,1.98826487629081
"low_information",30,"legere","beta[1,2]",0.0192128809124302,0.511697482687147,-1.05258048044089,0.00481347468540699,1.13005034889961
"low_information",30,"legere","beta[2,2]",-0.035804557443882,0.526373046877432,-1.20120352998243,-0.00175841168500903,1.01597360505924
"low_information",30,"legere","beta[3,2]",-0.00298602900830314,0.520004260459925,-1.12724045564637,0.00225082207724745,1.05198737961682
"low_information",30,"legere","beta[4,2]",0.0181431161574602,0.505354266161528,-0.957018720198406,-0.000177031312212382,1.21713792026928
"low_information",30,"legere","beta[1,3]",-0.0586132840041997,1.04525273130038,-2.28893713463573,-0.0115360821850472,2.11660245333736
"low_information",30,"legere","beta[2,3]",0.147463273947054,1.04533635555408,-1.89994536045654,0.0230973667672576,2.5371964991988
"low_information",30,"legere","beta[3,3]",-0.0233389344663708,1.02808572706587,-2.26849685683223,-0.0100273626693128,2.3229993098055
"low_information",30,"legere","beta[4,3]",-0.0100833448360016,0.951831298874406,-2.14065145775398,-0.00138498954802256,2.03878253664883
"low_information",30,"legere","beta[1,4]",-0.000960752549369255,0.503950347200791,-1.0421020866783,-0.00509158435303367,1.14246598949331
"low_information",30,"legere","beta[2,4]",0.0384026186404038,0.516955144164859,-1.08843159360455,0.0118521796991519,1.20227649768899
"low_information",30,"legere","beta[3,4]",-0.0200967843584776,0.508675300415682,-1.17093112791883,-0.00303334576940241,1.03934589960394
"low_information",30,"legere","beta[4,4]",-0.0125573824627145,0.497910915759049,-1.10944690207535,-0.00386984141991207,1.04165210812021
"low_information",30,"legere","tau[1]",0.811885633949408,0.596636087874181,0.0323455295330895,0.688854206346975,2.28708827330605
"low_information",30,"legere","tau[2]",0.394839328005133,0.303919234750914,0.0111976109918426,0.328436869567829,1.12614215480916
"low_information",30,"legere","tau[3]",0.791602349004341,0.577021429796531,0.0366185882812392,0.680851786272198,2.12221354644912
"low_information",30,"legere","tau[4]",0.407931912934745,0.297174232178787,0.0212662233387811,0.345333925800259,1.1064845316466
